Source_Data_Row,Compound_Name,Smiles,Canonical_SMILES,Experimental_logKp_cm_s,Predicted_logKp_CatBoost,Prediction_Error_CatBoost,Absolute_Error_CatBoost
1,Butyl 4-hydroxybenzoat,CCCCOC(=O)c1ccc(cc1)O,CCCCOC(=O)c1ccc(O)cc1,-4.53800000,-4.92863168,-0.39063168,0.39063168
2,Caffeine,Cn1cnc2c1c(=O)n(C)c(=O)n2C,Cn1c(=O)c2c(ncn2C)n(C)c1=O,-7.05300000,-6.93419113,0.11880887,0.11880887
3,Methyl 4-hydroxybenzoate,COC(=O)c1ccc(cc1)O,COC(=O)c1ccc(O)cc1,-5.23000000,-5.36609466,-0.13609466,0.13609466
4,Fluocinonide,CC(=O)OCC(=O)[C@@]12OC(O[C@@H]1C[C@@H]1[C@]2(C)C[C@H](O)[C@]2([C@H]1C[C@@H](C1=CC(=O)C=C[C@]21C)F)F)(C)C,CC(=O)OCC(=O)[C@@]12OC(C)(C)O[C@@H]1C[C@H]1[C@@H]3C[C@H](F)C4=CC(=O)C=C[C@]4(C)[C@@]3(F)[C@@H](O)C[C@@]12C,-6.32600000,-6.68632323,-0.36032323,0.36032323
5,Fluocinonide,CC(=O)OCC(=O)[C@@]12OC(O[C@@H]1C[C@@H]1[C@]2(C)C[C@H](O)[C@]2([C@H]1C[C@@H](C1=CC(=O)C=C[C@]21C)F)F)(C)C,CC(=O)OCC(=O)[C@@]12OC(C)(C)O[C@@H]1C[C@H]1[C@@H]3C[C@H](F)C4=CC(=O)C=C[C@]4(C)[C@@]3(F)[C@@H](O)C[C@@]12C,-6.32600000,-6.68632323,-0.36032323,0.36032323
6,Hydrocortisone 21-Hemisuccinate,OC(=O)CCC(=O)OCC(=O)[C@@]1(O)CC[C@@H]2[C@]1(C)C[C@H](O)[C@H]1[C@H]2CCC2=CC(=O)CC[C@]12C,C[C@]12CCC(=O)C=C1CC[C@@H]1[C@@H]2[C@@H](O)C[C@@]2(C)[C@H]1CC[C@]2(O)C(=O)COC(=O)CCC(=O)O,-6.75700000,-6.80245062,-0.04545062,0.04545062
7,Hydrocortisone 21-Hemipimelate,OC(=O)CCCCCC(=O)OCC(=O)[C@@]1(O)CC[C@@H]2[C@]1(C)C[C@H](O)[C@H]1[C@H]2CCC2=CC(=O)CC[C@]12C,C[C@]12CCC(=O)C=C1CC[C@@H]1[C@@H]2[C@@H](O)C[C@@]2(C)[C@H]1CC[C@]2(O)C(=O)COC(=O)CCCCCC(=O)O,-6.30100000,-6.36367270,-0.06267270,0.06267270
9,Hydrocortisone 21-(6-hydroxyhexanoate),OCCCCCC(=O)OCC(=O)[C@@]1(O)CC[C@@H]2[C@]1(C)C[C@H](O)[C@H]1[C@H]2CCC2=CC(=O)CC[C@]12C,C[C@]12CCC(=O)C=C1CC[C@@H]1[C@@H]2[C@@H](O)C[C@@]2(C)[C@H]1CC[C@]2(O)C(=O)COC(=O)CCCCCO,-6.59700000,-6.50969560,0.08730440,0.08730440
10,Hydrocortisone 21-methylpimelate,COC(=O)CCCCCC(=O)OCC(=O)[C@@]1(O)CC[C@@H]2[C@]1(C)C[C@H](O)[C@H]1[C@H]2CCC2=CC(=O)CC[C@]12C,COC(=O)CCCCCC(=O)OCC(=O)[C@@]1(O)CC[C@H]2[C@@H]3CCC4=CC(=O)CC[C@]4(C)[C@H]3[C@@H](O)C[C@@]21C,-5.82400000,-6.31907245,-0.49507245,0.49507245
14,Hydrocortisone 21-pimelamate,NC(=O)CCCCCC(=O)OCC(=O)[C@@]1(O)CC[C@@H]2[C@]1(C)C[C@H](O)[C@H]1[C@H]2CCC2=CC(=O)CC[C@]12C,C[C@]12CCC(=O)C=C1CC[C@@H]1[C@@H]2[C@@H](O)C[C@@]2(C)[C@H]1CC[C@]2(O)C(=O)COC(=O)CCCCCC(N)=O,-6.60700000,-6.61850746,-0.01150746,0.01150746
15,Hydrocortisone 21-propionate,CCC(=O)OCC(=O)[C@@]1(O)CC[C@@H]2[C@]1(C)C[C@H](O)[C@H]1[C@H]2CCC2=CC(=O)CC[C@]12C,CCC(=O)OCC(=O)[C@@]1(O)CC[C@H]2[C@@H]3CCC4=CC(=O)CC[C@]4(C)[C@H]3[C@@H](O)C[C@@]21C,-6.03800000,-6.25974450,-0.22174450,0.22174450
16,Hydrocortisone 21-propionate,CCC(=O)OCC(=O)[C@@]1(O)CC[C@@H]2[C@]1(C)C[C@H](O)[C@H]1[C@H]2CCC2=CC(=O)CC[C@]12C,CCC(=O)OCC(=O)[C@@]1(O)CC[C@H]2[C@@H]3CCC4=CC(=O)CC[C@]4(C)[C@H]3[C@@H](O)C[C@@]21C,-6.02500000,-6.25974450,-0.23474450,0.23474450
20,4-Hydroxybenzyl alcohol,OCc1ccc(cc1)O,OCc1ccc(O)cc1,-6.25500000,-6.42158074,-0.16658074,0.16658074
21,4-Hydroxyphenylacetamide,NC(=O)Cc1ccc(cc1)O,NC(=O)Cc1ccc(O)cc1,-6.90300000,-6.62401684,0.27898316,0.27898316
22,4-Hydroxyphenylacetic acid,OC(=O)Cc1ccc(cc1)O,O=C(O)Cc1ccc(O)cc1,-6.15800000,-6.42957358,-0.27157358,0.27157358
23,Methyl 4-hydroxyphenylacetate,COC(=O)Cc1ccc(cc1)O,COC(=O)Cc1ccc(O)cc1,-5.25500000,-5.38012354,-0.12512354,0.12512354
25,Toluene,Cc1ccccc1,Cc1ccccc1,-3.63700000,-3.92359598,-0.28659598,0.28659598
26,Water,O,O,-6.43800000,-6.25437021,0.18362979,0.18362979
27,Water,O,O,-6.60600000,-6.25437021,0.35162979,0.35162979
28,Water,O,O,-6.32300000,-6.25437021,0.06862979,0.06862979
29,Water,O,O,-6.50200000,-6.25437021,0.24762979,0.24762979
33,Bis(2-ethylhexyl)phthalate,CCCCC(COC(=O)c1ccccc1C(=O)OCC(CCCC)CC)CC,CCCCC(CC)COC(=O)c1ccccc1C(=O)OCC(CC)CCCC,-6.97900000,-7.44987454,-0.47087454,0.47087454
38,Ethanol,CCO,CCO,-7.07900000,-6.50885667,0.57014333,0.57014333
39,1-Octanol,CCCCCCCCO,CCCCCCCCO,-4.84000000,-4.80868285,0.03131715,0.03131715
40,1-Pentanol,CCCCCO,CCCCCO,-5.77800000,-5.54264114,0.23535886,0.23535886
41,1-Propanol,CCCO,CCCO,-6.55600000,-6.36997471,0.18602529,0.18602529
42,"2,3-Butanediol",CC(C(O)C)O,CC(O)C(C)O,-7.85700000,-7.37319575,0.48380425,0.48380425
43,1-Butanol,CCCCO,CCCCO,-6.07900000,-6.07269306,0.00630694,0.00630694
44,Butan-2-one,CCC(=O)C,CCC(C)=O,-5.90300000,-6.37304156,-0.47004156,0.47004156
46,Diethyl ether,CCOCC,CCOCC,-5.35200000,-5.64518525,-0.29318525,0.29318525
47,Benzene,c1ccccc1,c1ccccc1,-4.51100000,-4.44930143,0.06169857,0.06169857
49,2-Nitro-p-Phenylenediamine,Nc1ccc(c(c1)[N+](=O)[O-])N,Nc1ccc(N)c([N+](=O)[O-])c1,-6.85700000,-6.48637113,0.37062887,0.37062887
50,4-Amino-2-Nitrophenol,Nc1ccc(c(c1)[N+](=O)[O-])O,Nc1ccc(O)c([N+](=O)[O-])c1,-7.62200000,-7.16659053,0.45540947,0.45540947
51,4-Chloro-m-Phenylenediamine,Nc1ccc(c(c1)N)Cl,Nc1ccc(Cl)c(N)c1,-6.23400000,-6.48006059,-0.24606059,0.24606059
52,o-Phenylenediamine,Nc1ccccc1N,Nc1ccccc1N,-6.90300000,-6.96406265,-0.06106265,0.06106265
53,p-Phenylenediamine,Nc1ccc(cc1)N,Nc1ccc(N)cc1,-7.17600000,-7.04551542,0.13048458,0.13048458
54,"2,4-Dichlorophenol",Clc1ccc(c(c1)Cl)O,Oc1ccc(Cl)cc1Cl,-5.06500000,-4.82964941,0.23535059,0.23535059
55,Acetic acid,CC(=O)O,CC(=O)O,-6.07900000,-6.39748812,-0.31848812,0.31848812
56,Benzoic acid,OC(=O)c1ccccc1,O=C(O)c1ccccc1,-5.67500000,-5.52672044,0.14827956,0.14827956
57,Bis(2-ethylhexyl)phthalate,CCCCC(COC(=O)c1ccccc1C(=O)OCC(CCCC)CC)CC,CCCCC(CC)COC(=O)c1ccccc1C(=O)OCC(CC)CCCC,-7.65300000,-7.44987454,0.20312546,0.20312546
58,Butoxyethanol,CCCCOC(O)C,CCCCOC(C)O,-6.00000000,-5.66136321,0.33863679,0.33863679
59,Cortisone,OCC(=O)[C@@]1(O)CC[C@@H]2[C@]1(C)CC(=O)[C@H]1[C@H]2CCC2=CC(=O)CC[C@]12C,C[C@]12CCC(=O)C=C1CC[C@@H]1[C@@H]2C(=O)C[C@@]2(C)[C@H]1CC[C@]2(O)C(=O)CO,-7.38000000,-7.32906712,0.05093288,0.05093288
60,1-Decanol,CCCCCCCCCCO,CCCCCCCCCCO,-5.51500000,-5.01952702,0.49547298,0.49547298
61,Diazinon,CCOP(=S)(Oc1cc(C)nc(n1)C(C)C)OCC,CCOP(=S)(OCC)Oc1cc(C)nc(C(C)C)n1,-5.61700000,-5.75387633,-0.13687633,0.13687633
62,Ethacrynic acid,CCC(=C)C(=O)c1ccc(c(c1Cl)Cl)OCC(=O)O,C=C(CC)C(=O)c1ccc(OCC(=O)O)c(Cl)c1Cl,-7.38000000,-7.06713114,0.31286886,0.31286886
63,Linolenic acid,CC/C=C/C/C=C/C/C=C/CCCCCCCC(=O)O,CC/C=C/C/C=C/C/C=C/CCCCCCCC(=O)O,-5.98800000,-6.05370089,-0.06570089,0.06570089
64,Octylparaben,CCCCCCCCOC(=O)c1ccc(cc1)O,CCCCCCCCOC(=O)c1ccc(O)cc1,-5.58800000,-5.44296747,0.14503253,0.14503253
65,Oleic acid,CCCCCCCC/C=CCCCCCCCC(=O)O,CCCCCCCCC=CCCCCCCCC(=O)O,-6.44200000,-6.22936502,0.21263498,0.21263498
66,Propylparaben,CCCOC(=O)c1ccc(cc1)O,CCCOC(=O)c1ccc(O)cc1,-5.41000000,-5.05000695,0.35999305,0.35999305
67,Salicylic acid,OC(=O)c1ccccc1O,O=C(O)c1ccccc1O,-6.58800000,-6.07679547,0.51120453,0.51120453
68,Testosterone,O=C1CC[C@]2(C(=C1)CC[C@@H]1[C@@H]2CC[C@]2([C@H]1CC[C@@H]2O)C)C,C[C@]12CC[C@H]3[C@@H](CCC4=CC(=O)CC[C@@]43C)[C@@H]1CC[C@@H]2O,-5.67000000,-5.82203025,-0.15203025,0.15203025
69,1-Butanol,CCCCO,CCCCO,-5.48100000,-6.07269306,-0.59169306,0.59169306
70,1-Hexanol,CCCCCCO,CCCCCCO,-5.28400000,-5.25840058,0.02559942,0.02559942
71,1-Hexyl-2-Pyrrolidone,CCCCCCN1CCCC1=O,CCCCCCN1CCCC1=O,-5.20800000,-5.41575510,-0.20775510,0.20775510
72,1-Octanol,CCCCCCCCO,CCCCCCCCO,-4.87000000,-4.88908724,-0.01908724,0.01908724
74,1-Octyl-2-Pyrrolidone,CCCCCCCCN1CCCC1=O,CCCCCCCCN1CCCC1=O,-4.82700000,-5.38802333,-0.56102333,0.56102333
75,1-Pentanol,CCCCCO,CCCCCO,-5.12500000,-5.56767560,-0.44267560,0.44267560
76,2-Phenylethanol,OCCc1ccccc1,OCCc1ccccc1,-5.27600000,-5.25462662,0.02137338,0.02137338
77,Carvacrol,CC(c1ccc(c(c1)O)C)C,Cc1ccc(C(C)C)cc1O,-4.84200000,-4.85858828,-0.01658828,0.01658828
78,Thymol,Cc1ccc(c(c1)O)C(C)C,Cc1ccc(C(C)C)c(O)c1,-4.86000000,-4.85388723,0.00611277,0.00611277
79,Ethanol,CCO,CCO,-6.27800000,-6.51035077,-0.23235077,0.23235077
80,1-Butanol,CCCCO,CCCCO,-5.65900000,-6.08857707,-0.42957707,0.42957707
81,1-Decanol,CCCCCCCCCCO,CCCCCCCCCCO,-4.70100000,-5.11165922,-0.41065922,0.41065922
82,1-Hexanol,CCCCCCO,CCCCCCO,-5.05100000,-5.31482176,-0.26382176,0.26382176
83,1-Octanol,CCCCCCCCO,CCCCCCCCO,-4.58600000,-4.97674877,-0.39074877,0.39074877
85,Benzyl nicotinate,O=C(c1cccnc1)OCc1ccccc1,O=C(OCc1ccccc1)c1cccnc1,-5.34800000,-5.47361697,-0.12561697,0.12561697
86,Butyl nicotinate,CCCCOC(=O)c1cccnc1,CCCCOC(=O)c1cccnc1,-5.33500000,-5.62039331,-0.28539331,0.28539331
91,n-Hexyl nicotinate,CCCCCCOC(=O)c1cccnc1,CCCCCCOC(=O)c1cccnc1,-5.30300000,-5.65089444,-0.34789444,0.34789444
93,Acetylsalicylic Acid,CC(=O)Oc1ccccc1C(=O)O,CC(=O)Oc1ccccc1C(=O)O,-5.69600000,-5.70716835,-0.01116835,0.01116835
95,Benzoic acid,OC(=O)c1ccccc1,O=C(O)c1ccccc1,-5.15600000,-5.52672044,-0.37072044,0.37072044
96,Diclofenac,OC(=O)Cc1ccccc1Nc1c(Cl)cccc1Cl,O=C(O)Cc1ccccc1Nc1c(Cl)cccc1Cl,-6.55600000,-6.21817027,0.33782973,0.33782973
99,Naproxen,COc1ccc2c(c1)ccc(c2)C(C(=O)O)C,COc1ccc2cc(C(C)C(=O)O)ccc2c1,-6.09600000,-5.55512295,0.54087705,0.54087705
100,Nicotine,CN1CCCC1c1cccnc1,CN1CCCC1c1cccnc1,-6.03600000,-6.14230871,-0.10630871,0.10630871
108,Theophylline,Cn1c(=O)n(C)c2c(c1=O)[nH]cn2,Cn1c(=O)c2[nH]cnc2n(C)c1=O,-7.12500000,-6.97570163,0.14929837,0.14929837
109,"1,2,4-Benzenetriol",Oc1ccc(c(c1)O)O,Oc1ccc(O)c(O)c1,-7.45600000,-6.99379617,0.46220383,0.46220383
110,Catechol,Oc1ccccc1O,Oc1ccccc1O,-6.06600000,-6.25946076,-0.19346076,0.19346076
111,Hydroquinone,Oc1ccc(cc1)O,Oc1ccc(O)cc1,-6.50600000,-6.52098383,-0.01498383,0.01498383
112,Phenol,Oc1ccccc1,Oc1ccccc1,-5.58600000,-5.89350998,-0.30750998,0.30750998
113,Phloroglucinol,Oc1cc(O)cc(c1)O,Oc1cc(O)cc(O)c1,-6.06600000,-6.37294994,-0.30694994,0.30694994
114,Pyrogallol,Oc1c(O)cccc1O,Oc1cccc(O)c1O,-6.36600000,-6.48633870,-0.12033870,0.12033870
115,Resorcinol,Oc1cccc(c1)O,Oc1cccc(O)c1,-6.62600000,-6.38985416,0.23614584,0.23614584
117,Estradiol,Oc1ccc2c(c1)CC[C@@H]1[C@@H]2CC[C@]2([C@H]1CC[C@@H]2O)C,C[C@]12CC[C@@H]3c4ccc(O)cc4CC[C@H]3[C@@H]1CC[C@@H]2O,-5.96700000,-6.10548255,-0.13848255,0.13848255
119,Estradiol,Oc1ccc2c(c1)CC[C@@H]1[C@@H]2CC[C@]2([C@H]1CC[C@@H]2O)C,C[C@]12CC[C@@H]3c4ccc(O)cc4CC[C@H]3[C@@H]1CC[C@@H]2O,-6.68400000,-6.12028716,0.56371284,0.56371284
120,Estradiol,Oc1ccc2c(c1)CC[C@@H]1[C@@H]2CC[C@]2([C@H]1CC[C@@H]2O)C,C[C@]12CC[C@@H]3c4ccc(O)cc4CC[C@H]3[C@@H]1CC[C@@H]2O,-6.01800000,-6.12028716,-0.10228716,0.10228716
121,Amobarbital,CCC1(CCC(C)C)C(=O)NC(=O)NC1=O,CCC1(CCC(C)C)C(=O)NC(=O)NC1=O,-6.20100000,-6.56589592,-0.36489592,0.36489592
122,Barbital,CCC1(CC)C(=O)NC(=O)NC1=O,CCC1(CC)C(=O)NC(=O)NC1=O,-7.50900000,-7.24436291,0.26463709,0.26463709
124,Hydrocortisone,OCC(=O)[C@@]1(O)CC[C@@H]2[C@]1(C)C[C@H](O)[C@H]1[C@H]2CCC2=CC(=O)CC[C@]12C,C[C@]12CCC(=O)C=C1CC[C@@H]1[C@@H]2[C@@H](O)C[C@@]2(C)[C@H]1CC[C@]2(O)C(=O)CO,-7.48100000,-7.42869834,0.05230166,0.05230166
125,Isoquinoline,c1ccc2c(c1)cncc2,c1ccc2cnccc2c1,-5.33200000,-5.40674037,-0.07474037,0.07474037
127,Phenobarbital,CCC1(C(=O)NC(=O)NC1=O)c1ccccc1,CCC1(c2ccccc2)C(=O)NC(=O)NC1=O,-6.90000000,-6.94500590,-0.04500590,0.04500590
128,Salicylic acid,OC(=O)c1ccccc1O,O=C(O)c1ccccc1O,-5.76000000,-6.11162967,-0.35162967,0.35162967
129,Flufenamic acid,OC(=O)c1ccccc1Nc1cccc(c1)C(F)(F)F,O=C(O)c1ccccc1Nc1cccc(C(F)(F)F)c1,-6.19400000,-6.30236848,-0.10836848,0.10836848
133,Aldosterone,OCC(=O)[C@H]1CC[C@@H]2[C@]1(C=O)C[C@H](O)[C@H]1[C@H]2CCC2=CC(=O)CC[C@]12C,C[C@]12CCC(=O)C=C1CC[C@@H]1[C@@H]2[C@@H](O)C[C@]2(C=O)[C@@H](C(=O)CO)CC[C@@H]12,-7.79300000,-7.67812774,0.11487226,0.11487226
134,Estradiol,Oc1ccc2c(c1)CC[C@@H]1[C@@H]2CC[C@]2([C@H]1CC[C@@H]2O)C,C[C@]12CC[C@@H]3c4ccc(O)cc4CC[C@H]3[C@@H]1CC[C@@H]2O,-5.94400000,-6.10548255,-0.16148255,0.16148255
135,Hydrocortisone,OCC(=O)[C@@]1(O)CC[C@@H]2[C@]1(C)C[C@H](O)[C@H]1[C@H]2CCC2=CC(=O)CC[C@]12C,C[C@]12CCC(=O)C=C1CC[C@@H]1[C@@H]2[C@@H](O)C[C@@]2(C)[C@H]1CC[C@]2(O)C(=O)CO,-7.19500000,-7.45631004,-0.26131004,0.26131004
136,Progesterone,O=C1CC[C@]2(C(=C1)CC[C@@H]1[C@@H]2CC[C@]2([C@H]1CC[C@@H]2C(=O)C)C)C,CC(=O)[C@H]1CC[C@H]2[C@@H]3CCC4=CC(=O)CC[C@]4(C)[C@H]3CC[C@]12C,-5.07900000,-5.43266837,-0.35366837,0.35366837
138,Dexamethasone,OCC(=O)[C@@]1(O)[C@H](C)C[C@@H]2[C@]1(C)C[C@H](O)[C@]1([C@H]2CCC2=CC(=O)C=C[C@]12C)F,C[C@@H]1C[C@H]2[C@@H]3CCC4=CC(=O)C=C[C@]4(C)[C@@]3(F)[C@@H](O)C[C@]2(C)[C@@]1(O)C(=O)CO,-7.75000000,-7.74564566,0.00435434,0.00435434
139,Estradiol,Oc1ccc2c(c1)CC[C@@H]1[C@@H]2CC[C@]2([C@H]1CC[C@@H]2O)C,C[C@]12CC[C@@H]3c4ccc(O)cc4CC[C@H]3[C@@H]1CC[C@@H]2O,-5.93700000,-6.10548255,-0.16848255,0.16848255
140,Lidocaine,CCN(CC(=O)Nc1c(C)cccc1C)CC,CCN(CC)CC(=O)Nc1c(C)cccc1C,-5.95800000,-5.88507767,0.07292233,0.07292233
141,Testosterone,O=C1CC[C@]2(C(=C1)CC[C@@H]1[C@@H]2CC[C@]2([C@H]1CC[C@@H]2O)C)C,C[C@]12CC[C@H]3[C@@H](CCC4=CC(=O)CC[C@@]43C)[C@@H]1CC[C@@H]2O,-5.82700000,-5.82203025,0.00496975,0.00496975
142,Estradiol,Oc1ccc2c(c1)CC[C@@H]1[C@@H]2CC[C@]2([C@H]1CC[C@@H]2O)C,C[C@]12CC[C@@H]3c4ccc(O)cc4CC[C@H]3[C@@H]1CC[C@@H]2O,-5.77000000,-6.13142608,-0.36142608,0.36142608
145,Betamethasone,OCC(=O)[C@@]1(O)[C@@H](C)C[C@@H]2[C@]1(C)C[C@H](O)[C@]1([C@H]2CCC2=CC(=O)C=C[C@]12C)F,C[C@H]1C[C@H]2[C@@H]3CCC4=CC(=O)C=C[C@]4(C)[C@@]3(F)[C@@H](O)C[C@]2(C)[C@@]1(O)C(=O)CO,-7.15300000,-7.67159597,-0.51859597,0.51859597
147,"N4-acetyl-4-amino-1-[(2R,3S,4R,5R)-3,4-dihydroxy-5 (hydroxymethyl)oxolan-2-yl] pyrimidin-2-one",OC[C@H]1O[C@H]([C@H]([C@H]1O)O)n1ccc(nc1=O)NC(=O)C,CC(=O)Nc1ccn([C@@H]2O[C@H](CO)[C@H](O)[C@@H]2O)c(=O)n1,-6.88900000,-7.18412767,-0.29512767,0.29512767
149,Dimethylethylamine,CCN(C)C,CCN(C)C,-6.07900000,-6.10631493,-0.02731493,0.02731493
156,Ephedrine,CN[C@H]([C@@H](c1ccccc1)O)C,CN[C@@H](C)[C@H](O)c1ccccc1,-5.77800000,-6.01073482,-0.23273482,0.23273482
157,Estradiol,Oc1ccc2c(c1)CC[C@@H]1[C@@H]2CC[C@]2([C@H]1CC[C@@H]2O)C,C[C@]12CC[C@@H]3c4ccc(O)cc4CC[C@H]3[C@@H]1CC[C@@H]2O,-5.82900000,-6.12028716,-0.29128716,0.29128716
158,Fentanyl,CCC(=O)N(c1ccccc1)C1CCN(CC1)CCc1ccccc1,CCC(=O)N(c1ccccc1)C1CCN(CCc2ccccc2)CC1,-5.55600000,-5.53824557,0.01775443,0.01775443
161,Scopolamine,OC[C@H](c1ccccc1)C(=O)OC1C[C@@H]2N([C@H](C1)[C@@H]1[C@H]2O1)C,CN1[C@@H]2CC(OC(=O)[C@H](CO)c3ccccc3)C[C@H]1[C@@H]1O[C@@H]12,-7.85200000,-7.35713190,0.49486810,0.49486810
163,Ephedrine,CN[C@H]([C@@H](c1ccccc1)O)C,CN[C@@H](C)[C@H](O)c1ccccc1,-5.77800000,-6.01073482,-0.23273482,0.23273482
164,Ephedrine,CN[C@H]([C@@H](c1ccccc1)O)C,CN[C@@H](C)[C@H](O)c1ccccc1,-5.77800000,-6.01073482,-0.23273482,0.23273482
165,Ephedrine,CN[C@H]([C@@H](c1ccccc1)O)C,CN[C@@H](C)[C@H](O)c1ccccc1,-6.32600000,-6.01073482,0.31526518,0.31526518
169,Benzene,c1ccccc1,c1ccccc1,-4.35200000,-4.48404914,-0.13204914,0.13204914
170,1-Butanol,CCCCO,CCCCO,-6.21400000,-6.06984059,0.14415941,0.14415941
173,Estradiol,Oc1ccc2c(c1)CC[C@@H]1[C@@H]2CC[C@]2([C@H]1CC[C@@H]2O)C,C[C@]12CC[C@@H]3c4ccc(O)cc4CC[C@H]3[C@@H]1CC[C@@H]2O,-6.05100000,-6.12369075,-0.07269075,0.07269075
174,Progesterone,O=C1CC[C@]2(C(=C1)CC[C@@H]1[C@@H]2CC[C@]2([C@H]1CC[C@@H]2C(=O)C)C)C,CC(=O)[C@H]1CC[C@H]2[C@@H]3CCC4=CC(=O)CC[C@]4(C)[C@H]3CC[C@]12C,-5.44200000,-5.38950655,0.05249345,0.05249345
175,Testosterone,O=C1CC[C@]2(C(=C1)CC[C@@H]1[C@@H]2CC[C@]2([C@H]1CC[C@@H]2O)C)C,C[C@]12CC[C@H]3[C@@H](CCC4=CC(=O)CC[C@@]43C)[C@@H]1CC[C@@H]2O,-6.21400000,-5.78969981,0.42430019,0.42430019
176,Aldosterone,OCC(=O)[C@H]1CC[C@@H]2[C@]1(C=O)C[C@H](O)[C@H]1[C@H]2CCC2=CC(=O)CC[C@]12C,C[C@]12CCC(=O)C=C1CC[C@@H]1[C@@H]2[C@@H](O)C[C@]2(C=O)[C@@H](C(=O)CO)CC[C@@H]12,-7.85700000,-7.67812774,0.17887226,0.17887226
177,1-Butanol,CCCCO,CCCCO,-6.21400000,-6.07269306,0.14130694,0.14130694
179,Estradiol,Oc1ccc2c(c1)CC[C@@H]1[C@@H]2CC[C@]2([C@H]1CC[C@@H]2O)C,C[C@]12CC[C@@H]3c4ccc(O)cc4CC[C@H]3[C@@H]1CC[C@@H]2O,-6.07900000,-6.10548255,-0.02648255,0.02648255
183,Aldosterone,OCC(=O)[C@H]1CC[C@@H]2[C@]1(C=O)C[C@H](O)[C@H]1[C@H]2CCC2=CC(=O)CC[C@]12C,C[C@]12CCC(=O)C=C1CC[C@@H]1[C@@H]2[C@@H](O)C[C@]2(C=O)[C@@H](C(=O)CO)CC[C@@H]12,-8.07900000,-7.67812774,0.40087226,0.40087226
185,1-Decanol,CCCCCCCCCCO,CCCCCCCCCCO,-4.60200000,-5.01952702,-0.41752702,0.41752702
186,Estradiol,Oc1ccc2c(c1)CC[C@@H]1[C@@H]2CC[C@]2([C@H]1CC[C@@H]2O)C,C[C@]12CC[C@@H]3c4ccc(O)cc4CC[C@H]3[C@@H]1CC[C@@H]2O,-6.07900000,-6.10548255,-0.02648255,0.02648255
187,Lidocaine,CCN(CC(=O)Nc1c(C)cccc1C)CC,CCN(CC)CC(=O)Nc1c(C)cccc1C,-6.07900000,-5.88507767,0.19392233,0.19392233
188,Naphthol,Oc1cccc2c1cccc2,Oc1cccc2ccccc12,-5.14100000,-4.95610536,0.18489464,0.18489464
189,1-Octanol,CCCCCCCCO,CCCCCCCCO,-4.71100000,-4.88908724,-0.17808724,0.17808724
190,Progesterone,O=C1CC[C@]2(C(=C1)CC[C@@H]1[C@@H]2CC[C@]2([C@H]1CC[C@@H]2C(=O)C)C)C,CC(=O)[C@H]1CC[C@H]2[C@@H]3CCC4=CC(=O)CC[C@]4(C)[C@H]3CC[C@]12C,-5.25500000,-5.43266837,-0.17766837,0.17766837
191,Testosterone,O=C1CC[C@]2(C(=C1)CC[C@@H]1[C@@H]2CC[C@]2([C@H]1CC[C@@H]2O)C)C,C[C@]12CC[C@H]3[C@@H](CCC4=CC(=O)CC[C@@]43C)[C@@H]1CC[C@@H]2O,-6.21400000,-5.82203025,0.39196975,0.39196975
192,Bisoprolol Fumarate,OC(COc1ccc(cc1)COCCOC(C)C)CNC(C)C.OC(=O)/C=C/C(=O)O,CC(C)NCC(O)COc1ccc(COCCOC(C)C)cc1.O=C(O)/C=C/C(=O)O,-7.12500000,-6.77095723,0.35404277,0.35404277
193,Celiprolol Hydrochloride,CCN(C(=O)Nc1ccc(c(c1)C(=O)C)OCC(CNC(C)(C)C)O)CC.Cl,CCN(CC)C(=O)Nc1ccc(OCC(O)CNC(C)(C)C)c(C(C)=O)c1.Cl,-6.78500000,-6.48778444,0.29721556,0.29721556
194,Atenolol,OC(COc1ccc(cc1)CC(=O)N)CNC(C)C,CC(C)NCC(O)COc1ccc(CC(N)=O)cc1,-7.85700000,-7.39959949,0.45740051,0.45740051
195,Metoprolol,COCCc1ccc(cc1)OCC(CNC(C)C)O,COCCc1ccc(OCC(O)CNC(C)C)cc1,-6.63700000,-6.42143740,0.21556260,0.21556260
196,Oxprenolol,C=CCOc1ccccc1OCC(CNC(C)C)O,C=CCOc1ccccc1OCC(O)CNC(C)C,-6.36900000,-6.43334178,-0.06434178,0.06434178
197,Propranolol,OC(COc1cccc2c1cccc2)CNC(C)C,CC(C)NCC(O)COc1cccc2ccccc12,-6.30600000,-6.12675984,0.17924016,0.17924016
198,Mannitol,OC[C@H]([C@H]([C@@H]([C@@H](CO)O)O)O)O,OC[C@@H](O)[C@@H](O)[C@H](O)[C@H](O)CO,-7.81000000,-7.89929966,-0.08929966,0.08929966
199,Raffinose,OC[C@H]1O[C@@]([C@H]([C@@H]1O)O)(CO)O[C@H]1O[C@H](CO[C@H]2O[C@H](CO)[C@@H]([C@@H]([C@H]2O)O)O)[C@H]([C@@H]([C@H]1O)O)O,OC[C@H]1O[C@H](OC[C@H]2O[C@H](O[C@]3(CO)O[C@H](CO)[C@@H](O)[C@@H]3O)[C@H](O)[C@@H](O)[C@@H]2O)[C@H](O)[C@@H](O)[C@H]1O,-8.20800000,-8.11878595,0.08921405,0.08921405
200,Sucrose,OC[C@H]1O[C@@]([C@H]([C@@H]1O)O)(CO)O[C@H]1O[C@H](CO)[C@H]([C@@H]([C@H]1O)O)O,OC[C@H]1O[C@@](CO)(O[C@H]2O[C@H](CO)[C@@H](O)[C@H](O)[C@H]2O)[C@@H](O)[C@@H]1O,-8.07500000,-7.93298066,0.14201934,0.14201934
201,Urea,NC(=O)N,NC(N)=O,-7.31700000,-7.28446677,0.03253323,0.03253323
202,Nicotine,CN1CCCC1c1cccnc1,CN1CCCC1c1cccnc1,-5.54600000,-6.14230871,-0.59630871,0.59630871
204,Testosterone,O=C1CC[C@]2(C(=C1)CC[C@@H]1[C@@H]2CC[C@]2([C@H]1CC[C@@H]2O)C)C,C[C@]12CC[C@H]3[C@@H](CCC4=CC(=O)CC[C@@]43C)[C@@H]1CC[C@@H]2O,-5.85600000,-5.82203025,0.03396975,0.03396975
205,"2,4,6-Trichlorophenol",Clc1cc(Cl)c(c(c1)Cl)O,Oc1c(Cl)cc(Cl)cc1Cl,-4.78300000,-4.87269565,-0.08969565,0.08969565
206,"2,4-Dichlorophenol",Clc1ccc(c(c1)Cl)O,Oc1ccc(Cl)cc1Cl,-4.77800000,-4.80606333,-0.02806333,0.02806333
207,o-Chlorophenol,Oc1ccccc1Cl,Oc1ccccc1Cl,-5.03700000,-5.09748350,-0.06048350,0.06048350
208,o-Cresol,Cc1ccccc1O,Cc1ccccc1O,-5.36000000,-5.24412665,0.11587335,0.11587335
209,"3,4-Xylenol",Oc1ccc(c(c1)C)C,Cc1ccc(O)cc1C,-5.00000000,-5.06127719,-0.06127719,0.06127719
210,m-Cresol,Cc1cccc(c1)O,Cc1cccc(O)c1,-5.37300000,-5.27061289,0.10238711,0.10238711
211,m-Nitrophenol,Oc1cccc(c1)[N+](=O)[O-],O=[N+]([O-])c1cccc(O)c1,-5.80500000,-5.78745481,0.01754519,0.01754519
212,p-Bromophenol,Oc1ccc(cc1)Br,Oc1ccc(Br)cc1,-4.99900000,-5.02789449,-0.02889449,0.02889449
213,p-Chlorophenol,Oc1ccc(cc1)Cl,Oc1ccc(Cl)cc1,-4.99600000,-5.12658184,-0.13058184,0.13058184
214,p-Cresol,Cc1ccc(cc1)O,Cc1ccc(O)cc1,-5.31300000,-5.23699763,0.07600237,0.07600237
215,p-Ethylphenol,CCc1ccc(cc1)O,CCc1ccc(O)cc1,-5.01400000,-4.95478621,0.05921379,0.05921379
216,p-Nitrophenol,Oc1ccc(cc1)[N+](=O)[O-],O=[N+]([O-])c1ccc(O)cc1,-5.81000000,-5.73012913,0.07987087,0.07987087
217,2-Naphthol,Oc1ccc2c(c1)cccc2,Oc1ccc2ccccc2c1,-5.11100000,-4.96008181,0.15091819,0.15091819
218,Chlorocresol,Cc1c(O)cccc1Cl,Cc1c(O)cccc1Cl,-4.81600000,-5.00700497,-0.19100497,0.19100497
219,Chloroxylenol,Cc1ccc(c(c1C)O)Cl,Cc1ccc(Cl)c(O)c1C,-4.78500000,-4.90285825,-0.11785825,0.11785825
220,Methyl 4-hydroxybenzoate,COC(=O)c1ccc(cc1)O,COC(=O)c1ccc(O)cc1,-5.59600000,-5.42745493,0.16854507,0.16854507
221,Phenol,Oc1ccccc1,Oc1ccccc1,-5.61400000,-5.71750822,-0.10350822,0.10350822
223,Thymol,Cc1ccc(c(c1)O)C(C)C,Cc1ccc(C(C)C)c(O)c1,-4.83400000,-4.84533348,-0.01133348,0.01133348
224,4-Cyanophenol,N#Cc1ccc(cc1)O,N#Cc1ccc(O)cc1,-5.73100000,-5.58063247,0.15036753,0.15036753
225,Methyl 4-hydroxybenzoate,COC(=O)c1ccc(cc1)O,COC(=O)c1ccc(O)cc1,-5.63400000,-5.36609466,0.26790534,0.26790534
227,Fentanyl,CCC(=O)N(c1ccccc1)C1CCN(CC1)CCc1ccccc1,CCC(=O)N(c1ccccc1)C1CCN(CCc2ccccc2)CC1,-5.80800000,-5.57485836,0.23314164,0.23314164
229,Meperidine,CCOC(=O)C1(CCN(CC1)C)c1ccccc1,CCOC(=O)C1(c2ccccc2)CCN(C)CC1,-5.98800000,-5.43686891,0.55113109,0.55113109
231,Sufentanil,COCC1(CCN(CC1)CCc1cccs1)N(c1ccccc1)C(=O)CC,CCC(=O)N(c1ccccc1)C1(COC)CCN(CCc2cccs2)CC1,-5.47700000,-5.52418311,-0.04718311,0.04718311
232,Fentanyl,CCC(=O)N(c1ccccc1)C1CCN(CC1)CCc1ccccc1,CCC(=O)N(c1ccccc1)C1CCN(CCc2ccccc2)CC1,-5.50300000,-5.57485836,-0.07185836,0.07185836
233,Sufentanil,COCC1(CCN(CC1)CCc1cccs1)N(c1ccccc1)C(=O)CC,CCC(=O)N(c1ccccc1)C1(COC)CCN(CCc2cccs2)CC1,-5.37400000,-5.52418311,-0.15018311,0.15018311
234,Butyl p-aminobenzoate,CCCCOC(=O)c1ccc(cc1)N,CCCCOC(=O)c1ccc(N)cc1,-4.60700000,-5.17597525,-0.56897525,0.56897525
235,Ethyl p-aminobenzoate,CCOC(=O)c1ccc(cc1)N,CCOC(=O)c1ccc(N)cc1,-5.25500000,-5.57107462,-0.31607462,0.31607462
238,Ketorolac,OC(=O)C1CCn2c1ccc2C(=O)c1ccccc1,O=C(c1ccccc1)c1ccc2n1CCC2C(=O)O,-5.79900000,-6.04637657,-0.24737657,0.24737657
239,1-Butanol,CCCCO,CCCCO,-6.15800000,-6.07269306,0.08530694,0.08530694
240,Ethanol,CCO,CCO,-6.55600000,-6.52181198,0.03418802,0.03418802
241,1-Heptanol,CCCCCCCO,CCCCCCCO,-5.05100000,-5.05993053,-0.00893053,0.00893053
242,1-Hexanol,CCCCCCO,CCCCCCO,-5.44200000,-5.25840058,0.18359942,0.18359942
243,Methanol,CO,CO,-6.55600000,-6.62322789,-0.06722789,0.06722789
244,1-Octanol,CCCCCCCCO,CCCCCCCCO,-4.84000000,-4.88908724,-0.04908724,0.04908724
245,1-Pentanol,CCCCCO,CCCCCO,-5.77800000,-5.56767560,0.21032440,0.21032440
246,1-Propanol,CCCO,CCCO,-6.41000000,-6.38293002,0.02706998,0.02706998
247,"2,3-Butanediol",CC(C(O)C)O,CC(O)C(C)O,-7.85700000,-7.42109792,0.43590208,0.43590208
248,Butan-2-one,CCC(=O)C,CCC(C)=O,-5.90300000,-6.35780585,-0.45480585,0.45480585
250,Diethyl ether,CCOCC,CCOCC,-5.32500000,-5.62824849,-0.30324849,0.30324849
251,1-Butanol,CCCCO,CCCCO,-6.07900000,-6.07363928,0.00536072,0.00536072
252,1-Heptanol,CCCCCCCO,CCCCCCCO,-4.98100000,-5.02827910,-0.04727910,0.04727910
253,1-Propanol,CCCO,CCCO,-6.32600000,-6.38387624,-0.05787624,0.05787624
256,Cortexone,OCC(=O)[C@H]1CC[C@@H]2[C@]1(C)CC[C@H]1[C@H]2CCC2=CC(=O)CC[C@]12C,C[C@]12CC[C@H]3[C@@H](CCC4=CC(=O)CC[C@@]43C)[C@@H]1CC[C@@H]2C(=O)CO,-6.90300000,-6.50228844,0.40071156,0.40071156
260,Estriol,Oc1ccc2c(c1)CC[C@@H]1[C@@H]2CC[C@]2([C@H]1C[C@H]([C@@H]2O)O)C,C[C@]12CC[C@@H]3c4ccc(O)cc4CC[C@H]3[C@@H]1C[C@@H](O)[C@@H]2O,-7.95400000,-7.59017560,0.36382440,0.36382440
261,Estrone,Oc1ccc2c(c1)CC[C@@H]1[C@@H]2CC[C@]2([C@H]1CCC2=O)C,C[C@]12CC[C@@H]3c4ccc(O)cc4CC[C@H]3[C@@H]1CCC2=O,-6.00000000,-5.86478944,0.13521056,0.13521056
263,Hydroxypregnenolone,CC(=O)[C@H]1CC[C@@H]2[C@]1(C)CC[C@H]1[C@H]2CC=C2[C@]1(C)CCC(C2)(O)O,CC(=O)[C@H]1CC[C@H]2[C@@H]3CC=C4CC(O)(O)CC[C@]4(C)[C@H]3CC[C@]12C,-6.77800000,-6.50215914,0.27584086,0.27584086
264,17-Hydroxyprogesterone,O=C1CC[C@]2(C(=C1)CC[C@@H]1[C@@H]2CC[C@]2([C@H]1CC[C@]2(O)C(=O)C)C)C,CC(=O)[C@@]1(O)CC[C@H]2[C@@H]3CCC4=CC(=O)CC[C@]4(C)[C@H]3CC[C@@]21C,-6.77800000,-6.58451024,0.19348976,0.19348976
265,Pregnenolone,O[C@H]1CC[C@]2(C(=CC[C@@H]3[C@@H]2CC[C@]2([C@H]3CC[C@@H]2C(=O)C)C)C1)C,CC(=O)[C@H]1CC[C@H]2[C@@H]3CC=C4C[C@@H](O)CC[C@]4(C)[C@H]3CC[C@]12C,-6.38000000,-6.09020451,0.28979549,0.28979549
276,1-Butanol,CCCCO,CCCCO,-6.15800000,-6.06984059,0.08815941,0.08815941
278,1-Decanol,CCCCCCCCCCO,CCCCCCCCCCO,-4.65300000,-4.95693536,-0.30393536,0.30393536
279,Ethanol,CCO,CCO,-6.69900000,-6.50885667,0.19014333,0.19014333
280,Ethanol,CCO,CCO,-6.65300000,-6.50885667,0.14414333,0.14414333
281,1-Heptanol,CCCCCCCO,CCCCCCCO,-5.05100000,-4.99351714,0.05748286,0.05748286
283,1-Hexanol,CCCCCCO,CCCCCCO,-5.44200000,-5.20219445,0.23980555,0.23980555
286,Methanol,CO,CO,-6.85700000,-6.63160671,0.22539329,0.22539329
287,1-Nonanol,CCCCCCCCCO,CCCCCCCCCO,-4.77800000,-4.85617229,-0.07817229,0.07817229
289,1-Octanol,CCCCCCCCO,CCCCCCCCO,-4.84000000,-4.80868285,0.03131715,0.03131715
291,1-Pentanol,CCCCCO,CCCCCO,-5.77800000,-5.54264114,0.23535886,0.23535886
293,1-Propanol,CCCO,CCCO,-6.47700000,-6.36997471,0.10702529,0.10702529
295,Betamethasone-17-valerate,CCCCC(=O)OC1(C(C)CC2C1(C)CC(O)C1(C2CCC2=CC(=O)C=CC12C)F)C(=O)CO,CCCCC(=O)OC1(C(=O)CO)C(C)CC2C3CCC4=CC(=O)C=CC4(C)C3(F)C(O)CC21C,-6.49600000,-6.52859497,-0.03259497,0.03259497
298,Prednisolone,OCC(=O)[C@@]1(O)CC[C@@H]2[C@]1(C)C[C@H](O)[C@H]1[C@H]2CCC2=CC(=O)C=C[C@]12C,C[C@]12C=CC(=O)C=C1CC[C@@H]1[C@@H]2[C@@H](O)C[C@@]2(C)[C@H]1CC[C@]2(O)C(=O)CO,-7.90600000,-7.70157876,0.20442124,0.20442124
300,Triamcinolone,OCC(=O)[C@@]1(O)[C@H](O)C[C@@H]2[C@]1(C)C[C@H](O)[C@]1([C@H]2CCC2=CC(=O)C=C[C@]12C)F,C[C@]12C=CC(=O)C=C1CC[C@H]1[C@@H]3C[C@@H](O)[C@](O)(C(=O)CO)[C@@]3(C)C[C@H](O)[C@@]12F,-8.95600000,-8.60766275,0.34833725,0.34833725
302,Flurbiprofen,OC(=O)C(c1ccc(c(c1)F)c1ccccc1)C,CC(C(=O)O)c1ccc(-c2ccccc2)c(F)c1,-5.33100000,-5.64142511,-0.31042511,0.31042511
303,Flurbiprofen glucoside,OC1O[C@H](COC(=O)C(c2ccc(c(c2)F)c2ccccc2)C)[C@H]([C@@H]([C@H]1O)O)O,CC(C(=O)OC[C@H]1OC(O)[C@H](O)[C@@H](O)[C@@H]1O)c1ccc(-c2ccccc2)c(F)c1,-6.47700000,-6.81485654,-0.33785654,0.33785654
304,Flurbiprofen mannoside,OC1O[C@H](COC(=O)C(c2ccc(c(c2)F)c2ccccc2)C)[C@H]([C@@H]([C@@H]1O)O)O,CC(C(=O)OC[C@H]1OC(O)[C@@H](O)[C@@H](O)[C@@H]1O)c1ccc(-c2ccccc2)c(F)c1,-6.93500000,-6.81485654,0.12014346,0.12014346
305,Ibuprofen,CC(Cc1ccc(cc1)C(C(=O)O)C)C,CC(C)Cc1ccc(C(C)C(=O)O)cc1,-5.50300000,-5.67160284,-0.16860284,0.16860284
306,Ibuprofen glucoside,CC(Cc1ccc(cc1)C(C(=O)OC[C@H]1OC(O)[C@@H]([C@H]([C@@H]1O)O)O)C)C,CC(C)Cc1ccc(C(C)C(=O)OC[C@H]2OC(O)[C@H](O)[C@@H](O)[C@@H]2O)cc1,-6.94500000,-6.97060804,-0.02560804,0.02560804
307,Ibuprofen mannoside,CC(Cc1ccc(cc1)C(C(=O)OC[C@H]1OC(O)[C@H]([C@H]([C@@H]1O)O)O)C)C,CC(C)Cc1ccc(C(C)C(=O)OC[C@H]2OC(O)[C@@H](O)[C@@H](O)[C@@H]2O)cc1,-6.54800000,-6.97060804,-0.42260804,0.42260804
308,Ketoprofen,OC(=O)C(c1cccc(c1)C(=O)c1ccccc1)C,CC(C(=O)O)c1cccc(C(=O)c2ccccc2)c1,-6.15100000,-5.93109295,0.21990705,0.21990705
313,Naproxen mannoside,COc1ccc2c(c1)ccc(c2)[C@@H](C(=O)OC[C@H]1OC(O)[C@H]([C@H]([C@@H]1O)O)O)C,COc1ccc2cc([C@H](C)C(=O)OC[C@H]3OC(O)[C@@H](O)[C@@H](O)[C@@H]3O)ccc2c1,-7.70000000,-7.17253582,0.52746418,0.52746418
314,Aspartic acid,OC(=O)CC(C(=O)O)N,NC(CC(=O)O)C(=O)O,-7.43200000,-7.59646887,-0.16446887,0.16446887
315,Aspartic acid,OC(=O)CC(C(=O)O)N,NC(CC(=O)O)C(=O)O,-7.58500000,-7.59646887,-0.01146887,0.01146887
319,Lysine,NCCCC[C@@H](C(=O)O)N,NCCCC[C@H](N)C(=O)O,-7.32800000,-6.77074811,0.55725189,0.55725189
320,Lysine,NCCCC[C@@H](C(=O)O)N,NCCCC[C@H](N)C(=O)O,-6.86000000,-6.77074811,0.08925189,0.08925189
322,Chloral hydrate,OC(C(Cl)(Cl)Cl)O,OC(O)C(Cl)(Cl)Cl,-5.96500000,-6.45424386,-0.48924386,0.48924386
328,Levosimendan,N#CC(=NNc1ccc(cc1)C1=NNC(=O)C[C@H]1C)C#N,C[C@@H]1CC(=O)NN=C1c1ccc(NN=C(C#N)C#N)cc1,-6.48400000,-6.35329959,0.13070041,0.13070041
332,Ethylene glycol mono isopropyl ether,OCCOC(C)C,CC(C)OCCO,-6.91300000,-6.35778110,0.55521890,0.55521890
333,Ethylene glycol mono methyl ether acetate,COCCOC(=O)C,COCCOC(C)=O,-6.29900000,-5.92251450,0.37648550,0.37648550
334,2-Propoxyethanol,CCCOCCO,CCCOCCO,-6.54300000,-6.07418255,0.46881745,0.46881745
341,1-Methoxy-2-Propanol,COCC(O)C,COCC(C)O,-6.39700000,-6.29527843,0.10172157,0.10172157
342,2-Butoxyethanol,CCCCOCCO,CCCCOCCO,-5.26800000,-5.84304648,-0.57504648,0.57504648
343,2-Ethoxyethanol,OCCOCC,CCOCCO,-5.63400000,-6.14687881,-0.51287881,0.51287881
346,"1,1,1-Trichloropropanone",CC(=O)C(Cl)(Cl)Cl,CC(=O)C(Cl)(Cl)Cl,-5.17600000,-5.73743993,-0.56143993,0.56143993
348,Bromoacetic acid,OC(=O)CBr,O=C(O)CBr,-6.41000000,-6.29611459,0.11388541,0.11388541
349,Bromochloroacetic acid,OC(=O)C(Br)Cl,O=C(O)C(Cl)Br,-6.35200000,-6.34979069,0.00220931,0.00220931
352,Chloroacetic acid,OC(=O)CCl,O=C(O)CCl,-6.51500000,-6.31105916,0.20394084,0.20394084
355,Dibromoacetic acid,BrC(C(=O)O)Br,O=C(O)C(Br)Br,-6.14100000,-6.13977879,0.00122121,0.00122121
356,Dichloroacetic acid,ClC(C(=O)O)Cl,O=C(O)C(Cl)Cl,-6.27800000,-6.35332905,-0.07532905,0.07532905
357,Trichloroacetic acid,OC(=O)C(Cl)(Cl)Cl,O=C(O)C(Cl)(Cl)Cl,-6.27800000,-6.19893333,0.07906667,0.07906667
358,2-Naphthol,Oc1ccc2c(c1)cccc2,Oc1ccc2ccccc2c1,-4.75700000,-4.92651201,-0.16951201,0.16951201
359,4-Propoxyphenol,CCCOc1ccc(cc1)O,CCCOc1ccc(O)cc1,-5.38000000,-5.19156969,0.18843031,0.18843031
360,Carvacrol,CC(c1ccc(c(c1)O)C)C,Cc1ccc(C(C)C)cc1O,-4.81000000,-4.85858828,-0.04858828,0.04858828
361,Chlorocresol,Cc1c(O)cccc1Cl,Cc1c(O)cccc1Cl,-5.00000000,-4.99373495,0.00626505,0.00626505
362,Chloroxylenol,Cc1ccc(c(c1C)O)Cl,Cc1ccc(Cl)c(O)c1C,-4.65100000,-4.90364403,-0.25264403,0.25264403
363,Methyl 4-hydroxybenzoate,COC(=O)c1ccc(cc1)O,COC(=O)c1ccc(O)cc1,-5.63200000,-5.36609466,0.26590534,0.26590534
364,Methyl salicylate,COC(=O)c1ccccc1O,COC(=O)c1ccccc1O,-5.00000000,-5.25822832,-0.25822832,0.25822832
365,o-t-Butylphenol,Oc1ccccc1C(C)(C)C,CC(C)(C)c1ccccc1O,-4.68500000,-4.81301942,-0.12801942,0.12801942
366,p-n-Butylphenol,CCCCc1ccc(cc1)O,CCCCc1ccc(O)cc1,-4.67100000,-4.86027163,-0.18927163,0.18927163
367,Thymol,Cc1ccc(c(c1)O)C(C)C,Cc1ccc(C(C)C)c(O)c1,-4.77000000,-4.85388723,-0.08388723,0.08388723
369,1-Hexanol,CCCCCCO,CCCCCCO,-4.85900000,-5.25840058,-0.39940058,0.39940058
370,Water,O,O,-6.41000000,-6.25437021,0.15562979,0.15562979
371,1-Hexanol,CCCCCCO,CCCCCCO,-5.11400000,-5.25840058,-0.14440058,0.14440058
379,Caffeine,Cn1cnc2c1c(=O)n(C)c(=O)n2C,Cn1c(=O)c2c(ncn2C)n(C)c1=O,-6.82800000,-6.93419113,-0.10619113,0.10619113
380,Testosterone,O=C1CC[C@]2(C(=C1)CC[C@@H]1[C@@H]2CC[C@]2([C@H]1CC[C@@H]2O)C)C,C[C@]12CC[C@H]3[C@@H](CCC4=CC(=O)CC[C@@]43C)[C@@H]1CC[C@@H]2O,-5.73000000,-5.82203025,-0.09203025,0.09203025
381,Water,O,O,-6.59700000,-6.25437021,0.34262979,0.34262979
382,Water,O,O,-6.70700000,-6.25437021,0.45262979,0.45262979
383,Mannitol,OC[C@H]([C@H]([C@@H]([C@@H](CO)O)O)O)O,OC[C@@H](O)[C@@H](O)[C@H](O)[C@H](O)CO,-8.15800000,-7.82584392,0.33215608,0.33215608
384,Mannitol,OC[C@H]([C@H]([C@@H]([C@@H](CO)O)O)O)O,OC[C@@H](O)[C@@H](O)[C@H](O)[C@H](O)CO,-7.92300000,-7.82584392,0.09715608,0.09715608
389,Lidocaine,CCN(CC(=O)Nc1c(C)cccc1C)CC,CCN(CC)CC(=O)Nc1c(C)cccc1C,-5.70700000,-5.88507767,-0.17807767,0.17807767
390,Lidocaine,CCN(CC(=O)Nc1c(C)cccc1C)CC,CCN(CC)CC(=O)Nc1c(C)cccc1C,-5.53000000,-5.88507767,-0.35507767,0.35507767
393,Water,O,O,-6.42900000,-6.25437021,0.17462979,0.17462979
394,5-Fluorouracil,Fc1c[nH]c(=O)[nH]c1=O,O=c1[nH]cc(F)c(=O)[nH]1,-8.01500000,-8.25460211,-0.23960211,0.23960211
396,Hydrocortisone,OCC(=O)[C@@]1(O)CC[C@@H]2[C@]1(C)C[C@H](O)[C@H]1[C@H]2CCC2=CC(=O)CC[C@]12C,C[C@]12CCC(=O)C=C1CC[C@@H]1[C@@H]2[C@@H](O)C[C@@]2(C)[C@H]1CC[C@]2(O)C(=O)CO,-7.35700000,-7.41541465,-0.05841465,0.05841465
397,Hydrocortisone,OCC(=O)[C@@]1(O)CC[C@@H]2[C@]1(C)C[C@H](O)[C@H]1[C@H]2CCC2=CC(=O)CC[C@]12C,C[C@]12CCC(=O)C=C1CC[C@@H]1[C@@H]2[C@@H](O)C[C@@]2(C)[C@H]1CC[C@]2(O)C(=O)CO,-7.35700000,-7.41541465,-0.05841465,0.05841465
398,Hydrocortisone,OCC(=O)[C@@]1(O)CC[C@@H]2[C@]1(C)C[C@H](O)[C@H]1[C@H]2CCC2=CC(=O)CC[C@]12C,C[C@]12CCC(=O)C=C1CC[C@@H]1[C@@H]2[C@@H](O)C[C@@]2(C)[C@H]1CC[C@]2(O)C(=O)CO,-7.43100000,-7.41541465,0.01558535,0.01558535
399,Hydrocortisone,OCC(=O)[C@@]1(O)CC[C@@H]2[C@]1(C)C[C@H](O)[C@H]1[C@H]2CCC2=CC(=O)CC[C@]12C,C[C@]12CCC(=O)C=C1CC[C@@H]1[C@@H]2[C@@H](O)C[C@@]2(C)[C@H]1CC[C@]2(O)C(=O)CO,-7.68100000,-7.41541465,0.26558535,0.26558535
400,Hydrocortisone,OCC(=O)[C@@]1(O)CC[C@@H]2[C@]1(C)C[C@H](O)[C@H]1[C@H]2CCC2=CC(=O)CC[C@]12C,C[C@]12CCC(=O)C=C1CC[C@@H]1[C@@H]2[C@@H](O)C[C@@]2(C)[C@H]1CC[C@]2(O)C(=O)CO,-7.57700000,-7.41541465,0.16158535,0.16158535
401,Testosterone,O=C1CC[C@]2(C(=C1)CC[C@@H]1[C@@H]2CC[C@]2([C@H]1CC[C@@H]2O)C)C,C[C@]12CC[C@H]3[C@@H](CCC4=CC(=O)CC[C@@]43C)[C@@H]1CC[C@@H]2O,-5.48900000,-5.87959296,-0.39059296,0.39059296
402,Testosterone,O=C1CC[C@]2(C(=C1)CC[C@@H]1[C@@H]2CC[C@]2([C@H]1CC[C@@H]2O)C)C,C[C@]12CC[C@H]3[C@@H](CCC4=CC(=O)CC[C@@]43C)[C@@H]1CC[C@@H]2O,-5.47600000,-5.87959296,-0.40359296,0.40359296
403,Testosterone,O=C1CC[C@]2(C(=C1)CC[C@@H]1[C@@H]2CC[C@]2([C@H]1CC[C@@H]2O)C)C,C[C@]12CC[C@H]3[C@@H](CCC4=CC(=O)CC[C@@]43C)[C@@H]1CC[C@@H]2O,-5.48900000,-5.87959296,-0.39059296,0.39059296
404,Testosterone,O=C1CC[C@]2(C(=C1)CC[C@@H]1[C@@H]2CC[C@]2([C@H]1CC[C@@H]2O)C)C,C[C@]12CC[C@H]3[C@@H](CCC4=CC(=O)CC[C@@]43C)[C@@H]1CC[C@@H]2O,-5.47600000,-5.87959296,-0.40359296,0.40359296
405,Testosterone,O=C1CC[C@]2(C(=C1)CC[C@@H]1[C@@H]2CC[C@]2([C@H]1CC[C@@H]2O)C)C,C[C@]12CC[C@H]3[C@@H](CCC4=CC(=O)CC[C@@]43C)[C@@H]1CC[C@@H]2O,-5.59600000,-5.87959296,-0.28359296,0.28359296
407,Boric acid,OB(O)O,OB(O)O,-7.19900000,-7.20992370,-0.01092370,0.01092370
408,Borax,[O-]B1OB2OB(OB(O1)O2)[O-].[Na+].[Na+],[Na+].[Na+].[O-]B1OB2OB([O-])OB(O1)O2,-7.32600000,-6.80055839,0.52544161,0.52544161
409,Disodium octaborate tetrahydrate,[O-]B([O-])[O-].[O-]B([O-])[O-].[O-]B([O-])[O-].[O-]B([O-])[O-].[O-]B([O-])[O-].[O-]B([O-])[O-].[O-]B([O-])[O-].[O-]B([O-])[O-].O.O.O.O.[Na+].[Na+],O.O.O.O.[Na+].[Na+].[O-]B([O-])[O-].[O-]B([O-])[O-].[O-]B([O-])[O-].[O-]B([O-])[O-].[O-]B([O-])[O-].[O-]B([O-])[O-].[O-]B([O-])[O-].[O-]B([O-])[O-],-7.65300000,-7.15802879,0.49497121,0.49497121
414,1-Hexanol,CCCCCCO,CCCCCCO,-4.88800000,-5.25840058,-0.37040058,0.37040058
415,Water,O,O,-6.42600000,-6.25437021,0.17162979,0.17162979
416,Ethanol,CCO,CCO,-6.35200000,-6.51035077,-0.15835077,0.15835077
417,1-Butanol,CCCCO,CCCCO,-5.81600000,-6.08857707,-0.27257707,0.27257707
419,1-Hexanol,CCCCCCO,CCCCCCO,-5.77800000,-5.31482176,0.46317824,0.46317824
424,1-Hexanol,CCCCCCO,CCCCCCO,-5.63700000,-5.31482176,0.32217824,0.32217824
426,2-Amino-4-Nitrophenol,[O-][N+](=O)c1ccc(c(c1)N)O,Nc1cc([N+](=O)[O-])ccc1O,-6.73700000,-6.86157633,-0.12457633,0.12457633
429,1-Octanol,CCCCCCCCO,CCCCCCCCO,-4.83300000,-4.88908724,-0.05608724,0.05608724
430,1-Octyl-2-Pyrrolidone,CCCCCCCCN1CCCC1=O,CCCCCCCCN1CCCC1=O,-4.81000000,-5.38802333,-0.57802333,0.57802333
432,Amphetamine,CC(Cc1ccccc1)N,CC(N)Cc1ccccc1,-4.59200000,-5.08696100,-0.49496100,0.49496100
435,Flufenamic acid,OC(=O)c1ccccc1Nc1cccc(c1)C(F)(F)F,O=C(O)c1ccccc1Nc1cccc(C(F)(F)F)c1,-6.20100000,-6.30236848,-0.10136848,0.10136848
436,Flufenamic acid,OC(=O)c1ccccc1Nc1cccc(c1)C(F)(F)F,O=C(O)c1ccccc1Nc1cccc(C(F)(F)F)c1,-6.09400000,-6.30236848,-0.20836848,0.20836848
437,Flufenamic acid,OC(=O)c1ccccc1Nc1cccc(c1)C(F)(F)F,O=C(O)c1ccccc1Nc1cccc(C(F)(F)F)c1,-6.11100000,-6.30236848,-0.19136848,0.19136848
442,1-Butanol,CCCCO,CCCCO,-6.55600000,-6.06984059,0.48615941,0.48615941
446,1-Heptanol,CCCCCCCO,CCCCCCCO,-5.15800000,-4.99351714,0.16448286,0.16448286
448,1-Hexanol,CCCCCCO,CCCCCCO,-5.25500000,-5.20219445,0.05280555,0.05280555
452,1-Octanol,CCCCCCCCO,CCCCCCCCO,-5.14100000,-4.80868285,0.33231715,0.33231715
454,1-Pentanol,CCCCCO,CCCCCO,-5.17600000,-5.54264114,-0.36664114,0.36664114
457,1-Propanol,CCCO,CCCO,-6.30100000,-6.36997471,-0.06897471,0.06897471
460,Fentanyl,CCC(=O)N(c1ccccc1)C1CCN(CC1)CCc1ccccc1,CCC(=O)N(c1ccccc1)C1CCN(CCc2ccccc2)CC1,-5.84900000,-5.57485836,0.27414164,0.27414164
461,Fentanyl,CCC(=O)N(c1ccccc1)C1CCN(CC1)CCc1ccccc1,CCC(=O)N(c1ccccc1)C1CCN(CCc2ccccc2)CC1,-5.70500000,-5.57485836,0.13014164,0.13014164
462,Fentanyl,CCC(=O)N(c1ccccc1)C1CCN(CC1)CCc1ccccc1,CCC(=O)N(c1ccccc1)C1CCN(CCc2ccccc2)CC1,-5.45200000,-5.57485836,-0.12285836,0.12285836
463,Fentanyl,CCC(=O)N(c1ccccc1)C1CCN(CC1)CCc1ccccc1,CCC(=O)N(c1ccccc1)C1CCN(CCc2ccccc2)CC1,-5.20600000,-5.57485836,-0.36885836,0.36885836
464,Fentanyl,CCC(=O)N(c1ccccc1)C1CCN(CC1)CCc1ccccc1,CCC(=O)N(c1ccccc1)C1CCN(CCc2ccccc2)CC1,-5.11500000,-5.57485836,-0.45985836,0.45985836
465,Fentanyl,CCC(=O)N(c1ccccc1)C1CCN(CC1)CCc1ccccc1,CCC(=O)N(c1ccccc1)C1CCN(CCc2ccccc2)CC1,-5.01300000,-5.57485836,-0.56185836,0.56185836
466,Fentanyl,CCC(=O)N(c1ccccc1)C1CCN(CC1)CCc1ccccc1,CCC(=O)N(c1ccccc1)C1CCN(CCc2ccccc2)CC1,-5.03900000,-5.57485836,-0.53585836,0.53585836
469,Sufentanil,COCC1(CCN(CC1)CCc1cccs1)N(c1ccccc1)C(=O)CC,CCC(=O)N(c1ccccc1)C1(COC)CCN(CCc2cccs2)CC1,-5.76400000,-5.52418311,0.23981689,0.23981689
470,Sufentanil,COCC1(CCN(CC1)CCc1cccs1)N(c1ccccc1)C(=O)CC,CCC(=O)N(c1ccccc1)C1(COC)CCN(CCc2cccs2)CC1,-5.55200000,-5.52418311,0.02781689,0.02781689
471,Sufentanil,COCC1(CCN(CC1)CCc1cccs1)N(c1ccccc1)C(=O)CC,CCC(=O)N(c1ccccc1)C1(COC)CCN(CCc2cccs2)CC1,-5.36000000,-5.52418311,-0.16418311,0.16418311
472,Sufentanil,COCC1(CCN(CC1)CCc1cccs1)N(c1ccccc1)C(=O)CC,CCC(=O)N(c1ccccc1)C1(COC)CCN(CCc2cccs2)CC1,-5.19300000,-5.52418311,-0.33118311,0.33118311
473,Sufentanil,COCC1(CCN(CC1)CCc1cccs1)N(c1ccccc1)C(=O)CC,CCC(=O)N(c1ccccc1)C1(COC)CCN(CCc2cccs2)CC1,-5.08200000,-5.52418311,-0.44218311,0.44218311
474,Sufentanil,COCC1(CCN(CC1)CCc1cccs1)N(c1ccccc1)C(=O)CC,CCC(=O)N(c1ccccc1)C1(COC)CCN(CCc2cccs2)CC1,-5.01800000,-5.52418311,-0.50618311,0.50618311
475,Sufentanil,COCC1(CCN(CC1)CCc1cccs1)N(c1ccccc1)C(=O)CC,CCC(=O)N(c1ccccc1)C1(COC)CCN(CCc2cccs2)CC1,-5.02900000,-5.52418311,-0.49518311,0.49518311
476,Caffeine,Cn1cnc2c1c(=O)n(C)c(=O)n2C,Cn1c(=O)c2c(ncn2C)n(C)c1=O,-7.14500000,-6.93419113,0.21080887,0.21080887
477,Salicylic acid,OC(=O)c1ccccc1O,O=C(O)c1ccccc1O,-6.21600000,-6.07679547,0.13920453,0.13920453
482,Estradiol,Oc1ccc2c(c1)CC[C@@H]1[C@@H]2CC[C@]2([C@H]1CC[C@@H]2O)C,C[C@]12CC[C@@H]3c4ccc(O)cc4CC[C@H]3[C@@H]1CC[C@@H]2O,-6.55600000,-6.10548255,0.45051745,0.45051745
483,Estradiol,Oc1ccc2c(c1)CC[C@@H]1[C@@H]2CC[C@]2([C@H]1CC[C@@H]2O)C,C[C@]12CC[C@@H]3c4ccc(O)cc4CC[C@H]3[C@@H]1CC[C@@H]2O,-5.55600000,-6.10548255,-0.54948255,0.54948255
488,2-Methoxyethanol,COCCO,COCCO,-6.09500000,-6.17601552,-0.08101552,0.08101552
489,2-Ethoxyethanol,OCCOCC,CCOCCO,-6.63100000,-6.14782503,0.48317497,0.48317497
492,1-Methoxy-2-Propanol,COCC(O)C,COCC(C)O,-6.45900000,-6.28212650,0.17687350,0.17687350
496,Water,O,O,-6.75100000,-6.24200957,0.50899043,0.50899043
497,Ethanol,CCO,CCO,-7.05500000,-6.52275820,0.53224180,0.53224180
498,Mannitol,OC[C@H]([C@H]([C@@H]([C@@H](CO)O)O)O)O,OC[C@@H](O)[C@@H](O)[C@H](O)[C@H](O)CO,-7.77100000,-7.75490809,0.01609191,0.01609191
504,Methanol,CO,CO,-6.35200000,-6.62417411,-0.27217411,0.27217411
505,1-Octanol,CCCCCCCCO,CCCCCCCCO,-4.77100000,-4.85743581,-0.08643581,0.08643581
506,Caffeine,Cn1cnc2c1c(=O)n(C)c(=O)n2C,Cn1c(=O)c2c(ncn2C)n(C)c1=O,-6.35200000,-6.89360396,-0.54160396,0.54160396
507,Methotrexate,OC(=O)CC[C@@H](C(=O)O)NC(=O)c1ccc(cc1)N(Cc1cnc2c(n1)c(N)nc(n2)N)C,CN(Cc1cnc2nc(N)nc(N)c2n1)c1ccc(C(=O)N[C@@H](CCC(=O)O)C(=O)O)cc1,-7.00700000,-6.90512922,0.10187078,0.10187078
508,Methotrexate,OC(=O)CC[C@@H](C(=O)O)NC(=O)c1ccc(cc1)N(Cc1cnc2c(n1)c(N)nc(n2)N)C,CN(Cc1cnc2nc(N)nc(N)c2n1)c1ccc(C(=O)N[C@@H](CCC(=O)O)C(=O)O)cc1,-7.50300000,-6.90512922,0.59787078,0.59787078
509,Methotrexate,OC(=O)CC[C@@H](C(=O)O)NC(=O)c1ccc(cc1)N(Cc1cnc2c(n1)c(N)nc(n2)N)C,CN(Cc1cnc2nc(N)nc(N)c2n1)c1ccc(C(=O)N[C@@H](CCC(=O)O)C(=O)O)cc1,-7.20900000,-6.90512922,0.30387078,0.30387078
510,Methotrexate,OC(=O)CC[C@@H](C(=O)O)NC(=O)c1ccc(cc1)N(Cc1cnc2c(n1)c(N)nc(n2)N)C,CN(Cc1cnc2nc(N)nc(N)c2n1)c1ccc(C(=O)N[C@@H](CCC(=O)O)C(=O)O)cc1,-6.61300000,-6.90512922,-0.29212922,0.29212922
511,Methotrexate,OC(=O)CC[C@@H](C(=O)O)NC(=O)c1ccc(cc1)N(Cc1cnc2c(n1)c(N)nc(n2)N)C,CN(Cc1cnc2nc(N)nc(N)c2n1)c1ccc(C(=O)N[C@@H](CCC(=O)O)C(=O)O)cc1,-6.80700000,-6.90512922,-0.09812922,0.09812922
512,Methotrexate,OC(=O)CC[C@@H](C(=O)O)NC(=O)c1ccc(cc1)N(Cc1cnc2c(n1)c(N)nc(n2)N)C,CN(Cc1cnc2nc(N)nc(N)c2n1)c1ccc(C(=O)N[C@@H](CCC(=O)O)C(=O)O)cc1,-6.50300000,-6.90512922,-0.40212922,0.40212922
513,Methotrexate,OC(=O)CC[C@@H](C(=O)O)NC(=O)c1ccc(cc1)N(Cc1cnc2c(n1)c(N)nc(n2)N)C,CN(Cc1cnc2nc(N)nc(N)c2n1)c1ccc(C(=O)N[C@@H](CCC(=O)O)C(=O)O)cc1,-6.84000000,-6.90512922,-0.06512922,0.06512922
515,2-Phenylphenol,Oc1ccccc1c1ccccc1,Oc1ccccc1-c1ccccc1,-5.29400000,-4.93154224,0.36245776,0.36245776
520,Etorphine,CCCC(C1CC23C=CC1(OC)C1C43CCN(C2Cc2c4c(O1)c(O)cc2)C)(O)C,CCCC(C)(O)C1CC23C=CC1(OC)C1Oc4c(O)ccc5c4C12CCN(C)C3C5,-6.00000000,-6.47427542,-0.47427542,0.47427542
533,Caffeine,Cn1cnc2c1c(=O)n(C)c(=O)n2C,Cn1c(=O)c2c(ncn2C)n(C)c1=O,-6.54100000,-6.93419113,-0.39319113,0.39319113
534,Caffeine,Cn1cnc2c1c(=O)n(C)c(=O)n2C,Cn1c(=O)c2c(ncn2C)n(C)c1=O,-6.91500000,-6.93419113,-0.01919113,0.01919113
537,Butoxyethanol,CCCCOC(O)C,CCCCOC(C)O,-5.98200000,-5.66136321,0.32063679,0.32063679
540,Propoxur,CNC(=O)Oc1ccccc1OC(C)C,CNC(=O)Oc1ccccc1OC(C)C,-5.87800000,-5.51537289,0.36262711,0.36262711
541,Propoxur,CNC(=O)Oc1ccccc1OC(C)C,CNC(=O)Oc1ccccc1OC(C)C,-5.79700000,-5.51537289,0.28162711,0.28162711
542,Propoxur,CNC(=O)Oc1ccccc1OC(C)C,CNC(=O)Oc1ccccc1OC(C)C,-5.91200000,-5.51537289,0.39662711,0.39662711
544,2-Ethoxyethanol,OCCOCC,CCOCCO,-5.64700000,-6.14687881,-0.49987881,0.49987881
545,2-Ethoxyethanol,OCCOCC,CCOCCO,-5.63000000,-6.14687881,-0.51687881,0.51687881
