Compound_Name,Canonical_SMILES,Selected_Measurements,Experimental_Min,Experimental_Max,Experimental_Range,Experimental_Fold_Range_Kp,Predicted_Range,Low_Source_Data_Row,High_Source_Data_Row,Low_Reference,High_Reference,Low_DOI,High_DOI,Differing_Condition_Count,Differing_Conditions,Low_skin source type,High_skin source type,Low_skin source site,High_skin source site,Low_used layer,High_used layer,Low_skin preparation,High_skin preparation,Low_storage temperature (°C),High_storage temperature (°C),Low_storage duration (days),High_storage duration (days),Low_neat,High_neat,Low_donor/skin surface temperature (°C),High_donor/skin surface temperature (°C),Low_donor pH,High_donor pH,Low_donor type,High_donor type,Low_acceptor temperature (°C),High_acceptor temperature (°C),Low_acceptor pH,High_acceptor pH,Low_acceptor type,High_acceptor type,Low_cell type,High_cell type
Estradiol,C[C@]12CC[C@@H]3c4ccc(O)cc4CC[C@H]3[C@@H]1CC[C@@H]2O,12,-6.68400000,-5.55600000,1.12800000,13.42764961,0.03264409,119,483,"Goodman, 1988","Pershing, 1993",10.1111/1523-1747.ep12475655,10.1023/A:1018974131236,9,skin source type | used layer | skin preparation | storage temperature (°C) | storage duration (days) | donor/skin surface temperature (°C) | donor type | acceptor type | cell type,Cadaver,Abdominoplasty,abdomen,abdomen,epidermis,"epidermis, dermis","heat separation, hydrated",dermatomed 500um,-24,4,unknown,14,0,0,30,32,unknown,unknown,Ethanol,"Ethanol/PBS (3:1, v/v), 5% Oleic acid in Ethanol",32,32,unknown,unknown,Ethanol,unknown,Semi-automated apparatus,unknown
1-Butanol,CCCCO,10,-6.55600000,-5.48100000,1.07500000,11.88502227,0.02888600,442,69,"Scheuplein, 1973","Chantasart, 2010",10.1111/1523-1747.ep12723090,10.1007/s11095-010-0181-z,8,skin source type | used layer | storage temperature (°C) | neat | donor/skin surface temperature (°C) | acceptor temperature (°C) | acceptor type | cell type,Cadaver,Abdominoplasty,abdomen,abdomen,dermis,epidermis,heat separation,heat separation,4,-20,unknown,unknown,1,0,25,unknown,unknown,unknown,unknown,unknown,unknown,37,unknown,unknown,Water,unknown,Pyrex cell,Glass diffusion cell
Caffeine,Cn1c(=O)c2c(ncn2C)n(C)c1=O,6,-7.55600000,-6.54100000,1.01500000,10.35142167,0.04003743,171,533,"Mitragotri, 1995","Wilkinson, 2006",10.1002/jps.2600840607,10.1007/s00420-005-0056-5,12,skin source type | skin source site | used layer | skin preparation | storage temperature (°C) | storage duration (days) | donor/skin surface temperature (°C) | donor type | acceptor temperature (°C) | acceptor pH | acceptor type | cell type,Cadaver,Mammaplasty,"abdomen, back",breast,epidermis,"epidermis, dermis",heat separation,"dermatomed 330um, hydrated",4,unknown,7,unknown,0,0,25,32,unknown,unknown,PBS,Ethanol/water (1:1 v/v),25,37,unknown,7.4,PBS,"Saline, HCl",Glass diffusion cell,unknown
Methotrexate,CN(Cc1cnc2nc(N)nc(N)c2n1)c1ccc(C(=O)N[C@@H](CCC(=O)O)C(=O)O)cc1,7,-7.50300000,-6.50300000,1.00000000,10.00000000,0.00000000,508,512,"Vaidyanathan, 1985","Vaidyanathan, 1985",10.1016/0378-5173(85)90106-1,10.1016/0378-5173(85)90106-1,1,donor pH,Cadaver,Cadaver,abdomen,abdomen,"epidermis, dermis","epidermis, dermis",unknown,unknown,unknown,unknown,unknown,unknown,0,0,unknown,unknown,1.98,5.29,Propylene glycol/water (50%),Propylene glycol/water (50%),37,37,unknown,unknown,NaCl solution,NaCl solution,unknown,unknown
1-Hexanol,CCCCCCO,10,-5.77800000,-4.85900000,0.91900000,8.29850768,0.07566118,419,369,"Cross, 2003","Bond, 1988",10.1046/j.1523-1747.2003.12131.x,10.1111/1523-1747.ep12460958,12,skin source type | skin source site | skin preparation | storage temperature (°C) | storage duration (days) | donor/skin surface temperature (°C) | donor pH | donor type | acceptor temperature (°C) | acceptor pH | acceptor type | cell type,Abdominoplasty,Surgery,abdomen,scalp,"epidermis, dermis","epidermis, dermis",fat removed,"dermatomed 420um, hydrated 10d",unknown,-20,unknown,210,0,0,35,31,7.4,unknown,PBS,unknown,35,31,7.4,unknown,PBS with bovine serum albumin,Sodium azide,Franz cell,unknown
1-Decanol,CCCCCCCCCCO,4,-5.51500000,-4.60200000,0.91300000,8.18464788,0.07673322,60,185,"Buist, 2010","Mitragotri, 2000",10.1016/j.yrtph.2010.02.008,10.1023/A:1007547809430,8,skin source site | skin preparation | storage temperature (°C) | donor pH | donor type | acceptor pH | acceptor type | cell type,unknown,unknown,abdomen,unknown,epidermis,epidermis,prepared with NaBr solution,heat separation,-80,unknown,unknown,unknown,0,0,unknown,unknown,unknown,7.4,"NaCl, sodium azide",PBS,unknown,unknown,unknown,7.4,unknown,PBS,unknown,Glass diffusion cell
Fentanyl,CCC(=O)N(c1ccccc1)C1CCN(CCc2ccccc2)CC1,10,-5.84900000,-5.01300000,0.83600000,6.85488226,0.01005755,460,465,"Roy, 1990","Roy, 1990",10.1023/A:1015912932416,10.1023/A:1015912932416,2,donor pH | donor type,Cadaver,Cadaver,thigh,thigh,"epidermis, dermis","epidermis, dermis",dermatomed,dermatomed,-20,-20,unknown,unknown,0,0,37,37,6.02,9.04,Citrate-phosphate buffer,Potassium phosphate buffer,37,37,7.4,7.4,unknown,unknown,unknown,unknown
Ethanol,CCO,7,-7.07900000,-6.27800000,0.80100000,6.32411851,0.06715993,38,79,"Blank, 1964","Cross, 2003",10.1038/jid.1964.174,10.1046/j.1523-1747.2003.12131.x,10,skin source type | used layer | skin preparation | donor/skin surface temperature (°C) | donor pH | donor type | acceptor temperature (°C) | acceptor pH | acceptor type | cell type,Cadaver,Abdominoplasty,abdomen,abdomen,"epidermis, dermis",epidermis,fat removed,heat separation,unknown,unknown,unknown,unknown,0,0,22,35,unknown,7.4,NaCl solution,PBS,22,35,unknown,7.4,NaCl solution,PBS with bovine serum albumin,unknown,Franz cell
Salicylic acid,O=C(O)c1ccccc1O,3,-6.21600000,-5.41600000,0.80000000,6.30957344,0.02313191,477,101,"Schmook, 2001","Degim, 1998",10.1016/S0378-5173(00)00665-7,10.1016/S0378-5173(98)00113-6,9,skin source type | skin preparation | storage temperature (°C) | storage duration (days) | donor/skin surface temperature (°C) | donor type | acceptor temperature (°C) | acceptor pH | acceptor type,Cadaver,Abdominoplasty,abdomen,abdomen,"epidermis, dermis","epidermis, dermis",dermatomed 600um,unknown,-80,unknown,60,unknown,0,0,32,unknown,unknown,unknown,Propylene glycol/Water (9:1),Water,unknown,37,unknown,7.4,PBS with ethanol,PBS,Franz cell,Franz cell
Nicotine,CN1CCCC1c1cccnc1,3,-6.03600000,-5.27000000,0.76600000,5.83445104,0.01401409,100,126,"Degim, 1998","Hadgraft, 1987",10.1016/S0378-5173(98)00113-6,10.1016/0378-5173(87)90210-9,9,skin source type | skin preparation | storage temperature (°C) | storage duration (days) | donor/skin surface temperature (°C) | donor pH | donor type | acceptor pH | acceptor type,Abdominoplasty,Cadaver,abdomen,abdomen,"epidermis, dermis","epidermis, dermis",unknown,fat removed,unknown,4,unknown,0.5,0,0,unknown,30,unknown,9.2,Water,NaOH,37,37,7.4,9.2,PBS,NaOH,Franz cell,Franz cell
Sufentanil,CCC(=O)N(c1ccccc1)C1(COC)CCN(CCc2cccs2)CC1,9,-5.76400000,-5.01800000,0.74600000,5.57185749,0.00000000,469,474,"Roy, 1990","Roy, 1990",10.1023/A:1015912932416,10.1023/A:1015912932416,2,donor pH | donor type,Cadaver,Cadaver,thigh,thigh,"epidermis, dermis","epidermis, dermis",dermatomed,dermatomed,-20,-20,unknown,unknown,0,0,37,37,6.02,9.04,Citrate-phosphate buffer,Potassium phosphate buffer,37,37,7.4,7.4,unknown,unknown,unknown,unknown
Testosterone,C[C@]12CC[C@H]3[C@@H](CCC4=CC(=O)CC[C@@]43C)[C@@H]1CC[C@@H]2O,11,-6.21400000,-5.47600000,0.73800000,5.47015963,0.01697367,175,402,"Mitragotri, 1995","Sznitowska, 2001",10.1002/jps.2600840607,10.1016/s0168-3659(01)00443-6,10,skin source site | used layer | skin preparation | storage temperature (°C) | storage duration (days) | donor/skin surface temperature (°C) | donor pH | acceptor temperature (°C) | acceptor type | cell type,Cadaver,Cadaver,"abdomen, back",abdomen,epidermis,"epidermis, dermis",heat separation,unknown,4,-30,7,unknown,0,0,25,37,unknown,6,PBS,PBS,25,37,unknown,unknown,PBS,"NaCl, sodium azide, acetone",Glass diffusion cell,Flow through cell
Bis(2-ethylhexyl)phthalate,CCCCC(CC)COC(=O)c1ccccc1C(=O)OCC(CC)CCCC,2,-7.65300000,-6.97900000,0.67400000,4.72063041,0.00000000,57,33,"Buist, 2010","Barber, 1992",10.1016/j.yrtph.2010.02.008,10.1016/0272-0590(92)90086-W,12,skin source type | skin source site | used layer | skin preparation | storage temperature (°C) | storage duration (days) | neat | donor type | acceptor temperature (°C) | acceptor pH | acceptor type | cell type,unknown,Cadaver,abdomen,unknown,epidermis,stratum corneum,prepared with NaBr solution,heat separation,-80,4,unknown,2,0,1,unknown,unknown,unknown,unknown,"NaCl, sodium azide",unknown,unknown,30,unknown,7.1,unknown,Dulbecco PBS,unknown,Franz cell
1-Pentanol,CCCCCO,4,-5.77800000,-5.17600000,0.60200000,3.99944750,0.08369436,40,454,"Blank, 1964","Scheuplein, 1973",10.1038/jid.1964.174,10.1111/1523-1747.ep12723090,8,used layer | skin preparation | storage temperature (°C) | donor/skin surface temperature (°C) | donor type | acceptor temperature (°C) | acceptor type | cell type,Cadaver,Cadaver,abdomen,abdomen,"epidermis, dermis",dermis,fat removed,heat separation,unknown,4,unknown,unknown,0,0,22,25,unknown,unknown,NaCl solution,unknown,22,unknown,unknown,unknown,NaCl solution,Water,unknown,Pyrex cell
1-Octanol,CCCCCCCCO,9,-5.14100000,-4.58600000,0.55500000,3.58921935,0.05626610,452,83,"Scheuplein, 1973","Cross, 2003",10.1111/1523-1747.ep12723090,10.1046/j.1523-1747.2003.12131.x,10,skin source type | used layer | storage temperature (°C) | donor/skin surface temperature (°C) | donor pH | donor type | acceptor temperature (°C) | acceptor pH | acceptor type | cell type,Cadaver,Abdominoplasty,abdomen,abdomen,dermis,epidermis,heat separation,heat separation,4,unknown,unknown,unknown,0,0,25,35,unknown,7.4,unknown,PBS,unknown,35,unknown,7.4,Water,PBS with bovine serum albumin,Pyrex cell,Franz cell
Lidocaine,CCN(CC)CC(=O)Nc1c(C)cccc1C,4,-6.07900000,-5.53000000,0.54900000,3.53997341,0.00000000,187,390,"Mitragotri, 2000","Kushla, 1991",10.1023/A:1007547809430,10.1016/0378-5173(91)90387-4,10,skin source type | skin source site | used layer | skin preparation | storage temperature (°C) | donor pH | donor type | acceptor pH | acceptor type | cell type,unknown,Amputated limb,unknown,leg,epidermis,"epidermis, dermis",heat separation,dermatomed 150um,unknown,-14.5,unknown,unknown,0,0,unknown,unknown,7.4,10.0,PBS,"Hydroxypropyl cellulose, chlorbutanol",unknown,unknown,7.4,unknown,PBS,unknown,Glass diffusion cell,Flow through cell
Ephedrine,CN[C@@H](C)[C@H](O)c1ccccc1,4,-6.32600000,-5.77800000,0.54800000,3.53183170,0.00000000,165,156,"Michaels A. S., 1975","Michaels A. S., 1975",10.1002/aic.690210522,10.1002/aic.690210522,1,donor pH,Cadaver,Cadaver,thigh,thigh,"epidermis, dermis","epidermis, dermis",unknown,unknown,4,4,14,14,0,0,30,30,8.85,10.8,unknown,unknown,30,30,6.5,6.5,Ringer solution,Ringer solution,Glass diffusion cell,Glass diffusion cell
2-Ethoxyethanol,CCOCCO,3,-7.15800000,-6.63100000,0.52700000,3.36511569,0.01384772,45,489,"Blank, 1967","Dugard, 1984",10.1038/jid.1967.184,10.1289/ehp.8457193,4,neat | donor/skin surface temperature (°C) | acceptor temperature (°C) | acceptor type,Cadaver,Cadaver,abdomen,abdomen,epidermis,epidermis,heat separation,heat separation,unknown,unknown,unknown,unknown,0,1,unknown,30,unknown,unknown,unknown,unknown,unknown,30,unknown,unknown,unknown,Water,Glass diffusion cell,Glass diffusion cell
Benzoic acid,O=C(O)c1ccccc1,2,-5.67500000,-5.15600000,0.51900000,3.30369541,0.00000000,56,95,"Buist, 2010","Degim, 1998",10.1016/j.yrtph.2010.02.008,10.1016/S0378-5173(98)00113-6,9,skin source type | used layer | skin preparation | storage temperature (°C) | donor type | acceptor temperature (°C) | acceptor pH | acceptor type | cell type,unknown,Abdominoplasty,abdomen,abdomen,epidermis,"epidermis, dermis",prepared with NaBr solution,unknown,-80,unknown,unknown,unknown,0,0,unknown,unknown,unknown,unknown,"NaCl, sodium azide",Water,unknown,37,unknown,7.4,unknown,PBS,unknown,Franz cell
Ibuprofen,CC(C)Cc1ccc(C(C)C(=O)O)cc1,2,-5.50300000,-4.99600000,0.50700000,3.21366054,0.00083305,305,97,"Swart, 2005","Degim, 1998",10.1016/j.ijpharm.2005.05.030,10.1016/S0378-5173(98)00113-6,6,used layer | skin preparation | storage temperature (°C) | donor/skin surface temperature (°C) | donor pH | donor type,Abdominoplasty,Abdominoplasty,abdomen,abdomen,epidermis,"epidermis, dermis",heat separation,unknown,-20,unknown,unknown,unknown,0,0,37,unknown,7,unknown,PBS,Water,37,37,7.4,7.4,PBS,PBS,Franz cell,Franz cell
Methanol,CO,3,-6.85700000,-6.35200000,0.50500000,3.19889511,0.04073232,286,504,"Scheuplein, 1973","Southwell, 1984",10.1111/1523-1747.ep12723090,10.1016/0378-5173(84)90145-5,6,used layer | skin preparation | storage temperature (°C) | donor/skin surface temperature (°C) | acceptor type | cell type,Cadaver,Cadaver,abdomen,abdomen,epidermis,stratum corneum,heat separation,"heat separation, hydrated",4,unknown,unknown,unknown,0,0,25,30,unknown,unknown,unknown,unknown,unknown,unknown,unknown,unknown,Water,unknown,Pyrex cell,Glass diffusion cell
Hydrocortisone,C[C@]12CCC(=O)C=C1CC[C@@H]1[C@@H]2[C@@H](O)C[C@@]2(C)[C@H]1CC[C@]2(O)C(=O)CO,7,-7.68100000,-7.19500000,0.48600000,3.06196343,0.05130389,399,135,"Sznitowska, 2001","Johnson, 1995",10.1016/s0168-3659(01)00443-6,10.1002/jps.2600840922,11,skin source site | used layer | skin preparation | storage temperature (°C) | storage duration (days) | donor/skin surface temperature (°C) | donor pH | donor type | acceptor temperature (°C) | acceptor type | cell type,Cadaver,Cadaver,abdomen,"abdomen, chest, back","epidermis, dermis",epidermis,unknown,heat separation,-30,5,unknown,7,0,0,37,unknown,6,unknown,"Ethanol, Britton-Robinson buffer",unknown,37,unknown,unknown,unknown,"NaCl, Sodium azide",unknown,Flow through cell,Glass diffusion cell
Lysine,NCCCC[C@H](N)C(=O)O,2,-7.32800000,-6.86000000,0.46800000,2.93764965,0.00000000,319,320,"Sznitowska, 1993","Sznitowska, 1993",10.1016/0378-5173(93)90321-6,10.1016/0378-5173(93)90321-6,1,donor pH,Cadaver,Cadaver,thigh,thigh,"epidermis, dermis","epidermis, dermis",dermatomed 500um,dermatomed 500um,-20,-20,unknown,unknown,0,0,unknown,unknown,7.3,8.9,NaCl solution,NaCl solution,37,37,7.3,7.3,NaCl solution,NaCl solution,Glass diffusion cell,Glass diffusion cell
Methyl 4-hydroxybenzoate,COC(=O)c1ccc(O)cc1,4,-5.63400000,-5.23000000,0.40400000,2.53512863,0.03081197,225,3,"Romonchuk, 2010","Akomeah, 2007",10.1159/000272121,10.1002/jps.20773,7,skin source type | skin source site | storage temperature (°C) | acceptor temperature (°C) | acceptor pH | acceptor type | cell type,Cadaver,Abdominoplasty,"back, leg",abdomen,epidermis,epidermis,heat separation,heat separation,-70,unknown,unknown,unknown,0,0,32,32,7.4,7.4,PBS,PBS,32,37,7.4,unknown,PBS with sodium azide,PBS,unknown,Franz cell
Mannitol,OC[C@@H](O)[C@@H](O)[C@H](O)[C@H](O)CO,4,-8.15800000,-7.77100000,0.38700000,2.43781082,0.06733495,383,498,"Clowes, 1994","Scott, 1990",10.1016/0887-2333(94)90078-7,10.1111/1523-1747.ep12475447,9,used layer | skin preparation | storage temperature (°C) | storage duration (days) | donor/skin surface temperature (°C) | donor type | acceptor temperature (°C) | acceptor type | cell type,Cadaver,Cadaver,abdomen,abdomen,epidermis,unknown,heat separation,unknown,unknown,7,unknown,4,0,0,32,30,unknown,unknown,NaCl solution,unknown,32,30,unknown,unknown,NaCl solution,unknown,Flow through cell,unknown
Water,O,9,-6.70700000,-6.32300000,0.38400000,2.42102905,0.00000000,382,28,"Clowes, 1994","Astley, 1976",10.1016/0887-2333(94)90078-7,10.1002/jps.2600650210 ,12,skin source type | skin source site | skin preparation | storage temperature (°C) | storage duration (days) | donor/skin surface temperature (°C) | donor pH | donor type | acceptor temperature (°C) | acceptor pH | acceptor type | cell type,Cadaver,Amputated limb,abdomen,"thigh, leg","epidermis, dermis","epidermis, dermis",dermatomed 130um,dermatomed 380um,unknown,-20,4,90,0,0,32,unknown,unknown,7,NaCl solution,PBS,33,unknown,unknown,7,NaCl solution,PBS,Flow through cell,Glass diffusion cell
Butoxyethanol,CCCCOC(C)O,3,-6.36400000,-5.98200000,0.38200000,2.40990543,0.00000000,538,537,"Wilkinson, 2006","Wilkinson, 2006",10.1007/s00420-005-0056-5,10.1007/s00420-005-0056-5,1,skin preparation,Mammaplasty,Mammaplasty,breast,breast,"epidermis, dermis","epidermis, dermis",unknown,"dermatomed 330um, hydrated",unknown,unknown,unknown,unknown,0,0,32,32,unknown,unknown,Water,Water,37,37,7.4,7.4,"Saline, HCl","Saline, HCl",unknown,unknown
2-Propoxyethanol,CCCOCCO,2,-6.92300000,-6.54300000,0.38000000,2.39883292,0.00000000,339,334,"Venier, 2004","Venier, 2004",10.1016/j.tiv.2004.03.004,10.1016/j.tiv.2004.03.004,1,neat,Surgery,Surgery,abdomen,abdomen,"epidermis, dermis","epidermis, dermis",fat removed,fat removed,-25,-25,120,120,1,0,unknown,unknown,unknown,unknown,unknown,unknown,32,32,unknown,unknown,NaCl solution,NaCl solution,Franz cell,Franz cell
Progesterone,CC(=O)[C@H]1CC[C@H]2[C@@H]3CCC4=CC(=O)CC[C@]4(C)[C@H]3CC[C@]12C,3,-5.44200000,-5.07900000,0.36300000,2.30674719,0.05246418,174,136,"Mitragotri, 1995","Johnson, 1995",10.1002/jps.2600840607,10.1002/jps.2600840922,6,skin source site | storage temperature (°C) | donor/skin surface temperature (°C) | donor type | acceptor temperature (°C) | acceptor type,Cadaver,Cadaver,"abdomen, back","abdomen, chest, back",epidermis,epidermis,heat separation,heat separation,4,5,7,7,0,0,25,unknown,unknown,unknown,PBS,unknown,25,unknown,unknown,unknown,PBS,unknown,Glass diffusion cell,Glass diffusion cell
2-Naphthol,Oc1ccc2ccccc2c1,2,-5.11100000,-4.75700000,0.35400000,2.25943577,0.02450913,217,358,"Roberts, 1977","Zhang, 2009",10.1111/j.2042-7158.1977.tb11434.x ,10.1007/s11095-009-9912-4,10,skin source type | skin preparation | storage temperature (°C) | storage duration (days) | donor/skin surface temperature (°C) | donor pH | donor type | acceptor temperature (°C) | acceptor type | cell type,Cadaver,Abdominoplasty,abdomen,abdomen,epidermis,epidermis,exposure to ammonia fumes,heat separation,unknown,-20,unknown,90,0,0,25,32,unknown,7.4,unknown,PBS,25,32,unknown,unknown,unknown,PBS with ethanol,Pyrex cell,Franz cell
Ethylene glycol mono methyl ether acetate,COCCOC(C)=O,2,-6.63700000,-6.29900000,0.33800000,2.17770977,0.00000000,338,333,"Venier, 2004","Venier, 2004",10.1016/j.tiv.2004.03.004,10.1016/j.tiv.2004.03.004,1,neat,Surgery,Surgery,abdomen,abdomen,"epidermis, dermis","epidermis, dermis",fat removed,fat removed,-25,-25,120,120,1,0,unknown,unknown,unknown,unknown,unknown,unknown,32,32,unknown,unknown,NaCl solution,NaCl solution,Franz cell,Franz cell
"2,4-Dichlorophenol",Oc1ccc(Cl)cc1Cl,2,-5.06500000,-4.77800000,0.28700000,1.93642196,0.00263319,54,206,"Buist, 2010","Roberts, 1977",10.1016/j.yrtph.2010.02.008,10.1111/j.2042-7158.1977.tb11434.x ,7,skin source type | skin preparation | storage temperature (°C) | donor/skin surface temperature (°C) | donor type | acceptor temperature (°C) | cell type,unknown,Cadaver,abdomen,abdomen,epidermis,epidermis,prepared with NaBr solution,exposure to ammonia fumes,-80,unknown,unknown,unknown,0,0,unknown,25,unknown,unknown,"NaCl, sodium azide",unknown,unknown,25,unknown,unknown,unknown,unknown,unknown,Pyrex cell
Aldosterone,C[C@]12CCC(=O)C=C1CC[C@@H]1[C@@H]2[C@@H](O)C[C@]2(C=O)[C@@H](C(=O)CO)CC[C@@H]12,3,-8.07900000,-7.79300000,0.28600000,1.93196832,0.00000000,183,133,"Mitragotri, 2000","Johnson, 1995",10.1023/A:1007547809430,10.1002/jps.2600840922,8,skin source type | skin source site | storage temperature (°C) | storage duration (days) | donor pH | donor type | acceptor pH | acceptor type,unknown,Cadaver,unknown,"abdomen, chest, back",epidermis,epidermis,heat separation,heat separation,unknown,5,unknown,7,0,0,unknown,unknown,7.4,unknown,PBS,unknown,unknown,unknown,7.4,unknown,PBS,unknown,Glass diffusion cell,Glass diffusion cell
1-Propanol,CCCO,5,-6.55600000,-6.30100000,0.25500000,1.79887092,0.03608875,41,457,"Blank, 1964","Scheuplein, 1973",10.1038/jid.1964.174,10.1111/1523-1747.ep12723090,9,used layer | skin preparation | storage temperature (°C) | neat | donor/skin surface temperature (°C) | donor type | acceptor temperature (°C) | acceptor type | cell type,Cadaver,Cadaver,abdomen,abdomen,"epidermis, dermis",dermis,fat removed,heat separation,unknown,4,unknown,unknown,0,1,22,25,unknown,unknown,NaCl solution,unknown,22,unknown,unknown,unknown,NaCl solution,Water,unknown,Pyrex cell
Ethylene glycol mono isopropyl ether,CC(C)OCCO,2,-7.12500000,-6.91300000,0.21200000,1.62929603,0.00000000,337,332,"Venier, 2004","Venier, 2004",10.1016/j.tiv.2004.03.004,10.1016/j.tiv.2004.03.004,1,neat,Surgery,Surgery,abdomen,abdomen,"epidermis, dermis","epidermis, dermis",fat removed,fat removed,-25,-25,120,120,1,0,unknown,unknown,unknown,unknown,unknown,unknown,32,32,unknown,unknown,NaCl solution,NaCl solution,Franz cell,Franz cell
Butyl p-aminobenzoate,CCCCOC(=O)c1ccc(N)cc1,2,-4.60700000,-4.41000000,0.19700000,1.57398286,0.00000000,234,439,"Roy, 1993","Roy, 1993",10.1002/jps.2600821217,10.1002/jps.2600821217,2,used layer | skin preparation,Cadaver,Cadaver,thigh,thigh,"epidermis, dermis","epidermis, dermis without stratum corneum",dermatomed 300um,"dermatomed, tape-stripped",4,4,unknown,unknown,0,0,25,25,unknown,unknown,unknown,unknown,25,25,unknown,unknown,unknown,unknown,Flow through cell,Flow through cell
Chlorocresol,Cc1c(O)cccc1Cl,2,-5.00000000,-4.81600000,0.18400000,1.52756606,0.02594031,361,218,"Zhang, 2009","Roberts, 1977",10.1007/s11095-009-9912-4,10.1111/j.2042-7158.1977.tb11434.x ,10,skin source type | skin preparation | storage temperature (°C) | storage duration (days) | donor/skin surface temperature (°C) | donor pH | donor type | acceptor temperature (°C) | acceptor type | cell type,Abdominoplasty,Cadaver,abdomen,abdomen,epidermis,epidermis,heat separation,exposure to ammonia fumes,-20,unknown,90,unknown,0,0,32,25,7.4,unknown,PBS,unknown,32,25,unknown,unknown,PBS with ethanol,unknown,Franz cell,Pyrex cell
1-Heptanol,CCCCCCCO,4,-5.15800000,-4.98100000,0.17700000,1.50314197,0.07512967,446,252,"Scheuplein, 1973","Scheuplein, 1967",10.1111/1523-1747.ep12723090,10.1038/jid.1967.11,9,skin source type | skin source site | used layer | skin preparation | storage temperature (°C) | donor/skin surface temperature (°C) | acceptor temperature (°C) | acceptor type | cell type,Cadaver,unknown,abdomen,unknown,dermis,epidermis,heat separation,unknown,4,unknown,unknown,unknown,0,0,25,30,unknown,unknown,unknown,unknown,unknown,30,unknown,unknown,Water,unknown,Pyrex cell,unknown
Benzene,c1ccccc1,2,-4.51100000,-4.35200000,0.15900000,1.44211535,0.01014290,47,169,"Blank, 1985","Mitragotri, 1995",10.1111/1523-1747.ep12277325,10.1002/jps.2600840607,6,skin source site | storage duration (days) | donor/skin surface temperature (°C) | donor type | acceptor temperature (°C) | acceptor type,Cadaver,Cadaver,abdomen,"abdomen, back",epidermis,epidermis,heat separation,heat separation,4,4,unknown,7,0,0,31,25,unknown,unknown,NaCl solution,PBS,unknown,25,unknown,unknown,NaCl solution,PBS,Glass diffusion cell,Glass diffusion cell
Aspartic acid,NC(CC(=O)O)C(=O)O,2,-7.58500000,-7.43200000,0.15300000,1.42232879,0.00000000,315,314,"Sznitowska, 1993","Sznitowska, 1993",10.1016/0378-5173(93)90321-6,10.1016/0378-5173(93)90321-6,1,donor pH,Cadaver,Cadaver,thigh,thigh,"epidermis, dermis","epidermis, dermis",dermatomed 500um,dermatomed 500um,-20,-20,unknown,unknown,0,0,unknown,unknown,7.3,3.4,NaCl solution,NaCl solution,37,37,7.3,7.3,NaCl solution,NaCl solution,Glass diffusion cell,Glass diffusion cell
Chloroxylenol,Cc1ccc(Cl)c(O)c1C,2,-4.78500000,-4.65100000,0.13400000,1.36144468,0.01760447,219,362,"Roberts, 1977","Zhang, 2009",10.1111/j.2042-7158.1977.tb11434.x ,10.1007/s11095-009-9912-4,10,skin source type | skin preparation | storage temperature (°C) | storage duration (days) | donor/skin surface temperature (°C) | donor pH | donor type | acceptor temperature (°C) | acceptor type | cell type,Cadaver,Abdominoplasty,abdomen,abdomen,epidermis,epidermis,exposure to ammonia fumes,heat separation,unknown,-20,unknown,90,0,0,25,32,unknown,7.4,unknown,PBS,25,32,unknown,unknown,unknown,PBS with ethanol,Pyrex cell,Franz cell
Propoxur,CNC(=O)Oc1ccccc1OC(C)C,3,-5.91200000,-5.79700000,0.11500000,1.30316678,0.00000000,542,541,"Wilkinson, 2006","Wilkinson, 2006",10.1007/s00420-005-0056-5,10.1007/s00420-005-0056-5,1,donor type,Mammaplasty,Mammaplasty,breast,breast,"epidermis, dermis","epidermis, dermis",unknown,unknown,unknown,unknown,unknown,unknown,0,0,32,32,unknown,unknown,10 % Ethanol in water,60 % Ethanol in water,36,36,7.4,7.4,"0.9% NaCl, 0.01% sodium azide, 3% BSA","0.9% NaCl, 0.01% sodium azide, 3% BSA",unknown,unknown
Flufenamic acid,O=C(O)c1ccccc1Nc1cccc(C(F)(F)F)c1,4,-6.20100000,-6.09400000,0.10700000,1.27938130,0.00000000,435,436,"Henning, 2008","Henning, 2008",10.1159/000112958,10.1159/000112958,2,used layer | skin preparation,Abdominoplasty,Abdominoplasty,abdomen,abdomen,stratum corneum,dermis,trypsinisation,heat separation,-26,-26,180,180,0,0,32,32,7.4,7.4,Sorensen buffer,Sorensen buffer,32,32,7.4,7.4,PBS,PBS,Franz cell,Franz cell
Histidine,N[C@@H](Cc1c[nH]cn1)C(=O)O,3,-7.90700000,-7.81200000,0.09500000,1.24451461,0.00000000,316,317,"Sznitowska, 1993","Sznitowska, 1993",10.1016/0378-5173(93)90321-6,10.1016/0378-5173(93)90321-6,1,donor pH,Cadaver,Cadaver,thigh,thigh,"epidermis, dermis","epidermis, dermis",dermatomed 500um,dermatomed 500um,-20,-20,unknown,unknown,0,0,unknown,unknown,5,7.3,NaCl solution,NaCl solution,37,37,7.3,7.3,NaCl solution,NaCl solution,Glass diffusion cell,Glass diffusion cell
Thymol,Cc1ccc(C(C)C)c(O)c1,3,-4.86000000,-4.77000000,0.09000000,1.23026877,0.03152493,78,367,"Chantasart, 2010","Zhang, 2009",10.1007/s11095-010-0181-z,10.1007/s11095-009-9912-4,7,storage duration (days) | donor/skin surface temperature (°C) | donor pH | donor type | acceptor temperature (°C) | acceptor type | cell type,Abdominoplasty,Abdominoplasty,abdomen,abdomen,epidermis,epidermis,heat separation,heat separation,-20,-20,unknown,90,0,0,unknown,32,unknown,7.4,unknown,PBS,37,32,unknown,unknown,unknown,PBS with ethanol,Glass diffusion cell,Franz cell
1-Methoxy-2-Propanol,COCC(C)O,2,-6.45900000,-6.39700000,0.06200000,1.15345326,0.01384772,492,341,"Dugard, 1984","Wilkinson, 2002",10.1289/ehp.8457193,10.1007/s00420-002-0367-8,11,skin source type | skin source site | used layer | skin preparation | storage temperature (°C) | neat | donor/skin surface temperature (°C) | donor pH | acceptor temperature (°C) | acceptor pH | acceptor type,Cadaver,Mammaplasty,abdomen,breast,epidermis,"epidermis, dermis",heat separation,dermatomed 330um,unknown,-70,unknown,unknown,1,0,30,unknown,unknown,7.4,unknown,unknown,30,32,unknown,7.4,Water,"Eagle’s Minimal Essential Medium, sodium hydrogen carbonate, gentamicin",Glass diffusion cell,Glass diffusion cell
Carvacrol,Cc1ccc(C(C)C)cc1O,2,-4.84200000,-4.81000000,0.03200000,1.07646521,0.00000000,77,360,"Chantasart, 2010","Zhang, 2009",10.1007/s11095-010-0181-z,10.1007/s11095-009-9912-4,7,storage duration (days) | donor/skin surface temperature (°C) | donor pH | donor type | acceptor temperature (°C) | acceptor type | cell type,Abdominoplasty,Abdominoplasty,abdomen,abdomen,epidermis,epidermis,heat separation,heat separation,-20,-20,unknown,90,0,0,unknown,32,unknown,7.4,unknown,PBS,37,32,unknown,unknown,unknown,PBS with ethanol,Glass diffusion cell,Franz cell
Phenol,Oc1ccccc1,2,-5.61400000,-5.58600000,0.02800000,1.06659612,0.01350490,221,112,"Roberts, 1977","du Plessis, 2002",10.1111/j.2042-7158.1977.tb11434.x ,10.1016/S0928-0987(02)00085-4,9,skin source type | skin preparation | storage temperature (°C) | donor/skin surface temperature (°C) | donor type | acceptor temperature (°C) | acceptor pH | acceptor type | cell type,Cadaver,Abdominoplasty,abdomen,abdomen,epidermis,epidermis,exposure to ammonia fumes,heat separation,unknown,-17,unknown,unknown,0,0,25,37,unknown,unknown,unknown,Water,25,37,unknown,7.4,unknown,PBS,Pyrex cell,Franz cell
Diethyl ether,CCOCC,2,-5.35200000,-5.32500000,0.02700000,1.06414302,0.01801703,46,250,"Blank, 1967","Scheuplein, 1967",10.1038/jid.1967.184,10.1038/jid.1967.11,6,skin source type | skin source site | skin preparation | donor/skin surface temperature (°C) | acceptor temperature (°C) | cell type,Cadaver,unknown,abdomen,unknown,epidermis,epidermis,heat separation,unknown,unknown,unknown,unknown,unknown,0,0,unknown,30,unknown,unknown,unknown,unknown,unknown,30,unknown,unknown,unknown,unknown,Glass diffusion cell,unknown
1-Octyl-2-Pyrrolidone,CCCCCCCCN1CCCC1=O,2,-4.82700000,-4.81000000,0.01700000,1.03992017,0.00000000,74,430,"Chantasart, 2010","Chantasart, 2010",10.1007/s11095-010-0181-z,10.1007/s11095-010-0181-z,2,used layer | skin preparation,Abdominoplasty,Abdominoplasty,abdomen,abdomen,epidermis,epidermis without stratum corneum,heat separation,tape-stripped,-20,-20,unknown,unknown,0,0,unknown,unknown,unknown,unknown,unknown,unknown,37,37,unknown,unknown,unknown,unknown,Glass diffusion cell,Glass diffusion cell
Hydrocortisone 21-propionate,CCC(=O)OCC(=O)[C@@]1(O)CC[C@H]2[C@@H]3CCC4=CC(=O)CC[C@]4(C)[C@H]3[C@@H](O)C[C@@]21C,2,-6.03800000,-6.02500000,0.01300000,1.03038612,0.00000000,15,16,"Anderson, 1988","Anderson, 1988",10.1023/a:1015989929342,10.1023/a:1015989929342,1,used layer,Abdominoplasty or cadaver,Abdominoplasty or cadaver,unknown,unknown,"epidermis, dermis",stratum corneum,dry heat separation,dry heat separation,4,4,8.5,8.5,0,0,37,37,4,4,Succinate solution,Succinate solution,37,37,4,4,Succinate solution,Succinate solution,Flow through cell,Flow through cell
Fluocinonide,CC(=O)OCC(=O)[C@@]12OC(C)(C)O[C@@H]1C[C@H]1[C@@H]3C[C@H](F)C4=CC(=O)C=C[C@]4(C)[C@@]3(F)[C@@H](O)C[C@@]12C,2,-6.32600000,-6.32600000,0.00000000,1.00000000,0.00000000,4,4,"Anderson, 1988","Anderson, 1988",10.1023/a:1015989929342,10.1023/a:1015989929342,0,,Abdominoplasty or cadaver,Abdominoplasty or cadaver,unknown,unknown,stratum corneum,stratum corneum,dry heat separation,dry heat separation,4,4,8.5,8.5,0,0,37,37,4,4,Succinate solution,Succinate solution,37,37,4,4,Succinate solution,Succinate solution,Flow through cell,Flow through cell
"2,3-Butanediol",CC(O)C(C)O,2,-7.85700000,-7.85700000,0.00000000,1.00000000,0.04073233,42,42,"Blank, 1967","Blank, 1967",10.1038/jid.1967.184,10.1038/jid.1967.184,0,,Cadaver,Cadaver,abdomen,abdomen,epidermis,epidermis,heat separation,heat separation,unknown,unknown,unknown,unknown,0,0,unknown,unknown,unknown,unknown,unknown,unknown,unknown,unknown,unknown,unknown,unknown,unknown,Glass diffusion cell,Glass diffusion cell
Butan-2-one,CCC(C)=O,2,-5.90300000,-5.90300000,0.00000000,1.00000000,0.04550890,44,44,"Blank, 1967","Blank, 1967",10.1038/jid.1967.184,10.1038/jid.1967.184,0,,Cadaver,Cadaver,abdomen,abdomen,epidermis,epidermis,heat separation,heat separation,unknown,unknown,unknown,unknown,0,0,unknown,unknown,unknown,unknown,unknown,unknown,unknown,unknown,unknown,unknown,unknown,unknown,Glass diffusion cell,Glass diffusion cell
