reference,DOI,DOI_URL,Selected_Measurements,Unique_Compounds,Condition_Signatures,Experimental_Min,Experimental_Max,Experimental_Range,Selected_Row_Share_Percent,Reference_Year
"Roberts, 1977",10.1111/j.2042-7158.1977.tb11434.x ,https://doi.org/10.1111/j.2042-7158.1977.tb11434.x,18,18,1,-5.81000000,-4.77800000,1.03200000,5.34124629,1977
"Scheuplein, 1973",10.1111/1523-1747.ep12723090,https://doi.org/10.1111/1523-1747.ep12723090,17,10,4,-6.85700000,-4.65300000,2.20400000,5.04451039,1973
"Roy, 1990",10.1023/A:1015912932416,https://doi.org/10.1023/A:1015912932416,16,2,8,-5.84900000,-5.01300000,0.83600000,4.74777448,1990
"Buist, 2010",10.1016/j.yrtph.2010.02.008,https://doi.org/10.1016/j.yrtph.2010.02.008,14,14,1,-7.65300000,-5.06500000,2.58800000,4.15430267,2010
"Zhang, 2009",10.1007/s11095-009-9912-4,https://doi.org/10.1007/s11095-009-9912-4,10,10,1,-5.63200000,-4.65100000,0.98100000,2.96735905,2009
"Chantasart, 2010",10.1007/s11095-010-0181-z,https://doi.org/10.1007/s11095-010-0181-z,10,8,2,-5.48100000,-4.81000000,0.67100000,2.96735905,2010
"Sznitowska, 2001",10.1016/s0168-3659(01)00443-6,https://doi.org/10.1016/s0168-3659(01)00443-6,10,2,10,-7.68100000,-5.47600000,2.20500000,2.96735905,2001
"Anderson, 1988",10.1023/a:1015989929342,https://doi.org/10.1023/a:1015989929342,9,7,2,-6.75700000,-5.82400000,0.93300000,2.67062315,1988
"Cross, 2003",10.1046/j.1523-1747.2003.12131.x,https://doi.org/10.1046/j.1523-1747.2003.12131.x,9,5,3,-6.35200000,-4.58600000,1.76600000,2.67062315,2003
"Mitragotri, 2000",10.1023/A:1007547809430,https://doi.org/10.1023/A:1007547809430,8,8,1,-8.07900000,-4.60200000,3.47700000,2.37388724,2000
"Scheuplein, 1965",10.1038/jid.1965.140,https://doi.org/10.1038/jid.1965.140,8,8,1,-6.55600000,-4.84000000,1.71600000,2.37388724,1965
"Swart, 2005",10.1016/j.ijpharm.2005.05.030,https://doi.org/10.1016/j.ijpharm.2005.05.030,8,8,1,-7.70000000,-5.33100000,2.36900000,2.37388724,2005
"Xu, 2002",10.1006/taap.2002.9494,https://doi.org/10.1006/taap.2002.9494,8,8,2,-6.51500000,-4.30100000,2.21400000,2.37388724,2002
"Michaels A. S., 1975",10.1002/aic.690210522,https://doi.org/10.1002/aic.690210522,8,5,8,-7.85200000,-5.55600000,2.29600000,2.37388724,1975
"Hadgraft, 1987",10.1016/0378-5173(87)90210-9,https://doi.org/10.1016/0378-5173(87)90210-9,7,7,5,-7.50900000,-5.27000000,2.23900000,2.07715134,1987
"Scheuplein, 1967",10.1038/jid.1967.11,https://doi.org/10.1038/jid.1967.11,7,7,1,-7.85700000,-4.98100000,2.87600000,2.07715134,1967
"du Plessis, 2002",10.1016/S0928-0987(02)00085-4,https://doi.org/10.1016/S0928-0987(02)00085-4,7,7,1,-7.45600000,-5.58600000,1.87000000,2.07715134,2002
"Sznitowska, 1993",10.1016/0378-5173(93)90321-6,https://doi.org/10.1016/0378-5173(93)90321-6,7,3,5,-7.90700000,-6.86000000,1.04700000,2.07715134,1993
"Wilkinson, 2006",10.1007/s00420-005-0056-5,https://doi.org/10.1007/s00420-005-0056-5,7,3,7,-6.91500000,-5.79700000,1.11800000,2.07715134,2006
"Vaidyanathan, 1985",10.1016/0378-5173(85)90106-1,https://doi.org/10.1016/0378-5173(85)90106-1,7,1,6,-7.50300000,-6.50300000,1.00000000,2.07715134,1985
"Bronaugh, 1984",10.1111/1523-1747.ep12263302,https://doi.org/10.1111/1523-1747.ep12263302,6,6,2,-7.62200000,-6.23400000,1.38800000,1.78041543,1984
"Degim, 1998",10.1016/S0378-5173(98)00113-6,https://doi.org/10.1016/S0378-5173(98)00113-6,6,6,1,-6.55600000,-4.99600000,1.56000000,1.78041543,1998
"Mitragotri, 1995",10.1002/jps.2600840607,https://doi.org/10.1002/jps.2600840607,6,6,1,-7.55600000,-4.35200000,3.20400000,1.78041543,1995
"Scheuplein, 1969",10.1038/jid.1969.9,https://doi.org/10.1038/jid.1969.9,6,6,1,-7.95400000,-6.00000000,1.95400000,1.78041543,1969
"Venier, 2004",10.1016/j.tiv.2004.03.004,https://doi.org/10.1016/j.tiv.2004.03.004,6,3,2,-7.12500000,-6.29900000,0.82600000,1.78041543,2004
"Anderson, 1989",10.1111/1523-1747.ep12277592,https://doi.org/10.1111/1523-1747.ep12277592,5,5,1,-6.90300000,-3.63700000,3.26600000,1.48367953,1989
"Blank, 1967",10.1038/jid.1967.184,https://doi.org/10.1038/jid.1967.184,5,5,1,-7.85700000,-5.35200000,2.50500000,1.48367953,1967
"Bond, 1988",10.1111/1523-1747.ep12460958,https://doi.org/10.1111/1523-1747.ep12460958,5,2,4,-6.42600000,-4.85900000,1.56700000,1.48367953,1988
"Blank, 1964",10.1038/jid.1964.174,https://doi.org/10.1038/jid.1964.174,4,4,1,-7.07900000,-4.84000000,2.23900000,1.18694362,1964
"Dugard, 1984",10.1289/ehp.8457193,https://doi.org/10.1289/ehp.8457193,4,4,1,-6.64900000,-6.09500000,0.55400000,1.18694362,1984
"Johnson, 1995",10.1002/jps.2600840922,https://doi.org/10.1002/jps.2600840922,4,4,1,-7.79300000,-5.07900000,2.71400000,1.18694362,1995
"Johnson, 1996",10.1021/js960079z,https://doi.org/10.1021/js960079z,4,4,1,-7.75000000,-5.82700000,1.92300000,1.18694362,1996
"Modamio, 2000",10.1016/S0378-5173(99)00380-4,https://doi.org/10.1016/S0378-5173(99)00380-4,4,4,1,-7.85700000,-6.30600000,1.55100000,1.18694362,2000
"Peck, 1994",10.1023/A:1018998529283,https://doi.org/10.1023/A:1018998529283,4,4,1,-8.20800000,-7.31700000,0.89100000,1.18694362,1994
"Clowes, 1994",10.1016/0887-2333(94)90078-7,https://doi.org/10.1016/0887-2333(94)90078-7,4,2,2,-8.15800000,-6.59700000,1.56100000,1.18694362,1994
"Astley, 1976",10.1002/jps.2600650210 ,https://doi.org/10.1002/jps.2600650210,4,1,4,-6.60600000,-6.32300000,0.28300000,1.18694362,1976
"Henning, 2008",10.1159/000112958,https://doi.org/10.1159/000112958,4,1,4,-6.20100000,-6.09400000,0.10700000,1.18694362,2008
"Akomeah, 2007",10.1002/jps.20773,https://doi.org/10.1002/jps.20773,3,3,1,-7.05300000,-4.53800000,2.51500000,0.89020772,2007
"Dalpozzo, 1991",10.1002/jps.2600800114,https://doi.org/10.1002/jps.2600800114,3,3,1,-7.30800000,-5.30300000,2.00500000,0.89020772,1991
"Mitragotri, 1996",10.1023/A:1016096626810,https://doi.org/10.1023/A:1016096626810,3,3,1,-7.85700000,-6.07900000,1.77800000,0.89020772,1996
"Roy, 1989",10.1023/A:1015944018555,https://doi.org/10.1023/A:1015944018555,3,3,1,-5.98800000,-5.47700000,0.51100000,0.89020772,1989
"Siddiqui, 1989",10.1007/bf01061455,https://doi.org/10.1007/bf01061455,3,3,1,-8.95600000,-6.49600000,2.46000000,0.89020772,1989
"Wester, 1998",10.1006/toxs.1998.2490,https://doi.org/10.1006/toxs.1998.2490,3,3,1,-7.65300000,-7.19900000,0.45400000,0.89020772,1998
"Roy, 1993",10.1002/jps.2600821217,https://doi.org/10.1002/jps.2600821217,3,2,2,-5.25500000,-4.41000000,0.84500000,0.89020772,1993
"Barber, 1992",10.1016/0272-0590(92)90086-W,https://doi.org/10.1016/0272-0590(92)90086-W,2,2,1,-6.97900000,-4.34300000,2.63600000,0.59347181,1992
"Bronaugh, 1986",10.1111/j.1365-2133.1986.tb06214.x ,https://doi.org/10.1111/j.1365-2133.1986.tb06214.x,2,2,1,-6.82800000,-5.73000000,1.09800000,0.59347181,1986
"Galey, 1976",10.1111/1523-1747.ep12598596,https://doi.org/10.1111/1523-1747.ep12598596,2,2,2,-5.96700000,-4.59200000,1.37500000,0.59347181,1976
"Modamio, 1998",10.1016/S0378-5173(98)00214-2,https://doi.org/10.1016/S0378-5173(98)00214-2,2,2,1,-7.12500000,-6.78500000,0.34000000,0.59347181,1998
"Qvist, 2000",10.1016/S0928-0987(00)00091-9,https://doi.org/10.1016/S0928-0987(00)00091-9,2,2,2,-5.85600000,-5.54600000,0.31000000,0.59347181,2000
"Rigg, 1990",10.1111/1523-1747.ep12874561,https://doi.org/10.1111/1523-1747.ep12874561,2,2,2,-8.01500000,-6.42900000,1.58600000,0.59347181,1990
"Romonchuk, 2010",10.1159/000272121,https://doi.org/10.1159/000272121,2,2,1,-5.73100000,-5.63400000,0.09700000,0.59347181,2010
"Scott, 1990",10.1111/1523-1747.ep12475447,https://doi.org/10.1111/1523-1747.ep12475447,2,2,1,-7.77100000,-7.05500000,0.71600000,0.59347181,1990
"Southwell, 1984",10.1016/0378-5173(84)90145-5,https://doi.org/10.1016/0378-5173(84)90145-5,2,2,1,-6.35200000,-4.77100000,1.58100000,0.59347181,1984
"Wilkinson, 2002",10.1007/s00420-002-0367-8,https://doi.org/10.1007/s00420-002-0367-8,2,2,1,-6.39700000,-5.26800000,1.12900000,0.59347181,2002
"Goodman, 1988",10.1111/1523-1747.ep12475655,https://doi.org/10.1111/1523-1747.ep12475655,2,1,2,-6.68400000,-6.01800000,0.66600000,0.59347181,1988
"Kushla, 1991",10.1016/0378-5173(91)90387-4,https://doi.org/10.1016/0378-5173(91)90387-4,2,1,2,-5.70700000,-5.53000000,0.17700000,0.59347181,1991
"Pershing, 1993",10.1023/A:1018974131236,https://doi.org/10.1023/A:1018974131236,2,1,2,-6.55600000,-5.55600000,1.00000000,0.59347181,1993
"Blank, 1985",10.1111/1523-1747.ep12277325,https://doi.org/10.1111/1523-1747.ep12277325,1,1,1,-4.51100000,-4.51100000,0.00000000,0.29673591,1985
"Cnubben, 2002",10.1006/rtph.2001.1530,https://doi.org/10.1006/rtph.2001.1530,1,1,1,-5.29400000,-5.29400000,0.00000000,0.29673591,2002
"Dias, 1999",10.1016/S0378-5173(99)00067-8,https://doi.org/10.1016/S0378-5173(99)00067-8,1,1,1,-7.14500000,-7.14500000,0.00000000,0.29673591,1999
"Dick, 1997",10.1177/096032719701601104,https://doi.org/10.1177/096032719701601104,1,1,1,-6.69100000,-6.69100000,0.00000000,0.29673591,1997
"Dolezal, 1993",10.1023/A:1018914806761,https://doi.org/10.1023/A:1018914806761,1,1,1,-7.12500000,-7.12500000,0.00000000,0.29673591,1993
"Knutson, 1993",10.1016/0168-3659(93)90170-A,https://doi.org/10.1016/0168-3659(93)90170-A,1,1,1,-5.77000000,-5.77000000,0.00000000,0.29673591,1993
"Krishnan, 2011",10.1002/bip.21520,https://doi.org/10.1002/bip.21520,1,1,1,-7.71100000,-7.71100000,0.00000000,0.29673591,2011
"Legoabe, 2010",10.1211/jpp.62.06.0012,https://doi.org/10.1211/jpp.62.06.0012,1,1,1,-6.88900000,-6.88900000,0.00000000,0.29673591,2010
"Lundh, 1997",10.1007/s004200050223,https://doi.org/10.1007/s004200050223,1,1,1,-6.07900000,-6.07900000,0.00000000,0.29673591,1997
"Roy, 1995",10.1002/jps.2600841010 ,https://doi.org/10.1002/jps.2600841010,1,1,1,-5.79900000,-5.79900000,0.00000000,0.29673591,1995
"Schmook, 2001",10.1016/S0378-5173(00)00665-7,https://doi.org/10.1016/S0378-5173(00)00665-7,1,1,1,-6.21600000,-6.21600000,0.00000000,0.29673591,2001
"Trabaris, 2012",10.1002/jat.1657,https://doi.org/10.1002/jat.1657,1,1,1,-5.96500000,-5.96500000,0.00000000,0.29673591,2012
"Valjakka-Koskela, 2000",10.1016/S0928-0987(00)00120-2,https://doi.org/10.1016/S0928-0987(00)00120-2,1,1,1,-6.48400000,-6.48400000,0.00000000,0.29673591,2000
"Volpato, 1998",10.1016/S0168-3659(97)00152-1,https://doi.org/10.1016/S0168-3659(97)00152-1,1,1,1,-7.07900000,-7.07900000,0.00000000,0.29673591,1998
