Variability_Rank,Canonical_SMILES,Compound_Name,Selected_Measurements,Experimental_Min,Experimental_Max,Experimental_Mean,Experimental_Median,Experimental_SD,Predicted_Min,Predicted_Max,Condition_Signatures,References,DOIs,Experimental_Range,Experimental_Fold_Range_Kp,Predicted_Range,Variability_Band
1,C[C@]12CC[C@@H]3c4ccc(O)cc4CC[C@H]3[C@@H]1CC[C@@H]2O,Estradiol,12,-6.68400000,-5.55600000,-6.03916667,-5.99250000,0.31063888,-6.13821594,-6.10557185,12,10,10,1.12800000,13.42764961,0.03264409,High (>1.0 log unit)
2,CCCCO,1-Butanol,10,-6.55600000,-5.48100000,-6.04140000,-6.11850000,0.31010686,-6.00137486,-5.97248886,10,8,8,1.07500000,11.88502227,0.02888600,High (>1.0 log unit)
3,Cn1c(=O)c2c(ncn2C)n(C)c1=O,Caffeine,6,-7.55600000,-6.54100000,-7.00633333,-6.98400000,0.34065212,-6.96369585,-6.92365842,6,5,5,1.01500000,10.35142167,0.04003743,High (>1.0 log unit)
4,CN(Cc1cnc2nc(N)nc(N)c2n1)c1ccc(C(=O)N[C@@H](CCC(=O)O)C(=O)O)cc1,Methotrexate,7,-7.50300000,-6.50300000,-6.92600000,-6.84000000,0.34593689,-6.95158058,-6.95158058,6,1,1,1.00000000,10.00000000,0.00000000,Moderate (>0.5 to 1.0 log unit)
5,CCCCCCO,1-Hexanol,10,-5.77800000,-4.85900000,-5.27500000,-5.26950000,0.30536572,-5.34584214,-5.27018096,10,5,5,0.91900000,8.29850768,0.07566118,Moderate (>0.5 to 1.0 log unit)
6,CCCCCCCCCCO,1-Decanol,4,-5.51500000,-4.60200000,-4.86775000,-4.67700000,0.43338926,-5.06365753,-4.98692431,4,4,4,0.91300000,8.18464788,0.07673322,Moderate (>0.5 to 1.0 log unit)
7,CCC(=O)N(c1ccccc1)C1CCN(CCc2ccccc2)CC1,Fentanyl,10,-5.84900000,-5.01300000,-5.42460000,-5.47750000,0.31475535,-5.52029326,-5.51023571,10,3,3,0.83600000,6.85488226,0.01005755,Moderate (>0.5 to 1.0 log unit)
8,CCO,Ethanol,7,-7.07900000,-6.27800000,-6.66742857,-6.65300000,0.31208271,-6.55738090,-6.49022097,7,5,5,0.80100000,6.32411851,0.06715993,Moderate (>0.5 to 1.0 log unit)
9,O=C(O)c1ccccc1O,Salicylic acid,3,-6.21600000,-5.41600000,-5.79733333,-5.76000000,0.40130454,-5.84409906,-5.82096715,3,3,3,0.80000000,6.30957344,0.02313191,Moderate (>0.5 to 1.0 log unit)
10,CN1CCCC1c1cccnc1,Nicotine,3,-6.03600000,-5.27000000,-5.61733333,-5.54600000,0.38795017,-5.76548954,-5.75147545,3,3,3,0.76600000,5.83445104,0.01401409,Moderate (>0.5 to 1.0 log unit)
11,CCC(=O)N(c1ccccc1)C1(COC)CCN(CCc2cccs2)CC1,Sufentanil,9,-5.76400000,-5.01800000,-5.31655556,-5.36000000,0.25706911,-5.39696371,-5.39696371,9,2,2,0.74600000,5.57185749,0.00000000,Moderate (>0.5 to 1.0 log unit)
12,C[C@]12CC[C@H]3[C@@H](CCC4=CC(=O)CC[C@@]43C)[C@@H]1CC[C@@H]2O,Testosterone,11,-6.21400000,-5.47600000,-5.73063636,-5.67000000,0.27577936,-5.81502394,-5.79805027,11,7,7,0.73800000,5.47015963,0.01697367,Moderate (>0.5 to 1.0 log unit)
13,CCCCC(CC)COC(=O)c1ccccc1C(=O)OCC(CC)CCCC,Bis(2-ethylhexyl)phthalate,2,-7.65300000,-6.97900000,-7.31600000,-7.31600000,0.47658997,-7.37165980,-7.37165980,2,2,2,0.67400000,4.72063041,0.00000000,Moderate (>0.5 to 1.0 log unit)
14,CCCCCO,1-Pentanol,4,-5.77800000,-5.17600000,-5.62750000,-5.77800000,0.30100000,-5.83778283,-5.75408847,4,3,3,0.60200000,3.99944750,0.08369436,Moderate (>0.5 to 1.0 log unit)
15,CCCCCCCCO,1-Octanol,9,-5.14100000,-4.58600000,-4.82577778,-4.84000000,0.14817538,-4.79457938,-4.73831328,9,7,7,0.55500000,3.58921935,0.05626610,Moderate (>0.5 to 1.0 log unit)
16,CCN(CC)CC(=O)Nc1c(C)cccc1C,Lidocaine,4,-6.07900000,-5.53000000,-5.81850000,-5.83250000,0.24697166,-5.98338128,-5.98338128,4,3,3,0.54900000,3.53997341,0.00000000,Moderate (>0.5 to 1.0 log unit)
17,CN[C@@H](C)[C@H](O)c1ccccc1,Ephedrine,4,-6.32600000,-5.77800000,-5.91500000,-5.77800000,0.27400000,-6.01318852,-6.01318852,4,1,1,0.54800000,3.53183170,0.00000000,Moderate (>0.5 to 1.0 log unit)
18,CCOCCO,2-Ethoxyethanol,3,-7.15800000,-6.63100000,-6.98233333,-7.15800000,0.30426359,-6.64891502,-6.63506730,3,3,3,0.52700000,3.36511569,0.01384772,Moderate (>0.5 to 1.0 log unit)
19,O=C(O)c1ccccc1,Benzoic acid,2,-5.67500000,-5.15600000,-5.41550000,-5.41550000,0.36698842,-5.40451798,-5.40451798,2,2,2,0.51900000,3.30369541,0.00000000,Moderate (>0.5 to 1.0 log unit)
20,CC(C)Cc1ccc(C(C)C(=O)O)cc1,Ibuprofen,2,-5.50300000,-4.99600000,-5.24950000,-5.24950000,0.35850314,-5.53980265,-5.53896960,2,2,2,0.50700000,3.21366054,0.00083305,Moderate (>0.5 to 1.0 log unit)
21,CO,Methanol,3,-6.85700000,-6.35200000,-6.58833333,-6.55600000,0.25404790,-6.68430346,-6.64357114,3,3,3,0.50500000,3.19889511,0.04073232,Moderate (>0.5 to 1.0 log unit)
22,C[C@]12CCC(=O)C=C1CC[C@@H]1[C@@H]2[C@@H](O)C[C@@]2(C)[C@H]1CC[C@]2(O)C(=O)CO,Hydrocortisone,7,-7.68100000,-7.19500000,-7.43985714,-7.43100000,0.15938154,-7.39621599,-7.34491210,7,3,3,0.48600000,3.06196343,0.05130389,Low (≤0.5 log unit)
23,NCCCC[C@H](N)C(=O)O,Lysine,2,-7.32800000,-6.86000000,-7.09400000,-7.09400000,0.33092597,-7.15895321,-7.15895321,2,1,1,0.46800000,2.93764965,0.00000000,Low (≤0.5 log unit)
24,COC(=O)c1ccc(O)cc1,Methyl 4-hydroxybenzoate,4,-5.63400000,-5.23000000,-5.52300000,-5.61400000,0.19611221,-5.49396159,-5.46314962,4,4,4,0.40400000,2.53512863,0.03081197,Low (≤0.5 log unit)
25,OC[C@@H](O)[C@@H](O)[C@H](O)[C@H](O)CO,Mannitol,4,-8.15800000,-7.77100000,-7.91550000,-7.86650000,0.17404310,-7.98779468,-7.92045973,4,3,3,0.38700000,2.43781082,0.06733495,Low (≤0.5 log unit)
26,O,Water,9,-6.70700000,-6.32300000,-6.49311111,-6.43800000,0.12086195,-6.12423617,-6.12423617,9,4,4,0.38400000,2.42102905,0.00000000,Low (≤0.5 log unit)
27,CCCCOC(C)O,Butoxyethanol,3,-6.36400000,-5.98200000,-6.11533333,-6.00000000,0.21553963,-5.78737537,-5.78737537,3,2,2,0.38200000,2.40990543,0.00000000,Low (≤0.5 log unit)
28,CCCOCCO,2-Propoxyethanol,2,-6.92300000,-6.54300000,-6.73300000,-6.73300000,0.26870058,-6.46161253,-6.46161253,2,1,1,0.38000000,2.39883292,0.00000000,Low (≤0.5 log unit)
29,CC(=O)[C@H]1CC[C@H]2[C@@H]3CCC4=CC(=O)CC[C@]4(C)[C@H]3CC[C@]12C,Progesterone,3,-5.44200000,-5.07900000,-5.25866667,-5.25500000,0.18152778,-5.35719270,-5.30472852,3,3,3,0.36300000,2.30674719,0.05246418,Low (≤0.5 log unit)
30,Oc1ccc2ccccc2c1,2-Naphthol,2,-5.11100000,-4.75700000,-4.93400000,-4.93400000,0.25031580,-4.95619648,-4.93168735,2,2,2,0.35400000,2.25943577,0.02450913,Low (≤0.5 log unit)
31,COCCOC(C)=O,Ethylene glycol mono methyl ether acetate,2,-6.63700000,-6.29900000,-6.46800000,-6.46800000,0.23900209,-6.13496448,-6.13496448,2,1,1,0.33800000,2.17770977,0.00000000,Low (≤0.5 log unit)
32,Oc1ccc(Cl)cc1Cl,"2,4-Dichlorophenol",2,-5.06500000,-4.77800000,-4.92150000,-4.92150000,0.20293965,-4.71793829,-4.71530510,2,2,2,0.28700000,1.93642196,0.00263319,Low (≤0.5 log unit)
33,C[C@]12CCC(=O)C=C1CC[C@@H]1[C@@H]2[C@@H](O)C[C@]2(C=O)[C@@H](C(=O)CO)CC[C@@H]12,Aldosterone,3,-8.07900000,-7.79300000,-7.90966667,-7.85700000,0.15009775,-7.83882226,-7.83882226,3,3,3,0.28600000,1.93196832,0.00000000,Low (≤0.5 log unit)
34,CCCO,1-Propanol,5,-6.55600000,-6.30100000,-6.41400000,-6.41000000,0.10566693,-6.42203863,-6.38594988,5,4,4,0.25500000,1.79887092,0.03608875,Low (≤0.5 log unit)
35,CC(C)OCCO,Ethylene glycol mono isopropyl ether,2,-7.12500000,-6.91300000,-7.01900000,-7.01900000,0.14990664,-6.70777923,-6.70777923,2,1,1,0.21200000,1.62929603,0.00000000,Low (≤0.5 log unit)
36,CCCCOC(=O)c1ccc(N)cc1,Butyl p-aminobenzoate,2,-4.60700000,-4.41000000,-4.50850000,-4.50850000,0.13930004,-5.00240509,-5.00240509,2,1,1,0.19700000,1.57398286,0.00000000,Low (≤0.5 log unit)
37,Cc1c(O)cccc1Cl,Chlorocresol,2,-5.00000000,-4.81600000,-4.90800000,-4.90800000,0.13010765,-4.91424669,-4.88830638,2,2,2,0.18400000,1.52756606,0.02594031,Low (≤0.5 log unit)
38,CCCCCCCO,1-Heptanol,4,-5.15800000,-4.98100000,-5.06025000,-5.05100000,0.07304508,-5.06142332,-4.98629365,4,3,3,0.17700000,1.50314197,0.07512967,Low (≤0.5 log unit)
39,c1ccccc1,Benzene,2,-4.51100000,-4.35200000,-4.43150000,-4.43150000,0.11242998,-4.39843731,-4.38829441,2,2,2,0.15900000,1.44211535,0.01014290,Low (≤0.5 log unit)
40,NC(CC(=O)O)C(=O)O,Aspartic acid,2,-7.58500000,-7.43200000,-7.50850000,-7.50850000,0.10818734,-7.63349631,-7.63349631,2,1,1,0.15300000,1.42232879,0.00000000,Low (≤0.5 log unit)
41,Cc1ccc(Cl)c(O)c1C,Chloroxylenol,2,-4.78500000,-4.65100000,-4.71800000,-4.71800000,0.09475231,-4.90191039,-4.88430592,2,2,2,0.13400000,1.36144468,0.01760447,Low (≤0.5 log unit)
42,CNC(=O)Oc1ccccc1OC(C)C,Propoxur,3,-5.91200000,-5.79700000,-5.86233333,-5.87800000,0.05907904,-5.52478592,-5.52478592,3,1,1,0.11500000,1.30316678,0.00000000,Low (≤0.5 log unit)
43,O=C(O)c1ccccc1Nc1cccc(C(F)(F)F)c1,Flufenamic acid,4,-6.20100000,-6.09400000,-6.15000000,-6.15250000,0.05535943,-6.14900596,-6.14900596,4,1,1,0.10700000,1.27938130,0.00000000,Low (≤0.5 log unit)
44,N[C@@H](Cc1c[nH]cn1)C(=O)O,Histidine,3,-7.90700000,-7.81200000,-7.87400000,-7.90300000,0.05373081,-7.59313163,-7.59313163,3,1,1,0.09500000,1.24451461,0.00000000,Low (≤0.5 log unit)
45,Cc1ccc(C(C)C)c(O)c1,Thymol,3,-4.86000000,-4.77000000,-4.82133333,-4.83400000,0.04631774,-4.77349764,-4.74197271,3,3,3,0.09000000,1.23026877,0.03152493,Low (≤0.5 log unit)
46,COCC(C)O,1-Methoxy-2-Propanol,2,-6.45900000,-6.39700000,-6.42800000,-6.42800000,0.04384062,-6.82087408,-6.80702636,2,2,2,0.06200000,1.15345326,0.01384772,Low (≤0.5 log unit)
47,Cc1ccc(C(C)C)cc1O,Carvacrol,2,-4.84200000,-4.81000000,-4.82600000,-4.82600000,0.02262742,-4.78802485,-4.78802485,2,2,2,0.03200000,1.07646521,0.00000000,Low (≤0.5 log unit)
48,Oc1ccccc1,Phenol,2,-5.61400000,-5.58600000,-5.60000000,-5.60000000,0.01979899,-6.05113269,-6.03762779,2,2,2,0.02800000,1.06659612,0.01350490,Low (≤0.5 log unit)
49,CCOCC,Diethyl ether,2,-5.35200000,-5.32500000,-5.33850000,-5.33850000,0.01909188,-5.49390726,-5.47589023,2,2,2,0.02700000,1.06414302,0.01801703,Low (≤0.5 log unit)
50,CCCCCCCCN1CCCC1=O,1-Octyl-2-Pyrrolidone,2,-4.82700000,-4.81000000,-4.81850000,-4.81850000,0.01202082,-5.40574154,-5.40574154,2,1,1,0.01700000,1.03992017,0.00000000,Low (≤0.5 log unit)
51,CCC(=O)OCC(=O)[C@@]1(O)CC[C@H]2[C@@H]3CCC4=CC(=O)CC[C@]4(C)[C@H]3[C@@H](O)C[C@@]21C,Hydrocortisone 21-propionate,2,-6.03800000,-6.02500000,-6.03150000,-6.03150000,0.00919239,-6.20079084,-6.20079084,2,1,1,0.01300000,1.03038612,0.00000000,Low (≤0.5 log unit)
52,CC(O)C(C)O,"2,3-Butanediol",2,-7.85700000,-7.85700000,-7.85700000,-7.85700000,0.00000000,-7.55467300,-7.51394067,2,2,2,0.00000000,1.00000000,0.04073233,Low (≤0.5 log unit)
53,CCC(C)=O,Butan-2-one,2,-5.90300000,-5.90300000,-5.90300000,-5.90300000,0.00000000,-6.34493728,-6.29942838,2,2,2,0.00000000,1.00000000,0.04550890,Low (≤0.5 log unit)
54,CC(=O)OCC(=O)[C@@]12OC(C)(C)O[C@@H]1C[C@H]1[C@@H]3C[C@H](F)C4=CC(=O)C=C[C@]4(C)[C@@]3(F)[C@@H](O)C[C@@]12C,Fluocinonide,2,-6.32600000,-6.32600000,-6.32600000,-6.32600000,0.00000000,-6.49437877,-6.49437877,2,1,1,0.00000000,1.00000000,0.00000000,Low (≤0.5 log unit)
55,Oc1ccc(O)c(O)c1,"1,2,4-Benzenetriol",1,-7.45600000,-7.45600000,-7.45600000,-7.45600000,,-7.24970682,-7.24970682,1,1,1,0.00000000,1.00000000,0.00000000,Single measurement
56,CCCCCCN1CCCC1=O,1-Hexyl-2-Pyrrolidone,1,-5.20800000,-5.20800000,-5.20800000,-5.20800000,,-5.28566611,-5.28566611,1,1,1,0.00000000,1.00000000,0.00000000,Single measurement
57,CCCCCCCCCO,1-Nonanol,1,-4.77800000,-4.77800000,-4.77800000,-4.77800000,,-4.82738482,-4.82738482,1,1,1,0.00000000,1.00000000,0.00000000,Single measurement
58,CC(=O)[C@@]1(O)CC[C@H]2[C@@H]3CCC4=CC(=O)CC[C@]4(C)[C@H]3CC[C@@]21C,17-Hydroxyprogesterone,1,-6.77800000,-6.77800000,-6.77800000,-6.77800000,,-6.71324768,-6.71324768,1,1,1,0.00000000,1.00000000,0.00000000,Single measurement
59,Oc1c(Cl)cc(Cl)cc1Cl,"2,4,6-Trichlorophenol",1,-4.78300000,-4.78300000,-4.78300000,-4.78300000,,-4.80543357,-4.80543357,1,1,1,0.00000000,1.00000000,0.00000000,Single measurement
60,Nc1cc([N+](=O)[O-])ccc1O,2-Amino-4-Nitrophenol,1,-6.73700000,-6.73700000,-6.73700000,-6.73700000,,-6.69091160,-6.69091160,1,1,1,0.00000000,1.00000000,0.00000000,Single measurement
61,CCCCOCCO,2-Butoxyethanol,1,-5.26800000,-5.26800000,-5.26800000,-5.26800000,,-5.79545676,-5.79545676,1,1,1,0.00000000,1.00000000,0.00000000,Single measurement
62,CCOCCOC(C)=O,2-Ethoxyethyl acetate,1,-6.64900000,-6.64900000,-6.64900000,-6.64900000,,-6.17813852,-6.17813852,1,1,1,0.00000000,1.00000000,0.00000000,Single measurement
63,CCCCC(CC)CO,2-Ethylhexanol,1,-4.34300000,-4.34300000,-4.34300000,-4.34300000,,-4.93673172,-4.93673172,1,1,1,0.00000000,1.00000000,0.00000000,Single measurement
64,COCCO,2-Methoxyethanol,1,-6.09500000,-6.09500000,-6.09500000,-6.09500000,,-6.40675730,-6.40675730,1,1,1,0.00000000,1.00000000,0.00000000,Single measurement
65,Nc1ccc(N)c([N+](=O)[O-])c1,2-Nitro-p-Phenylenediamine,1,-6.85700000,-6.85700000,-6.85700000,-6.85700000,,-6.47061896,-6.47061896,1,1,1,0.00000000,1.00000000,0.00000000,Single measurement
66,OCCc1ccccc1,2-Phenylethanol,1,-5.27600000,-5.27600000,-5.27600000,-5.27600000,,-5.26347735,-5.26347735,1,1,1,0.00000000,1.00000000,0.00000000,Single measurement
67,Oc1ccccc1-c1ccccc1,2-Phenylphenol,1,-5.29400000,-5.29400000,-5.29400000,-5.29400000,,-4.81856175,-4.81856175,1,1,1,0.00000000,1.00000000,0.00000000,Single measurement
68,Cc1ccc(O)cc1C,"3,4-Xylenol",1,-5.00000000,-5.00000000,-5.00000000,-5.00000000,,-5.02496825,-5.02496825,1,1,1,0.00000000,1.00000000,0.00000000,Single measurement
69,Nc1ccc(O)c([N+](=O)[O-])c1,4-Amino-2-Nitrophenol,1,-7.62200000,-7.62200000,-7.62200000,-7.62200000,,-7.23604440,-7.23604440,1,1,1,0.00000000,1.00000000,0.00000000,Single measurement
70,Nc1ccc(Cl)c(N)c1,4-Chloro-m-Phenylenediamine,1,-6.23400000,-6.23400000,-6.23400000,-6.23400000,,-6.53106253,-6.53106253,1,1,1,0.00000000,1.00000000,0.00000000,Single measurement
71,N#Cc1ccc(O)cc1,4-Cyanophenol,1,-5.73100000,-5.73100000,-5.73100000,-5.73100000,,-5.99638997,-5.99638997,1,1,1,0.00000000,1.00000000,0.00000000,Single measurement
72,OCc1ccc(O)cc1,4-Hydroxybenzyl alcohol,1,-6.25500000,-6.25500000,-6.25500000,-6.25500000,,-6.22689133,-6.22689133,1,1,1,0.00000000,1.00000000,0.00000000,Single measurement
73,NC(=O)Cc1ccc(O)cc1,4-Hydroxyphenylacetamide,1,-6.90300000,-6.90300000,-6.90300000,-6.90300000,,-6.94833267,-6.94833267,1,1,1,0.00000000,1.00000000,0.00000000,Single measurement
74,O=C(O)Cc1ccc(O)cc1,4-Hydroxyphenylacetic acid,1,-6.15800000,-6.15800000,-6.15800000,-6.15800000,,-5.72637179,-5.72637179,1,1,1,0.00000000,1.00000000,0.00000000,Single measurement
75,CCCOc1ccc(O)cc1,4-Propoxyphenol,1,-5.38000000,-5.38000000,-5.38000000,-5.38000000,,-5.38214544,-5.38214544,1,1,1,0.00000000,1.00000000,0.00000000,Single measurement
76,NCC(=O)CCC(=O)O,5-Aminolevulinic acid,1,-7.71100000,-7.71100000,-7.71100000,-7.71100000,,-7.28233296,-7.28233296,1,1,1,0.00000000,1.00000000,0.00000000,Single measurement
77,O=c1[nH]cc(F)c(=O)[nH]1,5-Fluorouracil,1,-8.01500000,-8.01500000,-8.01500000,-8.01500000,,-8.27467177,-8.27467177,1,1,1,0.00000000,1.00000000,0.00000000,Single measurement
78,CC(=O)O,Acetic acid,1,-6.07900000,-6.07900000,-6.07900000,-6.07900000,,-6.35939149,-6.35939149,1,1,1,0.00000000,1.00000000,0.00000000,Single measurement
79,CC(=O)Oc1ccccc1C(=O)O,Acetylsalicylic Acid,1,-5.69600000,-5.69600000,-5.69600000,-5.69600000,,-5.80135390,-5.80135390,1,1,1,0.00000000,1.00000000,0.00000000,Single measurement
80,Nc1nc(=O)c2ncn(COCCO)c2[nH]1,Acyclovir,1,-7.07900000,-7.07900000,-7.07900000,-7.07900000,,-6.88129809,-6.88129809,1,1,1,0.00000000,1.00000000,0.00000000,Single measurement
81,CCC1(CCC(C)C)C(=O)NC(=O)NC1=O,Amobarbital,1,-6.20100000,-6.20100000,-6.20100000,-6.20100000,,-6.18206863,-6.18206863,1,1,1,0.00000000,1.00000000,0.00000000,Single measurement
82,CC(N)Cc1ccccc1,Amphetamine,1,-4.59200000,-4.59200000,-4.59200000,-4.59200000,,-4.98612741,-4.98612741,1,1,1,0.00000000,1.00000000,0.00000000,Single measurement
83,CC(C)NCC(O)COc1ccc(CC(N)=O)cc1,Atenolol,1,-7.85700000,-7.85700000,-7.85700000,-7.85700000,,-7.55318636,-7.55318636,1,1,1,0.00000000,1.00000000,0.00000000,Single measurement
84,CCC1(CC)C(=O)NC(=O)NC1=O,Barbital,1,-7.50900000,-7.50900000,-7.50900000,-7.50900000,,-7.50766200,-7.50766200,1,1,1,0.00000000,1.00000000,0.00000000,Single measurement
85,CCCCC(=O)OC1(C(=O)CO)C(C)CC2C3CCC4=CC(=O)C=CC4(C)C3(F)C(O)CC21C,Betamethasone-17-valerate,1,-6.49600000,-6.49600000,-6.49600000,-6.49600000,,-6.46176722,-6.46176722,1,1,1,0.00000000,1.00000000,0.00000000,Single measurement
86,CC(C)NCC(O)COc1ccc(COCCOC(C)C)cc1.O=C(O)/C=C/C(=O)O,Bisoprolol Fumarate,1,-7.12500000,-7.12500000,-7.12500000,-7.12500000,,-6.97965237,-6.97965237,1,1,1,0.00000000,1.00000000,0.00000000,Single measurement
87,[Na+].[Na+].[O-]B1OB2OB([O-])OB(O1)O2,Borax,1,-7.32600000,-7.32600000,-7.32600000,-7.32600000,,-6.79743137,-6.79743137,1,1,1,0.00000000,1.00000000,0.00000000,Single measurement
88,OB(O)O,Boric acid,1,-7.19900000,-7.19900000,-7.19900000,-7.19900000,,-7.22136663,-7.22136663,1,1,1,0.00000000,1.00000000,0.00000000,Single measurement
89,O=C(O)CBr,Bromoacetic acid,1,-6.41000000,-6.41000000,-6.41000000,-6.41000000,,-5.98336273,-5.98336273,1,1,1,0.00000000,1.00000000,0.00000000,Single measurement
90,O=C(O)C(Cl)Br,Bromochloroacetic acid,1,-6.35200000,-6.35200000,-6.35200000,-6.35200000,,-5.96603700,-5.96603700,1,1,1,0.00000000,1.00000000,0.00000000,Single measurement
91,ClC(Cl)Br,Bromodichloromethane,1,-4.30100000,-4.30100000,-4.30100000,-4.30100000,,-4.88703062,-4.88703062,1,1,1,0.00000000,1.00000000,0.00000000,Single measurement
92,CCCCOC(=O)c1ccc(O)cc1,Butyl 4-hydroxybenzoat,1,-4.53800000,-4.53800000,-4.53800000,-4.53800000,,-4.64075240,-4.64075240,1,1,1,0.00000000,1.00000000,0.00000000,Single measurement
93,CCCCOC(=O)c1cccnc1,Butyl nicotinate,1,-5.33500000,-5.33500000,-5.33500000,-5.33500000,,-5.07542862,-5.07542862,1,1,1,0.00000000,1.00000000,0.00000000,Single measurement
94,Oc1ccccc1O,Catechol,1,-6.06600000,-6.06600000,-6.06600000,-6.06600000,,-6.11374250,-6.11374250,1,1,1,0.00000000,1.00000000,0.00000000,Single measurement
95,CCN(CC)C(=O)Nc1ccc(OCC(O)CNC(C)(C)C)c(C(C)=O)c1.Cl,Celiprolol Hydrochloride,1,-6.78500000,-6.78500000,-6.78500000,-6.78500000,,-6.25949343,-6.25949343,1,1,1,0.00000000,1.00000000,0.00000000,Single measurement
96,OC(O)C(Cl)(Cl)Cl,Chloral hydrate,1,-5.96500000,-5.96500000,-5.96500000,-5.96500000,,-6.34450184,-6.34450184,1,1,1,0.00000000,1.00000000,0.00000000,Single measurement
97,O=C(O)CCl,Chloroacetic acid,1,-6.51500000,-6.51500000,-6.51500000,-6.51500000,,-6.07525353,-6.07525353,1,1,1,0.00000000,1.00000000,0.00000000,Single measurement
98,ClC(Cl)Cl,Chloroform,1,-4.35200000,-4.35200000,-4.35200000,-4.35200000,,-4.87644390,-4.87644390,1,1,1,0.00000000,1.00000000,0.00000000,Single measurement
99,CN(C)CCC(c1ccc(Cl)cc1)c1ccccn1,Chlorpheniramine,1,-6.21600000,-6.21600000,-6.21600000,-6.21600000,,-5.68181778,-5.68181778,1,1,1,0.00000000,1.00000000,0.00000000,Single measurement
100,C[C@]12CC[C@H]3[C@@H](CCC4=CC(=O)CC[C@@]43C)[C@@H]1CC[C@@H]2C(=O)CO,Cortexone,1,-6.90300000,-6.90300000,-6.90300000,-6.90300000,,-6.81966170,-6.81966170,1,1,1,0.00000000,1.00000000,0.00000000,Single measurement
101,C[C@]12CCC(=O)C=C1CC[C@@H]1[C@@H]2C(=O)C[C@@]2(C)[C@H]1CC[C@]2(O)C(=O)CO,Cortisone,1,-7.38000000,-7.38000000,-7.38000000,-7.38000000,,-7.39868215,-7.39868215,1,1,1,0.00000000,1.00000000,0.00000000,Single measurement
102,C[C@@H]1C[C@H]2[C@@H]3CCC4=CC(=O)C=C[C@]4(C)[C@@]3(F)[C@@H](O)C[C@]2(C)[C@@]1(O)C(=O)CO,Dexamethasone,1,-7.75000000,-7.75000000,-7.75000000,-7.75000000,,-7.78650657,-7.78650657,1,1,1,0.00000000,1.00000000,0.00000000,Single measurement
103,CCOP(=S)(OCC)Oc1cc(C)nc(C(C)C)n1,Diazinon,1,-5.61700000,-5.61700000,-5.61700000,-5.61700000,,-5.67907871,-5.67907871,1,1,1,0.00000000,1.00000000,0.00000000,Single measurement
104,O=C(O)C(Br)Br,Dibromoacetic acid,1,-6.14100000,-6.14100000,-6.14100000,-6.14100000,,-6.06796338,-6.06796338,1,1,1,0.00000000,1.00000000,0.00000000,Single measurement
105,O=C(O)C(Cl)Cl,Dichloroacetic acid,1,-6.27800000,-6.27800000,-6.27800000,-6.27800000,,-6.10701965,-6.10701965,1,1,1,0.00000000,1.00000000,0.00000000,Single measurement
106,O=C(O)Cc1ccccc1Nc1c(Cl)cccc1Cl,Diclofenac,1,-6.55600000,-6.55600000,-6.55600000,-6.55600000,,-6.31830995,-6.31830995,1,1,1,0.00000000,1.00000000,0.00000000,Single measurement
107,CCN(C)C,Dimethylethylamine,1,-6.07900000,-6.07900000,-6.07900000,-6.07900000,,-6.01960398,-6.01960398,1,1,1,0.00000000,1.00000000,0.00000000,Single measurement
108,O.O.O.O.[Na+].[Na+].[O-]B([O-])[O-].[O-]B([O-])[O-].[O-]B([O-])[O-].[O-]B([O-])[O-].[O-]B([O-])[O-].[O-]B([O-])[O-].[O-]B([O-])[O-].[O-]B([O-])[O-],Disodium octaborate tetrahydrate,1,-7.65300000,-7.65300000,-7.65300000,-7.65300000,,-7.22438885,-7.22438885,1,1,1,0.00000000,1.00000000,0.00000000,Single measurement
109,C[C@]12CC[C@@H]3c4ccc(O)cc4CC[C@H]3[C@@H]1C[C@@H](O)[C@@H]2O,Estriol,1,-7.95400000,-7.95400000,-7.95400000,-7.95400000,,-7.45674154,-7.45674154,1,1,1,0.00000000,1.00000000,0.00000000,Single measurement
110,C[C@]12CC[C@@H]3c4ccc(O)cc4CC[C@H]3[C@@H]1CCC2=O,Estrone,1,-6.00000000,-6.00000000,-6.00000000,-6.00000000,,-5.98353807,-5.98353807,1,1,1,0.00000000,1.00000000,0.00000000,Single measurement
111,C=C(CC)C(=O)c1ccc(OCC(=O)O)c(Cl)c1Cl,Ethacrynic acid,1,-7.38000000,-7.38000000,-7.38000000,-7.38000000,,-7.19405858,-7.19405858,1,1,1,0.00000000,1.00000000,0.00000000,Single measurement
112,CCOC(=O)c1ccc(N)cc1,Ethyl p-aminobenzoate,1,-5.25500000,-5.25500000,-5.25500000,-5.25500000,,-5.62783176,-5.62783176,1,1,1,0.00000000,1.00000000,0.00000000,Single measurement
113,CC(C(=O)O)c1ccc(-c2ccccc2)c(F)c1,Flurbiprofen,1,-5.33100000,-5.33100000,-5.33100000,-5.33100000,,-5.84809304,-5.84809304,1,1,1,0.00000000,1.00000000,0.00000000,Single measurement
114,CC(C(=O)OC[C@H]1OC(O)[C@H](O)[C@@H](O)[C@@H]1O)c1ccc(-c2ccccc2)c(F)c1,Flurbiprofen glucoside,1,-6.47700000,-6.47700000,-6.47700000,-6.47700000,,-6.95449299,-6.95449299,1,1,1,0.00000000,1.00000000,0.00000000,Single measurement
115,CC(C(=O)OC[C@H]1OC(O)[C@@H](O)[C@@H](O)[C@@H]1O)c1ccc(-c2ccccc2)c(F)c1,Flurbiprofen mannoside,1,-6.93500000,-6.93500000,-6.93500000,-6.93500000,,-6.95449299,-6.95449299,1,1,1,0.00000000,1.00000000,0.00000000,Single measurement
116,C[C@]12CCC(=O)C=C1CC[C@@H]1[C@@H]2[C@@H](O)C[C@@]2(C)[C@H]1CC[C@]2(O)C(=O)COC(=O)CCCCCO,Hydrocortisone 21-(6-hydroxyhexanoate),1,-6.59700000,-6.59700000,-6.59700000,-6.59700000,,-6.71935638,-6.71935638,1,1,1,0.00000000,1.00000000,0.00000000,Single measurement
117,C[C@]12CCC(=O)C=C1CC[C@@H]1[C@@H]2[C@@H](O)C[C@@]2(C)[C@H]1CC[C@]2(O)C(=O)COC(=O)CCCCCC(=O)O,Hydrocortisone 21-Hemipimelate,1,-6.30100000,-6.30100000,-6.30100000,-6.30100000,,-6.50477122,-6.50477122,1,1,1,0.00000000,1.00000000,0.00000000,Single measurement
118,C[C@]12CCC(=O)C=C1CC[C@@H]1[C@@H]2[C@@H](O)C[C@@]2(C)[C@H]1CC[C@]2(O)C(=O)COC(=O)CCC(=O)O,Hydrocortisone 21-Hemisuccinate,1,-6.75700000,-6.75700000,-6.75700000,-6.75700000,,-6.81021015,-6.81021015,1,1,1,0.00000000,1.00000000,0.00000000,Single measurement
119,COC(=O)CCCCCC(=O)OCC(=O)[C@@]1(O)CC[C@H]2[C@@H]3CCC4=CC(=O)CC[C@]4(C)[C@H]3[C@@H](O)C[C@@]21C,Hydrocortisone 21-methylpimelate,1,-5.82400000,-5.82400000,-5.82400000,-5.82400000,,-6.08230331,-6.08230331,1,1,1,0.00000000,1.00000000,0.00000000,Single measurement
120,C[C@]12CCC(=O)C=C1CC[C@@H]1[C@@H]2[C@@H](O)C[C@@]2(C)[C@H]1CC[C@]2(O)C(=O)COC(=O)CCCCCC(N)=O,Hydrocortisone 21-pimelamate,1,-6.60700000,-6.60700000,-6.60700000,-6.60700000,,-6.56401622,-6.56401622,1,1,1,0.00000000,1.00000000,0.00000000,Single measurement
121,Oc1ccc(O)cc1,Hydroquinone,1,-6.50600000,-6.50600000,-6.50600000,-6.50600000,,-6.61404001,-6.61404001,1,1,1,0.00000000,1.00000000,0.00000000,Single measurement
122,CC(=O)[C@H]1CC[C@H]2[C@@H]3CC=C4CC(O)(O)CC[C@]4(C)[C@H]3CC[C@]12C,Hydroxypregnenolone,1,-6.77800000,-6.77800000,-6.77800000,-6.77800000,,-6.63788229,-6.63788229,1,1,1,0.00000000,1.00000000,0.00000000,Single measurement
123,CC(C)Cc1ccc(C(C)C(=O)OC[C@H]2OC(O)[C@H](O)[C@@H](O)[C@@H]2O)cc1,Ibuprofen glucoside,1,-6.94500000,-6.94500000,-6.94500000,-6.94500000,,-7.07021411,-7.07021411,1,1,1,0.00000000,1.00000000,0.00000000,Single measurement
124,CC(C)Cc1ccc(C(C)C(=O)OC[C@H]2OC(O)[C@@H](O)[C@@H](O)[C@@H]2O)cc1,Ibuprofen mannoside,1,-6.54800000,-6.54800000,-6.54800000,-6.54800000,,-7.07021411,-7.07021411,1,1,1,0.00000000,1.00000000,0.00000000,Single measurement
125,c1ccc2cnccc2c1,Isoquinoline,1,-5.33200000,-5.33200000,-5.33200000,-5.33200000,,-5.14616952,-5.14616952,1,1,1,0.00000000,1.00000000,0.00000000,Single measurement
126,CC(C(=O)O)c1cccc(C(=O)c2ccccc2)c1,Ketoprofen,1,-6.15100000,-6.15100000,-6.15100000,-6.15100000,,-6.11446130,-6.11446130,1,1,1,0.00000000,1.00000000,0.00000000,Single measurement
127,O=C(c1ccccc1)c1ccc2n1CCC2C(=O)O,Ketorolac,1,-5.79900000,-5.79900000,-5.79900000,-5.79900000,,-5.80337992,-5.80337992,1,1,1,0.00000000,1.00000000,0.00000000,Single measurement
128,C[C@@H]1CC(=O)NN=C1c1ccc(NN=C(C#N)C#N)cc1,Levosimendan,1,-6.48400000,-6.48400000,-6.48400000,-6.48400000,,-6.21604654,-6.21604654,1,1,1,0.00000000,1.00000000,0.00000000,Single measurement
129,ClC1C(Cl)C(Cl)C(Cl)C(Cl)C1Cl,Lindane,1,-6.69100000,-6.69100000,-6.69100000,-6.69100000,,-6.13692316,-6.13692316,1,1,1,0.00000000,1.00000000,0.00000000,Single measurement
130,CC/C=C/C/C=C/C/C=C/CCCCCCCC(=O)O,Linolenic acid,1,-5.98800000,-5.98800000,-5.98800000,-5.98800000,,-6.12148904,-6.12148904,1,1,1,0.00000000,1.00000000,0.00000000,Single measurement
131,CCOC(=O)C1(c2ccccc2)CCN(C)CC1,Meperidine,1,-5.98800000,-5.98800000,-5.98800000,-5.98800000,,-5.44898389,-5.44898389,1,1,1,0.00000000,1.00000000,0.00000000,Single measurement
132,COC(=O)Cc1ccc(O)cc1,Methyl 4-hydroxyphenylacetate,1,-5.25500000,-5.25500000,-5.25500000,-5.25500000,,-5.22950239,-5.22950239,1,1,1,0.00000000,1.00000000,0.00000000,Single measurement
133,COC(=O)c1ccccc1O,Methyl salicylate,1,-5.00000000,-5.00000000,-5.00000000,-5.00000000,,-4.99743923,-4.99743923,1,1,1,0.00000000,1.00000000,0.00000000,Single measurement
134,COCCOCCOCCOC(=O)c1cccnc1,Methyltriglycol nicotinate,1,-7.30800000,-7.30800000,-7.30800000,-7.30800000,,-6.72116789,-6.72116789,1,1,1,0.00000000,1.00000000,0.00000000,Single measurement
135,COCCc1ccc(OCC(O)CNC(C)C)cc1,Metoprolol,1,-6.63700000,-6.63700000,-6.63700000,-6.63700000,,-6.67244401,-6.67244401,1,1,1,0.00000000,1.00000000,0.00000000,Single measurement
136,CC(=O)Nc1ccn([C@@H]2O[C@H](CO)[C@H](O)[C@@H]2O)c(=O)n1,"N4-acetyl-4-amino-1-[(2R,3S,4R,5R)-3,4-dihydroxy-5 (hydroxymethyl)oxolan-2-yl] pyrimidin-2-one",1,-6.88900000,-6.88900000,-6.88900000,-6.88900000,,-7.46170827,-7.46170827,1,1,1,0.00000000,1.00000000,0.00000000,Single measurement
137,Oc1cccc2ccccc12,Naphthol,1,-5.14100000,-5.14100000,-5.14100000,-5.14100000,,-5.06886304,-5.06886304,1,1,1,0.00000000,1.00000000,0.00000000,Single measurement
138,COc1ccc2cc([C@H](C)C(=O)OC[C@H]3OC(O)[C@@H](O)[C@@H](O)[C@@H]3O)ccc2c1,Naproxen mannoside,1,-7.70000000,-7.70000000,-7.70000000,-7.70000000,,-7.25062739,-7.25062739,1,1,1,0.00000000,1.00000000,0.00000000,Single measurement
139,CCCCCCCCOC(=O)c1ccc(O)cc1,Octylparaben,1,-5.58800000,-5.58800000,-5.58800000,-5.58800000,,-5.50196152,-5.50196152,1,1,1,0.00000000,1.00000000,0.00000000,Single measurement
140,CCCCCCCCC=CCCCCCCCC(=O)O,Oleic acid,1,-6.44200000,-6.44200000,-6.44200000,-6.44200000,,-6.44835935,-6.44835935,1,1,1,0.00000000,1.00000000,0.00000000,Single measurement
141,C=CCOc1ccccc1OCC(O)CNC(C)C,Oxprenolol,1,-6.36900000,-6.36900000,-6.36900000,-6.36900000,,-6.92269288,-6.92269288,1,1,1,0.00000000,1.00000000,0.00000000,Single measurement
142,CCC1(c2ccccc2)C(=O)NC(=O)NC1=O,Phenobarbital,1,-6.90000000,-6.90000000,-6.90000000,-6.90000000,,-6.59210686,-6.59210686,1,1,1,0.00000000,1.00000000,0.00000000,Single measurement
143,Oc1cc(O)cc(O)c1,Phloroglucinol,1,-6.06600000,-6.06600000,-6.06600000,-6.06600000,,-6.34110713,-6.34110713,1,1,1,0.00000000,1.00000000,0.00000000,Single measurement
144,C[C@]12C=CC(=O)C=C1CC[C@@H]1[C@@H]2[C@@H](O)C[C@@]2(C)[C@H]1CC[C@]2(O)C(=O)CO,Prednisolone,1,-7.90600000,-7.90600000,-7.90600000,-7.90600000,,-7.74241974,-7.74241974,1,1,1,0.00000000,1.00000000,0.00000000,Single measurement
145,CC(=O)[C@H]1CC[C@H]2[C@@H]3CC=C4C[C@@H](O)CC[C@]4(C)[C@H]3CC[C@]12C,Pregnenolone,1,-6.38000000,-6.38000000,-6.38000000,-6.38000000,,-6.25904166,-6.25904166,1,1,1,0.00000000,1.00000000,0.00000000,Single measurement
146,CC(C)NCC(O)COc1cccc2ccccc12,Propranolol,1,-6.30600000,-6.30600000,-6.30600000,-6.30600000,,-6.40053786,-6.40053786,1,1,1,0.00000000,1.00000000,0.00000000,Single measurement
147,CCCOC(=O)c1ccc(O)cc1,Propylparaben,1,-5.41000000,-5.41000000,-5.41000000,-5.41000000,,-5.07893613,-5.07893613,1,1,1,0.00000000,1.00000000,0.00000000,Single measurement
148,Oc1cccc(O)c1O,Pyrogallol,1,-6.36600000,-6.36600000,-6.36600000,-6.36600000,,-6.47687365,-6.47687365,1,1,1,0.00000000,1.00000000,0.00000000,Single measurement
149,OC[C@H]1O[C@H](OC[C@H]2O[C@H](O[C@]3(CO)O[C@H](CO)[C@@H](O)[C@@H]3O)[C@H](O)[C@@H](O)[C@@H]2O)[C@H](O)[C@@H](O)[C@H]1O,Raffinose,1,-8.20800000,-8.20800000,-8.20800000,-8.20800000,,-8.06503556,-8.06503556,1,1,1,0.00000000,1.00000000,0.00000000,Single measurement
150,Oc1cccc(O)c1,Resorcinol,1,-6.62600000,-6.62600000,-6.62600000,-6.62600000,,-6.33300602,-6.33300602,1,1,1,0.00000000,1.00000000,0.00000000,Single measurement
151,CN1[C@@H]2CC(OC(=O)[C@H](CO)c3ccccc3)C[C@H]1[C@@H]1O[C@@H]12,Scopolamine,1,-7.85200000,-7.85200000,-7.85200000,-7.85200000,,-7.38820505,-7.38820505,1,1,1,0.00000000,1.00000000,0.00000000,Single measurement
152,OC[C@H]1O[C@@](CO)(O[C@H]2O[C@H](CO)[C@@H](O)[C@H](O)[C@H]2O)[C@@H](O)[C@@H]1O,Sucrose,1,-8.07500000,-8.07500000,-8.07500000,-8.07500000,,-7.94952936,-7.94952936,1,1,1,0.00000000,1.00000000,0.00000000,Single measurement
153,Cn1c(=O)c2[nH]cnc2n(C)c1=O,Theophylline,1,-7.12500000,-7.12500000,-7.12500000,-7.12500000,,-7.35333303,-7.35333303,1,1,1,0.00000000,1.00000000,0.00000000,Single measurement
154,Cc1ccccc1,Toluene,1,-3.63700000,-3.63700000,-3.63700000,-3.63700000,,-4.04908362,-4.04908362,1,1,1,0.00000000,1.00000000,0.00000000,Single measurement
155,C[C@]12C=CC(=O)C=C1CC[C@H]1[C@@H]3C[C@@H](O)[C@](O)(C(=O)CO)[C@@]3(C)C[C@H](O)[C@@]12F,Triamcinolone,1,-8.95600000,-8.95600000,-8.95600000,-8.95600000,,-8.64571184,-8.64571184,1,1,1,0.00000000,1.00000000,0.00000000,Single measurement
156,O=C(O)C(Cl)(Cl)Cl,Trichloroacetic acid,1,-6.27800000,-6.27800000,-6.27800000,-6.27800000,,-6.32342181,-6.32342181,1,1,1,0.00000000,1.00000000,0.00000000,Single measurement
157,NC(N)=O,Urea,1,-7.31700000,-7.31700000,-7.31700000,-7.31700000,,-7.28595768,-7.28595768,1,1,1,0.00000000,1.00000000,0.00000000,Single measurement
158,Cc1cccc(O)c1,m-Cresol,1,-5.37300000,-5.37300000,-5.37300000,-5.37300000,,-5.29898555,-5.29898555,1,1,1,0.00000000,1.00000000,0.00000000,Single measurement
159,O=[N+]([O-])c1cccc(O)c1,m-Nitrophenol,1,-5.80500000,-5.80500000,-5.80500000,-5.80500000,,-5.82425839,-5.82425839,1,1,1,0.00000000,1.00000000,0.00000000,Single measurement
160,CCCCCCOC(=O)c1cccnc1,n-Hexyl nicotinate,1,-5.30300000,-5.30300000,-5.30300000,-5.30300000,,-5.08827090,-5.08827090,1,1,1,0.00000000,1.00000000,0.00000000,Single measurement
161,Oc1ccccc1Cl,o-Chlorophenol,1,-5.03700000,-5.03700000,-5.03700000,-5.03700000,,-5.01459837,-5.01459837,1,1,1,0.00000000,1.00000000,0.00000000,Single measurement
162,Cc1ccccc1O,o-Cresol,1,-5.36000000,-5.36000000,-5.36000000,-5.36000000,,-5.31353537,-5.31353537,1,1,1,0.00000000,1.00000000,0.00000000,Single measurement
163,Nc1ccccc1N,o-Phenylenediamine,1,-6.90300000,-6.90300000,-6.90300000,-6.90300000,,-6.92504808,-6.92504808,1,1,1,0.00000000,1.00000000,0.00000000,Single measurement
164,CC(C)(C)c1ccccc1O,o-t-Butylphenol,1,-4.68500000,-4.68500000,-4.68500000,-4.68500000,,-4.73354087,-4.73354087,1,1,1,0.00000000,1.00000000,0.00000000,Single measurement
165,Oc1ccc(Br)cc1,p-Bromophenol,1,-4.99900000,-4.99900000,-4.99900000,-4.99900000,,-5.03276811,-5.03276811,1,1,1,0.00000000,1.00000000,0.00000000,Single measurement
166,Oc1ccc(Cl)cc1,p-Chlorophenol,1,-4.99600000,-4.99600000,-4.99600000,-4.99600000,,-5.01086670,-5.01086670,1,1,1,0.00000000,1.00000000,0.00000000,Single measurement
167,Cc1ccc(O)cc1,p-Cresol,1,-5.31300000,-5.31300000,-5.31300000,-5.31300000,,-5.33673631,-5.33673631,1,1,1,0.00000000,1.00000000,0.00000000,Single measurement
168,CCc1ccc(O)cc1,p-Ethylphenol,1,-5.01400000,-5.01400000,-5.01400000,-5.01400000,,-4.99055176,-4.99055176,1,1,1,0.00000000,1.00000000,0.00000000,Single measurement
169,O=[N+]([O-])c1ccc(O)cc1,p-Nitrophenol,1,-5.81000000,-5.81000000,-5.81000000,-5.81000000,,-5.79024276,-5.79024276,1,1,1,0.00000000,1.00000000,0.00000000,Single measurement
170,Nc1ccc(N)cc1,p-Phenylenediamine,1,-7.17600000,-7.17600000,-7.17600000,-7.17600000,,-7.15525135,-7.15525135,1,1,1,0.00000000,1.00000000,0.00000000,Single measurement
171,CCCCc1ccc(O)cc1,p-n-Butylphenol,1,-4.67100000,-4.67100000,-4.67100000,-4.67100000,,-4.70039039,-4.70039039,1,1,1,0.00000000,1.00000000,0.00000000,Single measurement
