Source_Data_Row,Compound_Name,Smiles,Canonical_SMILES,Experimental_logKp_cm_s,Predicted_logKp_HistGradientBoosting,Prediction_Error_HistGradientBoosting,Absolute_Error_HistGradientBoosting
1,Butyl 4-hydroxybenzoat,CCCCOC(=O)c1ccc(cc1)O,CCCCOC(=O)c1ccc(O)cc1,-4.53800000,-4.69529659,-0.15729659,0.15729659
2,Caffeine,Cn1cnc2c1c(=O)n(C)c(=O)n2C,Cn1c(=O)c2c(ncn2C)n(C)c1=O,-7.05300000,-6.87543383,0.17756617,0.17756617
3,Methyl 4-hydroxybenzoate,COC(=O)c1ccc(cc1)O,COC(=O)c1ccc(O)cc1,-5.23000000,-5.48673979,-0.25673979,0.25673979
4,Fluocinonide,CC(=O)OCC(=O)[C@@]12OC(O[C@@H]1C[C@@H]1[C@]2(C)C[C@H](O)[C@]2([C@H]1C[C@@H](C1=CC(=O)C=C[C@]21C)F)F)(C)C,CC(=O)OCC(=O)[C@@]12OC(C)(C)O[C@@H]1C[C@H]1[C@@H]3C[C@H](F)C4=CC(=O)C=C[C@]4(C)[C@@]3(F)[C@@H](O)C[C@@]12C,-6.32600000,-6.63939298,-0.31339298,0.31339298
5,Fluocinonide,CC(=O)OCC(=O)[C@@]12OC(O[C@@H]1C[C@@H]1[C@]2(C)C[C@H](O)[C@]2([C@H]1C[C@@H](C1=CC(=O)C=C[C@]21C)F)F)(C)C,CC(=O)OCC(=O)[C@@]12OC(C)(C)O[C@@H]1C[C@H]1[C@@H]3C[C@H](F)C4=CC(=O)C=C[C@]4(C)[C@@]3(F)[C@@H](O)C[C@@]12C,-6.32600000,-6.63939298,-0.31339298,0.31339298
6,Hydrocortisone 21-Hemisuccinate,OC(=O)CCC(=O)OCC(=O)[C@@]1(O)CC[C@@H]2[C@]1(C)C[C@H](O)[C@H]1[C@H]2CCC2=CC(=O)CC[C@]12C,C[C@]12CCC(=O)C=C1CC[C@@H]1[C@@H]2[C@@H](O)C[C@@]2(C)[C@H]1CC[C@]2(O)C(=O)COC(=O)CCC(=O)O,-6.75700000,-6.82158666,-0.06458666,0.06458666
7,Hydrocortisone 21-Hemipimelate,OC(=O)CCCCCC(=O)OCC(=O)[C@@]1(O)CC[C@@H]2[C@]1(C)C[C@H](O)[C@H]1[C@H]2CCC2=CC(=O)CC[C@]12C,C[C@]12CCC(=O)C=C1CC[C@@H]1[C@@H]2[C@@H](O)C[C@@]2(C)[C@H]1CC[C@]2(O)C(=O)COC(=O)CCCCCC(=O)O,-6.30100000,-6.19183832,0.10916168,0.10916168
10,Hydrocortisone 21-methylpimelate,COC(=O)CCCCCC(=O)OCC(=O)[C@@]1(O)CC[C@@H]2[C@]1(C)C[C@H](O)[C@H]1[C@H]2CCC2=CC(=O)CC[C@]12C,COC(=O)CCCCCC(=O)OCC(=O)[C@@]1(O)CC[C@H]2[C@@H]3CCC4=CC(=O)CC[C@]4(C)[C@H]3[C@@H](O)C[C@@]21C,-5.82400000,-6.07500651,-0.25100651,0.25100651
11,Hydrocortisone 21-methylsuccinate,COC(=O)CCC(=O)OCC(=O)[C@@]1(O)CC[C@@H]2[C@]1(C)C[C@H](O)[C@H]1[C@H]2CCC2=CC(=O)CC[C@]12C,COC(=O)CCC(=O)OCC(=O)[C@@]1(O)CC[C@H]2[C@@H]3CCC4=CC(=O)CC[C@]4(C)[C@H]3[C@@H](O)C[C@@]21C,-7.23400000,-6.91051678,0.32348322,0.32348322
14,Hydrocortisone 21-pimelamate,NC(=O)CCCCCC(=O)OCC(=O)[C@@]1(O)CC[C@@H]2[C@]1(C)C[C@H](O)[C@H]1[C@H]2CCC2=CC(=O)CC[C@]12C,C[C@]12CCC(=O)C=C1CC[C@@H]1[C@@H]2[C@@H](O)C[C@@]2(C)[C@H]1CC[C@]2(O)C(=O)COC(=O)CCCCCC(N)=O,-6.60700000,-7.08679746,-0.47979746,0.47979746
15,Hydrocortisone 21-propionate,CCC(=O)OCC(=O)[C@@]1(O)CC[C@@H]2[C@]1(C)C[C@H](O)[C@H]1[C@H]2CCC2=CC(=O)CC[C@]12C,CCC(=O)OCC(=O)[C@@]1(O)CC[C@H]2[C@@H]3CCC4=CC(=O)CC[C@]4(C)[C@H]3[C@@H](O)C[C@@]21C,-6.03800000,-6.06717220,-0.02917220,0.02917220
16,Hydrocortisone 21-propionate,CCC(=O)OCC(=O)[C@@]1(O)CC[C@@H]2[C@]1(C)C[C@H](O)[C@H]1[C@H]2CCC2=CC(=O)CC[C@]12C,CCC(=O)OCC(=O)[C@@]1(O)CC[C@H]2[C@@H]3CCC4=CC(=O)CC[C@]4(C)[C@H]3[C@@H](O)C[C@@]21C,-6.02500000,-6.06717220,-0.04217220,0.04217220
20,4-Hydroxybenzyl alcohol,OCc1ccc(cc1)O,OCc1ccc(O)cc1,-6.25500000,-6.26592923,-0.01092923,0.01092923
21,4-Hydroxyphenylacetamide,NC(=O)Cc1ccc(cc1)O,NC(=O)Cc1ccc(O)cc1,-6.90300000,-6.57395117,0.32904883,0.32904883
22,4-Hydroxyphenylacetic acid,OC(=O)Cc1ccc(cc1)O,O=C(O)Cc1ccc(O)cc1,-6.15800000,-6.54752389,-0.38952389,0.38952389
23,Methyl 4-hydroxyphenylacetate,COC(=O)Cc1ccc(cc1)O,COC(=O)Cc1ccc(O)cc1,-5.25500000,-5.26412289,-0.00912289,0.00912289
25,Toluene,Cc1ccccc1,Cc1ccccc1,-3.63700000,-4.11100662,-0.47400662,0.47400662
26,Water,O,O,-6.43800000,-6.61770881,-0.17970881,0.17970881
27,Water,O,O,-6.60600000,-6.61770881,-0.01170881,0.01170881
28,Water,O,O,-6.32300000,-6.61770881,-0.29470881,0.29470881
29,Water,O,O,-6.50200000,-6.61770881,-0.11570881,0.11570881
31,2-Ethylhexanol,CCCCC(CO)CC,CCCCC(CC)CO,-4.34300000,-4.80838489,-0.46538489,0.46538489
33,Bis(2-ethylhexyl)phthalate,CCCCC(COC(=O)c1ccccc1C(=O)OCC(CCCC)CC)CC,CCCCC(CC)COC(=O)c1ccccc1C(=O)OCC(CC)CCCC,-6.97900000,-7.22664197,-0.24764197,0.24764197
38,Ethanol,CCO,CCO,-7.07900000,-6.48442361,0.59457639,0.59457639
39,1-Octanol,CCCCCCCCO,CCCCCCCCO,-4.84000000,-4.75793217,0.08206783,0.08206783
40,1-Pentanol,CCCCCO,CCCCCO,-5.77800000,-5.79133288,-0.01333288,0.01333288
41,1-Propanol,CCCO,CCCO,-6.55600000,-6.42116238,0.13483762,0.13483762
42,"2,3-Butanediol",CC(C(O)C)O,CC(O)C(C)O,-7.85700000,-7.67378471,0.18321529,0.18321529
43,1-Butanol,CCCCO,CCCCO,-6.07900000,-6.00042073,0.07857927,0.07857927
44,Butan-2-one,CCC(=O)C,CCC(C)=O,-5.90300000,-6.14735815,-0.24435815,0.24435815
46,Diethyl ether,CCOCC,CCOCC,-5.35200000,-5.38782366,-0.03582366,0.03582366
47,Benzene,c1ccccc1,c1ccccc1,-4.51100000,-4.43407315,0.07692685,0.07692685
50,4-Amino-2-Nitrophenol,Nc1ccc(c(c1)[N+](=O)[O-])O,Nc1ccc(O)c([N+](=O)[O-])c1,-7.62200000,-7.35274054,0.26925946,0.26925946
51,4-Chloro-m-Phenylenediamine,Nc1ccc(c(c1)N)Cl,Nc1ccc(Cl)c(N)c1,-6.23400000,-6.57062989,-0.33662989,0.33662989
52,o-Phenylenediamine,Nc1ccccc1N,Nc1ccccc1N,-6.90300000,-6.93270956,-0.02970956,0.02970956
53,p-Phenylenediamine,Nc1ccc(cc1)N,Nc1ccc(N)cc1,-7.17600000,-7.13219345,0.04380655,0.04380655
54,"2,4-Dichlorophenol",Clc1ccc(c(c1)Cl)O,Oc1ccc(Cl)cc1Cl,-5.06500000,-4.72068426,0.34431574,0.34431574
55,Acetic acid,CC(=O)O,CC(=O)O,-6.07900000,-6.33635299,-0.25735299,0.25735299
56,Benzoic acid,OC(=O)c1ccccc1,O=C(O)c1ccccc1,-5.67500000,-5.38512867,0.28987133,0.28987133
57,Bis(2-ethylhexyl)phthalate,CCCCC(COC(=O)c1ccccc1C(=O)OCC(CCCC)CC)CC,CCCCC(CC)COC(=O)c1ccccc1C(=O)OCC(CC)CCCC,-7.65300000,-7.22664197,0.42635803,0.42635803
58,Butoxyethanol,CCCCOC(O)C,CCCCOC(C)O,-6.00000000,-5.55245415,0.44754585,0.44754585
59,Cortisone,OCC(=O)[C@@]1(O)CC[C@@H]2[C@]1(C)CC(=O)[C@H]1[C@H]2CCC2=CC(=O)CC[C@]12C,C[C@]12CCC(=O)C=C1CC[C@@H]1[C@@H]2C(=O)C[C@@]2(C)[C@H]1CC[C@]2(O)C(=O)CO,-7.38000000,-7.40662206,-0.02662206,0.02662206
60,1-Decanol,CCCCCCCCCCO,CCCCCCCCCCO,-5.51500000,-4.95636726,0.55863274,0.55863274
61,Diazinon,CCOP(=S)(Oc1cc(C)nc(n1)C(C)C)OCC,CCOP(=S)(OCC)Oc1cc(C)nc(C(C)C)n1,-5.61700000,-5.68847308,-0.07147308,0.07147308
62,Ethacrynic acid,CCC(=C)C(=O)c1ccc(c(c1Cl)Cl)OCC(=O)O,C=C(CC)C(=O)c1ccc(OCC(=O)O)c(Cl)c1Cl,-7.38000000,-7.29552485,0.08447515,0.08447515
63,Linolenic acid,CC/C=C/C/C=C/C/C=C/CCCCCCCC(=O)O,CC/C=C/C/C=C/C/C=C/CCCCCCCC(=O)O,-5.98800000,-6.12127885,-0.13327885,0.13327885
64,Octylparaben,CCCCCCCCOC(=O)c1ccc(cc1)O,CCCCCCCCOC(=O)c1ccc(O)cc1,-5.58800000,-5.50540317,0.08259683,0.08259683
65,Oleic acid,CCCCCCCC/C=CCCCCCCCC(=O)O,CCCCCCCCC=CCCCCCCCC(=O)O,-6.44200000,-6.38726178,0.05473822,0.05473822
66,Propylparaben,CCCOC(=O)c1ccc(cc1)O,CCCOC(=O)c1ccc(O)cc1,-5.41000000,-5.09262177,0.31737823,0.31737823
68,Testosterone,O=C1CC[C@]2(C(=C1)CC[C@@H]1[C@@H]2CC[C@]2([C@H]1CC[C@@H]2O)C)C,C[C@]12CC[C@H]3[C@@H](CCC4=CC(=O)CC[C@@]43C)[C@@H]1CC[C@@H]2O,-5.67000000,-5.81485555,-0.14485555,0.14485555
69,1-Butanol,CCCCO,CCCCO,-5.48100000,-6.00042073,-0.51942073,0.51942073
70,1-Hexanol,CCCCCCO,CCCCCCO,-5.28400000,-5.16989488,0.11410512,0.11410512
71,1-Hexyl-2-Pyrrolidone,CCCCCCN1CCCC1=O,CCCCCCN1CCCC1=O,-5.20800000,-4.82295888,0.38504112,0.38504112
72,1-Octanol,CCCCCCCCO,CCCCCCCCO,-4.87000000,-4.67985229,0.19014771,0.19014771
73,1-Octyl-2-Azacycloheptanone,CCCCCCCCN1CCCCCC1=O,CCCCCCCCN1CCCCCC1=O,-4.83600000,-5.11699945,-0.28099945,0.28099945
74,1-Octyl-2-Pyrrolidone,CCCCCCCCN1CCCC1=O,CCCCCCCCN1CCCC1=O,-4.82700000,-4.94207274,-0.11507274,0.11507274
76,2-Phenylethanol,OCCc1ccccc1,OCCc1ccccc1,-5.27600000,-5.23787529,0.03812471,0.03812471
77,Carvacrol,CC(c1ccc(c(c1)O)C)C,Cc1ccc(C(C)C)cc1O,-4.84200000,-4.81175306,0.03024694,0.03024694
78,Thymol,Cc1ccc(c(c1)O)C(C)C,Cc1ccc(C(C)C)c(O)c1,-4.86000000,-4.75603708,0.10396292,0.10396292
79,Ethanol,CCO,CCO,-6.27800000,-6.48749638,-0.20949638,0.20949638
80,1-Butanol,CCCCO,CCCCO,-5.65900000,-5.99933973,-0.34033973,0.34033973
81,1-Decanol,CCCCCCCCCCO,CCCCCCCCCCO,-4.70100000,-4.92343502,-0.22243502,0.22243502
82,1-Hexanol,CCCCCCO,CCCCCCO,-5.05100000,-5.12516721,-0.07416721,0.07416721
83,1-Octanol,CCCCCCCCO,CCCCCCCCO,-4.58600000,-4.64806387,-0.06206387,0.06206387
85,Benzyl nicotinate,O=C(c1cccnc1)OCc1ccccc1,O=C(OCc1ccccc1)c1cccnc1,-5.34800000,-5.33036001,0.01763999,0.01763999
86,Butyl nicotinate,CCCCOC(=O)c1cccnc1,CCCCOC(=O)c1cccnc1,-5.33500000,-5.21976669,0.11523331,0.11523331
90,Methyltriglycol nicotinate,COCCOCCOCCOC(=O)c1cccnc1,COCCOCCOCCOC(=O)c1cccnc1,-7.30800000,-6.73625942,0.57174058,0.57174058
91,n-Hexyl nicotinate,CCCCCCOC(=O)c1cccnc1,CCCCCCOC(=O)c1cccnc1,-5.30300000,-5.17302753,0.12997247,0.12997247
93,Acetylsalicylic Acid,CC(=O)Oc1ccccc1C(=O)O,CC(=O)Oc1ccccc1C(=O)O,-5.69600000,-5.17486300,0.52113700,0.52113700
95,Benzoic acid,OC(=O)c1ccccc1,O=C(O)c1ccccc1,-5.15600000,-5.38512867,-0.22912867,0.22912867
96,Diclofenac,OC(=O)Cc1ccccc1Nc1c(Cl)cccc1Cl,O=C(O)Cc1ccccc1Nc1c(Cl)cccc1Cl,-6.55600000,-6.14153879,0.41446121,0.41446121
99,Naproxen,COc1ccc2c(c1)ccc(c2)C(C(=O)O)C,COc1ccc2cc(C(C)C(=O)O)ccc2c1,-6.09600000,-5.95334291,0.14265709,0.14265709
100,Nicotine,CN1CCCC1c1cccnc1,CN1CCCC1c1cccnc1,-6.03600000,-5.79463145,0.24136855,0.24136855
101,Salicylic acid,OC(=O)c1ccccc1O,O=C(O)c1ccccc1O,-5.41600000,-5.77803839,-0.36203839,0.36203839
104,Ketoprofen,OC(=O)C(c1cccc(c1)C(=O)c1ccccc1)C,CC(C(=O)O)c1cccc(C(=O)c2ccccc2)c1,-6.76800000,-6.63279448,0.13520552,0.13520552
108,Theophylline,Cn1c(=O)n(C)c2c(c1=O)[nH]cn2,Cn1c(=O)c2[nH]cnc2n(C)c1=O,-7.12500000,-7.08514476,0.03985524,0.03985524
109,"1,2,4-Benzenetriol",Oc1ccc(c(c1)O)O,Oc1ccc(O)c(O)c1,-7.45600000,-7.23546720,0.22053280,0.22053280
110,Catechol,Oc1ccccc1O,Oc1ccccc1O,-6.06600000,-6.07704775,-0.01104775,0.01104775
111,Hydroquinone,Oc1ccc(cc1)O,Oc1ccc(O)cc1,-6.50600000,-6.58176138,-0.07576138,0.07576138
112,Phenol,Oc1ccccc1,Oc1ccccc1,-5.58600000,-6.09367848,-0.50767848,0.50767848
113,Phloroglucinol,Oc1cc(O)cc(c1)O,Oc1cc(O)cc(O)c1,-6.06600000,-6.24834788,-0.18234788,0.18234788
114,Pyrogallol,Oc1c(O)cccc1O,Oc1cccc(O)c1O,-6.36600000,-6.49796291,-0.13196291,0.13196291
115,Resorcinol,Oc1cccc(c1)O,Oc1cccc(O)c1,-6.62600000,-6.29318409,0.33281591,0.33281591
117,Estradiol,Oc1ccc2c(c1)CC[C@@H]1[C@@H]2CC[C@]2([C@H]1CC[C@@H]2O)C,C[C@]12CC[C@@H]3c4ccc(O)cc4CC[C@H]3[C@@H]1CC[C@@H]2O,-5.96700000,-6.13096401,-0.16396401,0.16396401
119,Estradiol,Oc1ccc2c(c1)CC[C@@H]1[C@@H]2CC[C@]2([C@H]1CC[C@@H]2O)C,C[C@]12CC[C@@H]3c4ccc(O)cc4CC[C@H]3[C@@H]1CC[C@@H]2O,-6.68400000,-6.17429776,0.50970224,0.50970224
120,Estradiol,Oc1ccc2c(c1)CC[C@@H]1[C@@H]2CC[C@]2([C@H]1CC[C@@H]2O)C,C[C@]12CC[C@@H]3c4ccc(O)cc4CC[C@H]3[C@@H]1CC[C@@H]2O,-6.01800000,-6.17429776,-0.15629776,0.15629776
121,Amobarbital,CCC1(CCC(C)C)C(=O)NC(=O)NC1=O,CCC1(CCC(C)C)C(=O)NC(=O)NC1=O,-6.20100000,-5.76439214,0.43660786,0.43660786
122,Barbital,CCC1(CC)C(=O)NC(=O)NC1=O,CCC1(CC)C(=O)NC(=O)NC1=O,-7.50900000,-7.81917141,-0.31017141,0.31017141
124,Hydrocortisone,OCC(=O)[C@@]1(O)CC[C@@H]2[C@]1(C)C[C@H](O)[C@H]1[C@H]2CCC2=CC(=O)CC[C@]12C,C[C@]12CCC(=O)C=C1CC[C@@H]1[C@@H]2[C@@H](O)C[C@@]2(C)[C@H]1CC[C@]2(O)C(=O)CO,-7.48100000,-7.43191949,0.04908051,0.04908051
125,Isoquinoline,c1ccc2c(c1)cncc2,c1ccc2cnccc2c1,-5.33200000,-5.14799651,0.18400349,0.18400349
126,Nicotine,CN1CCCC1c1cccnc1,CN1CCCC1c1cccnc1,-5.27000000,-5.79463145,-0.52463145,0.52463145
127,Phenobarbital,CCC1(C(=O)NC(=O)NC1=O)c1ccccc1,CCC1(c2ccccc2)C(=O)NC(=O)NC1=O,-6.90000000,-6.53803177,0.36196823,0.36196823
128,Salicylic acid,OC(=O)c1ccccc1O,O=C(O)c1ccccc1O,-5.76000000,-5.77803839,-0.01803839,0.01803839
133,Aldosterone,OCC(=O)[C@H]1CC[C@@H]2[C@]1(C=O)C[C@H](O)[C@H]1[C@H]2CCC2=CC(=O)CC[C@]12C,C[C@]12CCC(=O)C=C1CC[C@@H]1[C@@H]2[C@@H](O)C[C@]2(C=O)[C@@H](C(=O)CO)CC[C@@H]12,-7.79300000,-7.89662494,-0.10362494,0.10362494
134,Estradiol,Oc1ccc2c(c1)CC[C@@H]1[C@@H]2CC[C@]2([C@H]1CC[C@@H]2O)C,C[C@]12CC[C@@H]3c4ccc(O)cc4CC[C@H]3[C@@H]1CC[C@@H]2O,-5.94400000,-6.13096401,-0.18696401,0.18696401
135,Hydrocortisone,OCC(=O)[C@@]1(O)CC[C@@H]2[C@]1(C)C[C@H](O)[C@H]1[C@H]2CCC2=CC(=O)CC[C@]12C,C[C@]12CCC(=O)C=C1CC[C@@H]1[C@@H]2[C@@H](O)C[C@@]2(C)[C@H]1CC[C@]2(O)C(=O)CO,-7.19500000,-7.43191949,-0.23691949,0.23691949
136,Progesterone,O=C1CC[C@]2(C(=C1)CC[C@@H]1[C@@H]2CC[C@]2([C@H]1CC[C@@H]2C(=O)C)C)C,CC(=O)[C@H]1CC[C@H]2[C@@H]3CCC4=CC(=O)CC[C@]4(C)[C@H]3CC[C@]12C,-5.07900000,-5.33901070,-0.26001070,0.26001070
138,Dexamethasone,OCC(=O)[C@@]1(O)[C@H](C)C[C@@H]2[C@]1(C)C[C@H](O)[C@]1([C@H]2CCC2=CC(=O)C=C[C@]12C)F,C[C@@H]1C[C@H]2[C@@H]3CCC4=CC(=O)C=C[C@]4(C)[C@@]3(F)[C@@H](O)C[C@]2(C)[C@@]1(O)C(=O)CO,-7.75000000,-7.79471316,-0.04471316,0.04471316
139,Estradiol,Oc1ccc2c(c1)CC[C@@H]1[C@@H]2CC[C@]2([C@H]1CC[C@@H]2O)C,C[C@]12CC[C@@H]3c4ccc(O)cc4CC[C@H]3[C@@H]1CC[C@@H]2O,-5.93700000,-6.13096401,-0.19396401,0.19396401
140,Lidocaine,CCN(CC(=O)Nc1c(C)cccc1C)CC,CCN(CC)CC(=O)Nc1c(C)cccc1C,-5.95800000,-6.02584673,-0.06784673,0.06784673
141,Testosterone,O=C1CC[C@]2(C(=C1)CC[C@@H]1[C@@H]2CC[C@]2([C@H]1CC[C@@H]2O)C)C,C[C@]12CC[C@H]3[C@@H](CCC4=CC(=O)CC[C@@]43C)[C@@H]1CC[C@@H]2O,-5.82700000,-5.81485555,0.01214445,0.01214445
142,Estradiol,Oc1ccc2c(c1)CC[C@@H]1[C@@H]2CC[C@]2([C@H]1CC[C@@H]2O)C,C[C@]12CC[C@@H]3c4ccc(O)cc4CC[C@H]3[C@@H]1CC[C@@H]2O,-5.77000000,-6.13096401,-0.36096401,0.36096401
143,5-Aminolevulinic acid,NCC(=O)CCC(=O)O,NCC(=O)CCC(=O)O,-7.71100000,-7.27208486,0.43891514,0.43891514
149,Dimethylethylamine,CCN(C)C,CCN(C)C,-6.07900000,-5.68834657,0.39065343,0.39065343
156,Ephedrine,CN[C@H]([C@@H](c1ccccc1)O)C,CN[C@@H](C)[C@H](O)c1ccccc1,-5.77800000,-6.03577460,-0.25777460,0.25777460
157,Estradiol,Oc1ccc2c(c1)CC[C@@H]1[C@@H]2CC[C@]2([C@H]1CC[C@@H]2O)C,C[C@]12CC[C@@H]3c4ccc(O)cc4CC[C@H]3[C@@H]1CC[C@@H]2O,-5.82900000,-6.17429776,-0.34529776,0.34529776
158,Fentanyl,CCC(=O)N(c1ccccc1)C1CCN(CC1)CCc1ccccc1,CCC(=O)N(c1ccccc1)C1CCN(CCc2ccccc2)CC1,-5.55600000,-5.57013909,-0.01413909,0.01413909
163,Ephedrine,CN[C@H]([C@@H](c1ccccc1)O)C,CN[C@@H](C)[C@H](O)c1ccccc1,-5.77800000,-6.03577460,-0.25777460,0.25777460
164,Ephedrine,CN[C@H]([C@@H](c1ccccc1)O)C,CN[C@@H](C)[C@H](O)c1ccccc1,-5.77800000,-6.03577460,-0.25777460,0.25777460
165,Ephedrine,CN[C@H]([C@@H](c1ccccc1)O)C,CN[C@@H](C)[C@H](O)c1ccccc1,-6.32600000,-6.03577460,0.29022540,0.29022540
169,Benzene,c1ccccc1,c1ccccc1,-4.35200000,-4.51407894,-0.16207894,0.16207894
170,1-Butanol,CCCCO,CCCCO,-6.21400000,-5.99815180,0.21584820,0.21584820
173,Estradiol,Oc1ccc2c(c1)CC[C@@H]1[C@@H]2CC[C@]2([C@H]1CC[C@@H]2O)C,C[C@]12CC[C@@H]3c4ccc(O)cc4CC[C@H]3[C@@H]1CC[C@@H]2O,-6.05100000,-6.30872686,-0.25772686,0.25772686
174,Progesterone,O=C1CC[C@]2(C(=C1)CC[C@@H]1[C@@H]2CC[C@]2([C@H]1CC[C@@H]2C(=O)C)C)C,CC(=O)[C@H]1CC[C@H]2[C@@H]3CCC4=CC(=O)CC[C@]4(C)[C@H]3CC[C@]12C,-5.44200000,-5.30106196,0.14093804,0.14093804
175,Testosterone,O=C1CC[C@]2(C(=C1)CC[C@@H]1[C@@H]2CC[C@]2([C@H]1CC[C@@H]2O)C)C,C[C@]12CC[C@H]3[C@@H](CCC4=CC(=O)CC[C@@]43C)[C@@H]1CC[C@@H]2O,-6.21400000,-5.81220218,0.40179782,0.40179782
176,Aldosterone,OCC(=O)[C@H]1CC[C@@H]2[C@]1(C=O)C[C@H](O)[C@H]1[C@H]2CCC2=CC(=O)CC[C@]12C,C[C@]12CCC(=O)C=C1CC[C@@H]1[C@@H]2[C@@H](O)C[C@]2(C=O)[C@@H](C(=O)CO)CC[C@@H]12,-7.85700000,-7.89662494,-0.03962494,0.03962494
177,1-Butanol,CCCCO,CCCCO,-6.21400000,-6.00042073,0.21357927,0.21357927
179,Estradiol,Oc1ccc2c(c1)CC[C@@H]1[C@@H]2CC[C@]2([C@H]1CC[C@@H]2O)C,C[C@]12CC[C@@H]3c4ccc(O)cc4CC[C@H]3[C@@H]1CC[C@@H]2O,-6.07900000,-6.13096401,-0.05196401,0.05196401
182,Water,O,O,-7.07900000,-6.61770881,0.46129119,0.46129119
183,Aldosterone,OCC(=O)[C@H]1CC[C@@H]2[C@]1(C=O)C[C@H](O)[C@H]1[C@H]2CCC2=CC(=O)CC[C@]12C,C[C@]12CCC(=O)C=C1CC[C@@H]1[C@@H]2[C@@H](O)C[C@]2(C=O)[C@@H](C(=O)CO)CC[C@@H]12,-8.07900000,-7.89662494,0.18237506,0.18237506
185,1-Decanol,CCCCCCCCCCO,CCCCCCCCCCO,-4.60200000,-4.95636726,-0.35436726,0.35436726
186,Estradiol,Oc1ccc2c(c1)CC[C@@H]1[C@@H]2CC[C@]2([C@H]1CC[C@@H]2O)C,C[C@]12CC[C@@H]3c4ccc(O)cc4CC[C@H]3[C@@H]1CC[C@@H]2O,-6.07900000,-6.13096401,-0.05196401,0.05196401
187,Lidocaine,CCN(CC(=O)Nc1c(C)cccc1C)CC,CCN(CC)CC(=O)Nc1c(C)cccc1C,-6.07900000,-6.02584673,0.05315327,0.05315327
188,Naphthol,Oc1cccc2c1cccc2,Oc1cccc2ccccc12,-5.14100000,-5.11522128,0.02577872,0.02577872
189,1-Octanol,CCCCCCCCO,CCCCCCCCO,-4.71100000,-4.67985229,0.03114771,0.03114771
190,Progesterone,O=C1CC[C@]2(C(=C1)CC[C@@H]1[C@@H]2CC[C@]2([C@H]1CC[C@@H]2C(=O)C)C)C,CC(=O)[C@H]1CC[C@H]2[C@@H]3CCC4=CC(=O)CC[C@]4(C)[C@H]3CC[C@]12C,-5.25500000,-5.33901070,-0.08401070,0.08401070
191,Testosterone,O=C1CC[C@]2(C(=C1)CC[C@@H]1[C@@H]2CC[C@]2([C@H]1CC[C@@H]2O)C)C,C[C@]12CC[C@H]3[C@@H](CCC4=CC(=O)CC[C@@]43C)[C@@H]1CC[C@@H]2O,-6.21400000,-5.81485555,0.39914445,0.39914445
192,Bisoprolol Fumarate,OC(COc1ccc(cc1)COCCOC(C)C)CNC(C)C.OC(=O)/C=C/C(=O)O,CC(C)NCC(O)COc1ccc(COCCOC(C)C)cc1.O=C(O)/C=C/C(=O)O,-7.12500000,-6.66077688,0.46422312,0.46422312
193,Celiprolol Hydrochloride,CCN(C(=O)Nc1ccc(c(c1)C(=O)C)OCC(CNC(C)(C)C)O)CC.Cl,CCN(CC)C(=O)Nc1ccc(OCC(O)CNC(C)(C)C)c(C(C)=O)c1.Cl,-6.78500000,-6.59172494,0.19327506,0.19327506
194,Atenolol,OC(COc1ccc(cc1)CC(=O)N)CNC(C)C,CC(C)NCC(O)COc1ccc(CC(N)=O)cc1,-7.85700000,-7.50716398,0.34983602,0.34983602
196,Oxprenolol,C=CCOc1ccccc1OCC(CNC(C)C)O,C=CCOc1ccccc1OCC(O)CNC(C)C,-6.36900000,-6.61377121,-0.24477121,0.24477121
197,Propranolol,OC(COc1cccc2c1cccc2)CNC(C)C,CC(C)NCC(O)COc1cccc2ccccc12,-6.30600000,-6.62534915,-0.31934915,0.31934915
198,Mannitol,OC[C@H]([C@H]([C@@H]([C@@H](CO)O)O)O)O,OC[C@@H](O)[C@@H](O)[C@H](O)[C@H](O)CO,-7.81000000,-7.90418344,-0.09418344,0.09418344
199,Raffinose,OC[C@H]1O[C@@]([C@H]([C@@H]1O)O)(CO)O[C@H]1O[C@H](CO[C@H]2O[C@H](CO)[C@@H]([C@@H]([C@H]2O)O)O)[C@H]([C@@H]([C@H]1O)O)O,OC[C@H]1O[C@H](OC[C@H]2O[C@H](O[C@]3(CO)O[C@H](CO)[C@@H](O)[C@@H]3O)[C@H](O)[C@@H](O)[C@@H]2O)[C@H](O)[C@@H](O)[C@H]1O,-8.20800000,-8.13366158,0.07433842,0.07433842
200,Sucrose,OC[C@H]1O[C@@]([C@H]([C@@H]1O)O)(CO)O[C@H]1O[C@H](CO)[C@H]([C@@H]([C@H]1O)O)O,OC[C@H]1O[C@@](CO)(O[C@H]2O[C@H](CO)[C@@H](O)[C@H](O)[C@H]2O)[C@@H](O)[C@@H]1O,-8.07500000,-7.96155086,0.11344914,0.11344914
201,Urea,NC(=O)N,NC(N)=O,-7.31700000,-7.26745150,0.04954850,0.04954850
202,Nicotine,CN1CCCC1c1cccnc1,CN1CCCC1c1cccnc1,-5.54600000,-5.79463145,-0.24863145,0.24863145
204,Testosterone,O=C1CC[C@]2(C(=C1)CC[C@@H]1[C@@H]2CC[C@]2([C@H]1CC[C@@H]2O)C)C,C[C@]12CC[C@H]3[C@@H](CCC4=CC(=O)CC[C@@]43C)[C@@H]1CC[C@@H]2O,-5.85600000,-5.81485555,0.04114445,0.04114445
205,"2,4,6-Trichlorophenol",Clc1cc(Cl)c(c(c1)Cl)O,Oc1c(Cl)cc(Cl)cc1Cl,-4.78300000,-4.77707826,0.00592174,0.00592174
206,"2,4-Dichlorophenol",Clc1ccc(c(c1)Cl)O,Oc1ccc(Cl)cc1Cl,-4.77800000,-4.71956464,0.05843536,0.05843536
207,o-Chlorophenol,Oc1ccccc1Cl,Oc1ccccc1Cl,-5.03700000,-5.06994714,-0.03294714,0.03294714
208,o-Cresol,Cc1ccccc1O,Cc1ccccc1O,-5.36000000,-5.33130858,0.02869142,0.02869142
209,"3,4-Xylenol",Oc1ccc(c(c1)C)C,Cc1ccc(O)cc1C,-5.00000000,-5.00215554,-0.00215554,0.00215554
210,m-Cresol,Cc1cccc(c1)O,Cc1cccc(O)c1,-5.37300000,-5.31217809,0.06082191,0.06082191
211,m-Nitrophenol,Oc1cccc(c1)[N+](=O)[O-],O=[N+]([O-])c1cccc(O)c1,-5.80500000,-5.83260750,-0.02760750,0.02760750
212,p-Bromophenol,Oc1ccc(cc1)Br,Oc1ccc(Br)cc1,-4.99900000,-5.00514498,-0.00614498,0.00614498
213,p-Chlorophenol,Oc1ccc(cc1)Cl,Oc1ccc(Cl)cc1,-4.99600000,-5.02197400,-0.02597400,0.02597400
214,p-Cresol,Cc1ccc(cc1)O,Cc1ccc(O)cc1,-5.31300000,-5.30728799,0.00571201,0.00571201
215,p-Ethylphenol,CCc1ccc(cc1)O,CCc1ccc(O)cc1,-5.01400000,-5.02818957,-0.01418957,0.01418957
216,p-Nitrophenol,Oc1ccc(cc1)[N+](=O)[O-],O=[N+]([O-])c1ccc(O)cc1,-5.81000000,-5.80921923,0.00078077,0.00078077
217,2-Naphthol,Oc1ccc2c(c1)cccc2,Oc1ccc2ccccc2c1,-5.11100000,-4.94627249,0.16472751,0.16472751
218,Chlorocresol,Cc1c(O)cccc1Cl,Cc1c(O)cccc1Cl,-4.81600000,-5.05064195,-0.23464195,0.23464195
219,Chloroxylenol,Cc1ccc(c(c1C)O)Cl,Cc1ccc(Cl)c(O)c1C,-4.78500000,-4.71643548,0.06856452,0.06856452
220,Methyl 4-hydroxybenzoate,COC(=O)c1ccc(cc1)O,COC(=O)c1ccc(O)cc1,-5.59600000,-5.49164372,0.10435628,0.10435628
221,Phenol,Oc1ccccc1,Oc1ccccc1,-5.61400000,-6.09610141,-0.48210141,0.48210141
223,Thymol,Cc1ccc(c(c1)O)C(C)C,Cc1ccc(C(C)C)c(O)c1,-4.83400000,-4.75603708,0.07796292,0.07796292
224,4-Cyanophenol,N#Cc1ccc(cc1)O,N#Cc1ccc(O)cc1,-5.73100000,-5.96702390,-0.23602390,0.23602390
225,Methyl 4-hydroxybenzoate,COC(=O)c1ccc(cc1)O,COC(=O)c1ccc(O)cc1,-5.63400000,-5.48673979,0.14726021,0.14726021
227,Fentanyl,CCC(=O)N(c1ccccc1)C1CCN(CC1)CCc1ccccc1,CCC(=O)N(c1ccccc1)C1CCN(CCc2ccccc2)CC1,-5.80800000,-5.53811957,0.26988043,0.26988043
229,Meperidine,CCOC(=O)C1(CCN(CC1)C)c1ccccc1,CCOC(=O)C1(c2ccccc2)CCN(C)CC1,-5.98800000,-5.46254514,0.52545486,0.52545486
231,Sufentanil,COCC1(CCN(CC1)CCc1cccs1)N(c1ccccc1)C(=O)CC,CCC(=O)N(c1ccccc1)C1(COC)CCN(CCc2cccs2)CC1,-5.47700000,-5.36638309,0.11061691,0.11061691
232,Fentanyl,CCC(=O)N(c1ccccc1)C1CCN(CC1)CCc1ccccc1,CCC(=O)N(c1ccccc1)C1CCN(CCc2ccccc2)CC1,-5.50300000,-5.53811957,-0.03511957,0.03511957
233,Sufentanil,COCC1(CCN(CC1)CCc1cccs1)N(c1ccccc1)C(=O)CC,CCC(=O)N(c1ccccc1)C1(COC)CCN(CCc2cccs2)CC1,-5.37400000,-5.36638309,0.00761691,0.00761691
235,Ethyl p-aminobenzoate,CCOC(=O)c1ccc(cc1)N,CCOC(=O)c1ccc(N)cc1,-5.25500000,-5.21736964,0.03763036,0.03763036
238,Ketorolac,OC(=O)C1CCn2c1ccc2C(=O)c1ccccc1,O=C(c1ccccc1)c1ccc2n1CCC2C(=O)O,-5.79900000,-6.35828144,-0.55928144,0.55928144
239,1-Butanol,CCCCO,CCCCO,-6.15800000,-6.00042073,0.15757927,0.15757927
240,Ethanol,CCO,CCO,-6.55600000,-6.48749638,0.06850362,0.06850362
241,1-Heptanol,CCCCCCCO,CCCCCCCO,-5.05100000,-4.94438565,0.10661435,0.10661435
242,1-Hexanol,CCCCCCO,CCCCCCO,-5.44200000,-5.16989488,0.27210512,0.27210512
243,Methanol,CO,CO,-6.55600000,-6.67331876,-0.11731876,0.11731876
244,1-Octanol,CCCCCCCCO,CCCCCCCCO,-4.84000000,-4.67985229,0.16014771,0.16014771
245,1-Pentanol,CCCCCO,CCCCCO,-5.77800000,-5.79481563,-0.01681563,0.01681563
246,1-Propanol,CCCO,CCCO,-6.41000000,-6.42218480,-0.01218480,0.01218480
247,"2,3-Butanediol",CC(C(O)C)O,CC(O)C(C)O,-7.85700000,-7.67378471,0.18321529,0.18321529
248,Butan-2-one,CCC(=O)C,CCC(C)=O,-5.90300000,-6.14735815,-0.24435815,0.24435815
250,Diethyl ether,CCOCC,CCOCC,-5.32500000,-5.38577331,-0.06077331,0.06077331
251,1-Butanol,CCCCO,CCCCO,-6.07900000,-6.00042073,0.07857927,0.07857927
252,1-Heptanol,CCCCCCCO,CCCCCCCO,-4.98100000,-5.02439143,-0.04339143,0.04339143
253,1-Propanol,CCCO,CCCO,-6.32600000,-6.42218480,-0.09618480,0.09618480
256,Cortexone,OCC(=O)[C@H]1CC[C@@H]2[C@]1(C)CC[C@H]1[C@H]2CCC2=CC(=O)CC[C@]12C,C[C@]12CC[C@H]3[C@@H](CCC4=CC(=O)CC[C@@]43C)[C@@H]1CC[C@@H]2C(=O)CO,-6.90300000,-6.81889427,0.08410573,0.08410573
260,Estriol,Oc1ccc2c(c1)CC[C@@H]1[C@@H]2CC[C@]2([C@H]1C[C@H]([C@@H]2O)O)C,C[C@]12CC[C@@H]3c4ccc(O)cc4CC[C@H]3[C@@H]1C[C@@H](O)[C@@H]2O,-7.95400000,-7.48426793,0.46973207,0.46973207
261,Estrone,Oc1ccc2c(c1)CC[C@@H]1[C@@H]2CC[C@]2([C@H]1CCC2=O)C,C[C@]12CC[C@@H]3c4ccc(O)cc4CC[C@H]3[C@@H]1CCC2=O,-6.00000000,-6.04452037,-0.04452037,0.04452037
263,Hydroxypregnenolone,CC(=O)[C@H]1CC[C@@H]2[C@]1(C)CC[C@H]1[C@H]2CC=C2[C@]1(C)CCC(C2)(O)O,CC(=O)[C@H]1CC[C@H]2[C@@H]3CC=C4CC(O)(O)CC[C@]4(C)[C@H]3CC[C@]12C,-6.77800000,-6.79249939,-0.01449939,0.01449939
264,17-Hydroxyprogesterone,O=C1CC[C@]2(C(=C1)CC[C@@H]1[C@@H]2CC[C@]2([C@H]1CC[C@]2(O)C(=O)C)C)C,CC(=O)[C@@]1(O)CC[C@H]2[C@@H]3CCC4=CC(=O)CC[C@]4(C)[C@H]3CC[C@@]21C,-6.77800000,-6.78346985,-0.00546985,0.00546985
265,Pregnenolone,O[C@H]1CC[C@]2(C(=CC[C@@H]3[C@@H]2CC[C@]2([C@H]3CC[C@@H]2C(=O)C)C)C1)C,CC(=O)[C@H]1CC[C@H]2[C@@H]3CC=C4C[C@@H](O)CC[C@]4(C)[C@H]3CC[C@]12C,-6.38000000,-6.36067810,0.01932190,0.01932190
276,1-Butanol,CCCCO,CCCCO,-6.15800000,-5.99815180,0.15984820,0.15984820
278,1-Decanol,CCCCCCCCCCO,CCCCCCCCCCO,-4.65300000,-4.98485282,-0.33185282,0.33185282
279,Ethanol,CCO,CCO,-6.69900000,-6.48442361,0.21457639,0.21457639
280,Ethanol,CCO,CCO,-6.65300000,-6.48442361,0.16857639,0.16857639
281,1-Heptanol,CCCCCCCO,CCCCCCCO,-5.05100000,-5.02295903,0.02804097,0.02804097
283,1-Hexanol,CCCCCCO,CCCCCCO,-5.44200000,-5.24641792,0.19558208,0.19558208
286,Methanol,CO,CO,-6.85700000,-6.67331876,0.18368124,0.18368124
287,1-Nonanol,CCCCCCCCCO,CCCCCCCCCO,-4.77800000,-4.79451906,-0.01651906,0.01651906
289,1-Octanol,CCCCCCCCO,CCCCCCCCO,-4.84000000,-4.75793217,0.08206783,0.08206783
291,1-Pentanol,CCCCCO,CCCCCO,-5.77800000,-5.79133288,-0.01333288,0.01333288
293,1-Propanol,CCCO,CCCO,-6.47700000,-6.42116238,0.05583762,0.05583762
295,Betamethasone-17-valerate,CCCCC(=O)OC1(C(C)CC2C1(C)CC(O)C1(C2CCC2=CC(=O)C=CC12C)F)C(=O)CO,CCCCC(=O)OC1(C(=O)CO)C(C)CC2C3CCC4=CC(=O)C=CC4(C)C3(F)C(O)CC21C,-6.49600000,-6.47662337,0.01937663,0.01937663
298,Prednisolone,OCC(=O)[C@@]1(O)CC[C@@H]2[C@]1(C)C[C@H](O)[C@H]1[C@H]2CCC2=CC(=O)C=C[C@]12C,C[C@]12C=CC(=O)C=C1CC[C@@H]1[C@@H]2[C@@H](O)C[C@@]2(C)[C@H]1CC[C@]2(O)C(=O)CO,-7.90600000,-7.89823841,0.00776159,0.00776159
300,Triamcinolone,OCC(=O)[C@@]1(O)[C@H](O)C[C@@H]2[C@]1(C)C[C@H](O)[C@]1([C@H]2CCC2=CC(=O)C=C[C@]12C)F,C[C@]12C=CC(=O)C=C1CC[C@H]1[C@@H]3C[C@@H](O)[C@](O)(C(=O)CO)[C@@]3(C)C[C@H](O)[C@@]12F,-8.95600000,-8.58210307,0.37389693,0.37389693
302,Flurbiprofen,OC(=O)C(c1ccc(c(c1)F)c1ccccc1)C,CC(C(=O)O)c1ccc(-c2ccccc2)c(F)c1,-5.33100000,-5.93084601,-0.59984601,0.59984601
303,Flurbiprofen glucoside,OC1O[C@H](COC(=O)C(c2ccc(c(c2)F)c2ccccc2)C)[C@H]([C@@H]([C@H]1O)O)O,CC(C(=O)OC[C@H]1OC(O)[C@H](O)[C@@H](O)[C@@H]1O)c1ccc(-c2ccccc2)c(F)c1,-6.47700000,-6.30045053,0.17654947,0.17654947
305,Ibuprofen,CC(Cc1ccc(cc1)C(C(=O)O)C)C,CC(C)Cc1ccc(C(C)C(=O)O)cc1,-5.50300000,-5.95142409,-0.44842409,0.44842409
306,Ibuprofen glucoside,CC(Cc1ccc(cc1)C(C(=O)OC[C@H]1OC(O)[C@@H]([C@H]([C@@H]1O)O)O)C)C,CC(C)Cc1ccc(C(C)C(=O)OC[C@H]2OC(O)[C@H](O)[C@@H](O)[C@@H]2O)cc1,-6.94500000,-6.51197143,0.43302857,0.43302857
307,Ibuprofen mannoside,CC(Cc1ccc(cc1)C(C(=O)OC[C@H]1OC(O)[C@H]([C@H]([C@@H]1O)O)O)C)C,CC(C)Cc1ccc(C(C)C(=O)OC[C@H]2OC(O)[C@@H](O)[C@@H](O)[C@@H]2O)cc1,-6.54800000,-6.51197143,0.03602857,0.03602857
308,Ketoprofen,OC(=O)C(c1cccc(c1)C(=O)c1ccccc1)C,CC(C(=O)O)c1cccc(C(=O)c2ccccc2)c1,-6.15100000,-6.63279448,-0.48179448,0.48179448
314,Aspartic acid,OC(=O)CC(C(=O)O)N,NC(CC(=O)O)C(=O)O,-7.43200000,-7.23453101,0.19746899,0.19746899
315,Aspartic acid,OC(=O)CC(C(=O)O)N,NC(CC(=O)O)C(=O)O,-7.58500000,-7.23453101,0.35046899,0.35046899
319,Lysine,NCCCC[C@@H](C(=O)O)N,NCCCC[C@H](N)C(=O)O,-7.32800000,-7.35841488,-0.03041488,0.03041488
320,Lysine,NCCCC[C@@H](C(=O)O)N,NCCCC[C@H](N)C(=O)O,-6.86000000,-7.35841488,-0.49841488,0.49841488
328,Levosimendan,N#CC(=NNc1ccc(cc1)C1=NNC(=O)C[C@H]1C)C#N,C[C@@H]1CC(=O)NN=C1c1ccc(NN=C(C#N)C#N)cc1,-6.48400000,-6.33343803,0.15056197,0.15056197
333,Ethylene glycol mono methyl ether acetate,COCCOC(=O)C,COCCOC(C)=O,-6.29900000,-6.16400833,0.13499167,0.13499167
334,2-Propoxyethanol,CCCOCCO,CCCOCCO,-6.54300000,-5.97706438,0.56593562,0.56593562
338,Ethylene glycol mono methyl ether acetate,COCCOC(=O)C,COCCOC(C)=O,-6.63700000,-6.16400833,0.47299167,0.47299167
340,Acyclovir,Nc1nc(=O)c2c([nH]1)n(COCCO)cn2,Nc1nc(=O)c2ncn(COCCO)c2[nH]1,-7.07900000,-7.02278518,0.05621482,0.05621482
341,1-Methoxy-2-Propanol,COCC(O)C,COCC(C)O,-6.39700000,-6.17314028,0.22385972,0.22385972
342,2-Butoxyethanol,CCCCOCCO,CCCCOCCO,-5.26800000,-5.79447437,-0.52647437,0.52647437
343,2-Ethoxyethanol,OCCOCC,CCOCCO,-5.63400000,-6.20253413,-0.56853413,0.56853413
346,"1,1,1-Trichloropropanone",CC(=O)C(Cl)(Cl)Cl,CC(=O)C(Cl)(Cl)Cl,-5.17600000,-5.74588071,-0.56988071,0.56988071
348,Bromoacetic acid,OC(=O)CBr,O=C(O)CBr,-6.41000000,-6.02176164,0.38823836,0.38823836
349,Bromochloroacetic acid,OC(=O)C(Br)Cl,O=C(O)C(Cl)Br,-6.35200000,-6.56585131,-0.21385131,0.21385131
352,Chloroacetic acid,OC(=O)CCl,O=C(O)CCl,-6.51500000,-6.12719326,0.38780674,0.38780674
354,Chloroform,ClC(Cl)Cl,ClC(Cl)Cl,-4.35200000,-4.95136583,-0.59936583,0.59936583
356,Dichloroacetic acid,ClC(C(=O)O)Cl,O=C(O)C(Cl)Cl,-6.27800000,-6.61378682,-0.33578682,0.33578682
357,Trichloroacetic acid,OC(=O)C(Cl)(Cl)Cl,O=C(O)C(Cl)(Cl)Cl,-6.27800000,-6.10916683,0.16883317,0.16883317
358,2-Naphthol,Oc1ccc2c(c1)cccc2,Oc1ccc2ccccc2c1,-4.75700000,-4.94627249,-0.18927249,0.18927249
359,4-Propoxyphenol,CCCOc1ccc(cc1)O,CCCOc1ccc(O)cc1,-5.38000000,-5.37457140,0.00542860,0.00542860
360,Carvacrol,CC(c1ccc(c(c1)O)C)C,Cc1ccc(C(C)C)cc1O,-4.81000000,-4.81175306,-0.00175306,0.00175306
361,Chlorocresol,Cc1c(O)cccc1Cl,Cc1c(O)cccc1Cl,-5.00000000,-5.07054625,-0.07054625,0.07054625
362,Chloroxylenol,Cc1ccc(c(c1C)O)Cl,Cc1ccc(Cl)c(O)c1C,-4.65100000,-4.71755511,-0.06655511,0.06655511
363,Methyl 4-hydroxybenzoate,COC(=O)c1ccc(cc1)O,COC(=O)c1ccc(O)cc1,-5.63200000,-5.48673979,0.14526021,0.14526021
364,Methyl salicylate,COC(=O)c1ccccc1O,COC(=O)c1ccccc1O,-5.00000000,-5.02200067,-0.02200067,0.02200067
365,o-t-Butylphenol,Oc1ccccc1C(C)(C)C,CC(C)(C)c1ccccc1O,-4.68500000,-4.70357751,-0.01857751,0.01857751
366,p-n-Butylphenol,CCCCc1ccc(cc1)O,CCCCc1ccc(O)cc1,-4.67100000,-4.69128432,-0.02028432,0.02028432
367,Thymol,Cc1ccc(c(c1)O)C(C)C,Cc1ccc(C(C)C)c(O)c1,-4.77000000,-4.75603708,0.01396292,0.01396292
369,1-Hexanol,CCCCCCO,CCCCCCO,-4.85900000,-5.16989488,-0.31089488,0.31089488
370,Water,O,O,-6.41000000,-6.61770881,-0.20770881,0.20770881
371,1-Hexanol,CCCCCCO,CCCCCCO,-5.11400000,-5.16989488,-0.05589488,0.05589488
379,Caffeine,Cn1cnc2c1c(=O)n(C)c(=O)n2C,Cn1c(=O)c2c(ncn2C)n(C)c1=O,-6.82800000,-6.87543383,-0.04743383,0.04743383
380,Testosterone,O=C1CC[C@]2(C(=C1)CC[C@@H]1[C@@H]2CC[C@]2([C@H]1CC[C@@H]2O)C)C,C[C@]12CC[C@H]3[C@@H](CCC4=CC(=O)CC[C@@]43C)[C@@H]1CC[C@@H]2O,-5.73000000,-5.81485555,-0.08485555,0.08485555
381,Water,O,O,-6.59700000,-6.61770881,-0.02070881,0.02070881
382,Water,O,O,-6.70700000,-6.61770881,0.08929119,0.08929119
383,Mannitol,OC[C@H]([C@H]([C@@H]([C@@H](CO)O)O)O)O,OC[C@@H](O)[C@@H](O)[C@H](O)[C@H](O)CO,-8.15800000,-7.90493577,0.25306423,0.25306423
384,Mannitol,OC[C@H]([C@H]([C@@H]([C@@H](CO)O)O)O)O,OC[C@@H](O)[C@@H](O)[C@H](O)[C@H](O)CO,-7.92300000,-7.90493577,0.01806423,0.01806423
389,Lidocaine,CCN(CC(=O)Nc1c(C)cccc1C)CC,CCN(CC)CC(=O)Nc1c(C)cccc1C,-5.70700000,-6.02584673,-0.31884673,0.31884673
390,Lidocaine,CCN(CC(=O)Nc1c(C)cccc1C)CC,CCN(CC)CC(=O)Nc1c(C)cccc1C,-5.53000000,-6.02584673,-0.49584673,0.49584673
393,Water,O,O,-6.42900000,-6.61770881,-0.18870881,0.18870881
394,5-Fluorouracil,Fc1c[nH]c(=O)[nH]c1=O,O=c1[nH]cc(F)c(=O)[nH]1,-8.01500000,-8.26562139,-0.25062139,0.25062139
395,2-phenoxyethanol,OCCOc1ccccc1,OCCOc1ccccc1,-6.43000000,-5.89464414,0.53535586,0.53535586
396,Hydrocortisone,OCC(=O)[C@@]1(O)CC[C@@H]2[C@]1(C)C[C@H](O)[C@H]1[C@H]2CCC2=CC(=O)CC[C@]12C,C[C@]12CCC(=O)C=C1CC[C@@H]1[C@@H]2[C@@H](O)C[C@@]2(C)[C@H]1CC[C@]2(O)C(=O)CO,-7.35700000,-7.43191949,-0.07491949,0.07491949
397,Hydrocortisone,OCC(=O)[C@@]1(O)CC[C@@H]2[C@]1(C)C[C@H](O)[C@H]1[C@H]2CCC2=CC(=O)CC[C@]12C,C[C@]12CCC(=O)C=C1CC[C@@H]1[C@@H]2[C@@H](O)C[C@@]2(C)[C@H]1CC[C@]2(O)C(=O)CO,-7.35700000,-7.43191949,-0.07491949,0.07491949
398,Hydrocortisone,OCC(=O)[C@@]1(O)CC[C@@H]2[C@]1(C)C[C@H](O)[C@H]1[C@H]2CCC2=CC(=O)CC[C@]12C,C[C@]12CCC(=O)C=C1CC[C@@H]1[C@@H]2[C@@H](O)C[C@@]2(C)[C@H]1CC[C@]2(O)C(=O)CO,-7.43100000,-7.43191949,-0.00091949,0.00091949
399,Hydrocortisone,OCC(=O)[C@@]1(O)CC[C@@H]2[C@]1(C)C[C@H](O)[C@H]1[C@H]2CCC2=CC(=O)CC[C@]12C,C[C@]12CCC(=O)C=C1CC[C@@H]1[C@@H]2[C@@H](O)C[C@@]2(C)[C@H]1CC[C@]2(O)C(=O)CO,-7.68100000,-7.43191949,0.24908051,0.24908051
400,Hydrocortisone,OCC(=O)[C@@]1(O)CC[C@@H]2[C@]1(C)C[C@H](O)[C@H]1[C@H]2CCC2=CC(=O)CC[C@]12C,C[C@]12CCC(=O)C=C1CC[C@@H]1[C@@H]2[C@@H](O)C[C@@]2(C)[C@H]1CC[C@]2(O)C(=O)CO,-7.57700000,-7.43191949,0.14508051,0.14508051
401,Testosterone,O=C1CC[C@]2(C(=C1)CC[C@@H]1[C@@H]2CC[C@]2([C@H]1CC[C@@H]2O)C)C,C[C@]12CC[C@H]3[C@@H](CCC4=CC(=O)CC[C@@]43C)[C@@H]1CC[C@@H]2O,-5.48900000,-5.81485555,-0.32585555,0.32585555
402,Testosterone,O=C1CC[C@]2(C(=C1)CC[C@@H]1[C@@H]2CC[C@]2([C@H]1CC[C@@H]2O)C)C,C[C@]12CC[C@H]3[C@@H](CCC4=CC(=O)CC[C@@]43C)[C@@H]1CC[C@@H]2O,-5.47600000,-5.81485555,-0.33885555,0.33885555
403,Testosterone,O=C1CC[C@]2(C(=C1)CC[C@@H]1[C@@H]2CC[C@]2([C@H]1CC[C@@H]2O)C)C,C[C@]12CC[C@H]3[C@@H](CCC4=CC(=O)CC[C@@]43C)[C@@H]1CC[C@@H]2O,-5.48900000,-5.81485555,-0.32585555,0.32585555
404,Testosterone,O=C1CC[C@]2(C(=C1)CC[C@@H]1[C@@H]2CC[C@]2([C@H]1CC[C@@H]2O)C)C,C[C@]12CC[C@H]3[C@@H](CCC4=CC(=O)CC[C@@]43C)[C@@H]1CC[C@@H]2O,-5.47600000,-5.81485555,-0.33885555,0.33885555
405,Testosterone,O=C1CC[C@]2(C(=C1)CC[C@@H]1[C@@H]2CC[C@]2([C@H]1CC[C@@H]2O)C)C,C[C@]12CC[C@H]3[C@@H](CCC4=CC(=O)CC[C@@]43C)[C@@H]1CC[C@@H]2O,-5.59600000,-5.81485555,-0.21885555,0.21885555
407,Boric acid,OB(O)O,OB(O)O,-7.19900000,-7.51269287,-0.31369287,0.31369287
408,Borax,[O-]B1OB2OB(OB(O1)O2)[O-].[Na+].[Na+],[Na+].[Na+].[O-]B1OB2OB([O-])OB(O1)O2,-7.32600000,-7.78001847,-0.45401847,0.45401847
409,Disodium octaborate tetrahydrate,[O-]B([O-])[O-].[O-]B([O-])[O-].[O-]B([O-])[O-].[O-]B([O-])[O-].[O-]B([O-])[O-].[O-]B([O-])[O-].[O-]B([O-])[O-].[O-]B([O-])[O-].O.O.O.O.[Na+].[Na+],O.O.O.O.[Na+].[Na+].[O-]B([O-])[O-].[O-]B([O-])[O-].[O-]B([O-])[O-].[O-]B([O-])[O-].[O-]B([O-])[O-].[O-]B([O-])[O-].[O-]B([O-])[O-].[O-]B([O-])[O-],-7.65300000,-7.51269287,0.14030713,0.14030713
410,Glyphosate,OC(=O)CNCP(=O)(O)O,O=C(O)CNCP(=O)(O)O,-6.89400000,-7.37928386,-0.48528386,0.48528386
414,1-Hexanol,CCCCCCO,CCCCCCO,-4.88800000,-5.16989488,-0.28189488,0.28189488
415,Water,O,O,-6.42600000,-6.61770881,-0.19170881,0.19170881
416,Ethanol,CCO,CCO,-6.35200000,-6.48749638,-0.13549638,0.13549638
417,1-Butanol,CCCCO,CCCCO,-5.81600000,-5.99933973,-0.18333973,0.18333973
424,1-Hexanol,CCCCCCO,CCCCCCO,-5.63700000,-5.12516721,0.51183279,0.51183279
426,2-Amino-4-Nitrophenol,[O-][N+](=O)c1ccc(c(c1)N)O,Nc1cc([N+](=O)[O-])ccc1O,-6.73700000,-6.46955882,0.26744118,0.26744118
429,1-Octanol,CCCCCCCCO,CCCCCCCCO,-4.83300000,-4.67985229,0.15314771,0.15314771
430,1-Octyl-2-Pyrrolidone,CCCCCCCCN1CCCC1=O,CCCCCCCCN1CCCC1=O,-4.81000000,-4.94207274,-0.13207274,0.13207274
431,1-Octyl-2-Azacycloheptanone,CCCCCCCCN1CCCCCC1=O,CCCCCCCCN1CCCCCC1=O,-4.67400000,-5.11699945,-0.44299945,0.44299945
432,Amphetamine,CC(Cc1ccccc1)N,CC(N)Cc1ccccc1,-4.59200000,-5.06771603,-0.47571603,0.47571603
442,1-Butanol,CCCCO,CCCCO,-6.55600000,-5.99815180,0.55784820,0.55784820
446,1-Heptanol,CCCCCCCO,CCCCCCCO,-5.15800000,-5.02295903,0.13504097,0.13504097
448,1-Hexanol,CCCCCCO,CCCCCCO,-5.25500000,-5.24641792,0.00858208,0.00858208
452,1-Octanol,CCCCCCCCO,CCCCCCCCO,-5.14100000,-4.75793217,0.38306783,0.38306783
457,1-Propanol,CCCO,CCCO,-6.30100000,-6.42116238,-0.12016238,0.12016238
460,Fentanyl,CCC(=O)N(c1ccccc1)C1CCN(CC1)CCc1ccccc1,CCC(=O)N(c1ccccc1)C1CCN(CCc2ccccc2)CC1,-5.84900000,-5.53811957,0.31088043,0.31088043
461,Fentanyl,CCC(=O)N(c1ccccc1)C1CCN(CC1)CCc1ccccc1,CCC(=O)N(c1ccccc1)C1CCN(CCc2ccccc2)CC1,-5.70500000,-5.53811957,0.16688043,0.16688043
462,Fentanyl,CCC(=O)N(c1ccccc1)C1CCN(CC1)CCc1ccccc1,CCC(=O)N(c1ccccc1)C1CCN(CCc2ccccc2)CC1,-5.45200000,-5.53811957,-0.08611957,0.08611957
463,Fentanyl,CCC(=O)N(c1ccccc1)C1CCN(CC1)CCc1ccccc1,CCC(=O)N(c1ccccc1)C1CCN(CCc2ccccc2)CC1,-5.20600000,-5.53811957,-0.33211957,0.33211957
464,Fentanyl,CCC(=O)N(c1ccccc1)C1CCN(CC1)CCc1ccccc1,CCC(=O)N(c1ccccc1)C1CCN(CCc2ccccc2)CC1,-5.11500000,-5.53811957,-0.42311957,0.42311957
465,Fentanyl,CCC(=O)N(c1ccccc1)C1CCN(CC1)CCc1ccccc1,CCC(=O)N(c1ccccc1)C1CCN(CCc2ccccc2)CC1,-5.01300000,-5.53811957,-0.52511957,0.52511957
466,Fentanyl,CCC(=O)N(c1ccccc1)C1CCN(CC1)CCc1ccccc1,CCC(=O)N(c1ccccc1)C1CCN(CCc2ccccc2)CC1,-5.03900000,-5.53811957,-0.49911957,0.49911957
469,Sufentanil,COCC1(CCN(CC1)CCc1cccs1)N(c1ccccc1)C(=O)CC,CCC(=O)N(c1ccccc1)C1(COC)CCN(CCc2cccs2)CC1,-5.76400000,-5.36638309,0.39761691,0.39761691
470,Sufentanil,COCC1(CCN(CC1)CCc1cccs1)N(c1ccccc1)C(=O)CC,CCC(=O)N(c1ccccc1)C1(COC)CCN(CCc2cccs2)CC1,-5.55200000,-5.36638309,0.18561691,0.18561691
471,Sufentanil,COCC1(CCN(CC1)CCc1cccs1)N(c1ccccc1)C(=O)CC,CCC(=O)N(c1ccccc1)C1(COC)CCN(CCc2cccs2)CC1,-5.36000000,-5.36638309,-0.00638309,0.00638309
472,Sufentanil,COCC1(CCN(CC1)CCc1cccs1)N(c1ccccc1)C(=O)CC,CCC(=O)N(c1ccccc1)C1(COC)CCN(CCc2cccs2)CC1,-5.19300000,-5.36638309,-0.17338309,0.17338309
473,Sufentanil,COCC1(CCN(CC1)CCc1cccs1)N(c1ccccc1)C(=O)CC,CCC(=O)N(c1ccccc1)C1(COC)CCN(CCc2cccs2)CC1,-5.08200000,-5.36638309,-0.28438309,0.28438309
474,Sufentanil,COCC1(CCN(CC1)CCc1cccs1)N(c1ccccc1)C(=O)CC,CCC(=O)N(c1ccccc1)C1(COC)CCN(CCc2cccs2)CC1,-5.01800000,-5.36638309,-0.34838309,0.34838309
475,Sufentanil,COCC1(CCN(CC1)CCc1cccs1)N(c1ccccc1)C(=O)CC,CCC(=O)N(c1ccccc1)C1(COC)CCN(CCc2cccs2)CC1,-5.02900000,-5.36638309,-0.33738309,0.33738309
476,Caffeine,Cn1cnc2c1c(=O)n(C)c(=O)n2C,Cn1c(=O)c2c(ncn2C)n(C)c1=O,-7.14500000,-6.87543383,0.26956617,0.26956617
477,Salicylic acid,OC(=O)c1ccccc1O,O=C(O)c1ccccc1O,-6.21600000,-5.77803839,0.43796161,0.43796161
482,Estradiol,Oc1ccc2c(c1)CC[C@@H]1[C@@H]2CC[C@]2([C@H]1CC[C@@H]2O)C,C[C@]12CC[C@@H]3c4ccc(O)cc4CC[C@H]3[C@@H]1CC[C@@H]2O,-6.55600000,-6.13096401,0.42503599,0.42503599
483,Estradiol,Oc1ccc2c(c1)CC[C@@H]1[C@@H]2CC[C@]2([C@H]1CC[C@@H]2O)C,C[C@]12CC[C@@H]3c4ccc(O)cc4CC[C@H]3[C@@H]1CC[C@@H]2O,-5.55600000,-6.13096401,-0.57496401,0.57496401
488,2-Methoxyethanol,COCCO,COCCO,-6.09500000,-6.17385791,-0.07885791,0.07885791
489,2-Ethoxyethanol,OCCOCC,CCOCCO,-6.63100000,-6.20253413,0.42846587,0.42846587
492,1-Methoxy-2-Propanol,COCC(O)C,COCC(C)O,-6.45900000,-6.17314028,0.28585972,0.28585972
496,Water,O,O,-6.75100000,-6.61565846,0.13534154,0.13534154
497,Ethanol,CCO,CCO,-7.05500000,-6.48544602,0.56955398,0.56955398
498,Mannitol,OC[C@H]([C@H]([C@@H]([C@@H](CO)O)O)O)O,OC[C@@H](O)[C@@H](O)[C@H](O)[C@H](O)CO,-7.77100000,-7.90493577,-0.13393577,0.13393577
504,Methanol,CO,CO,-6.35200000,-6.67331876,-0.32131876,0.32131876
505,1-Octanol,CCCCCCCCO,CCCCCCCCO,-4.77100000,-4.75985808,0.01114192,0.01114192
506,Caffeine,Cn1cnc2c1c(=O)n(C)c(=O)n2C,Cn1c(=O)c2c(ncn2C)n(C)c1=O,-6.35200000,-6.87543383,-0.52343383,0.52343383
507,Methotrexate,OC(=O)CC[C@@H](C(=O)O)NC(=O)c1ccc(cc1)N(Cc1cnc2c(n1)c(N)nc(n2)N)C,CN(Cc1cnc2nc(N)nc(N)c2n1)c1ccc(C(=O)N[C@@H](CCC(=O)O)C(=O)O)cc1,-7.00700000,-6.97078647,0.03621353,0.03621353
508,Methotrexate,OC(=O)CC[C@@H](C(=O)O)NC(=O)c1ccc(cc1)N(Cc1cnc2c(n1)c(N)nc(n2)N)C,CN(Cc1cnc2nc(N)nc(N)c2n1)c1ccc(C(=O)N[C@@H](CCC(=O)O)C(=O)O)cc1,-7.50300000,-6.97078647,0.53221353,0.53221353
509,Methotrexate,OC(=O)CC[C@@H](C(=O)O)NC(=O)c1ccc(cc1)N(Cc1cnc2c(n1)c(N)nc(n2)N)C,CN(Cc1cnc2nc(N)nc(N)c2n1)c1ccc(C(=O)N[C@@H](CCC(=O)O)C(=O)O)cc1,-7.20900000,-6.97078647,0.23821353,0.23821353
510,Methotrexate,OC(=O)CC[C@@H](C(=O)O)NC(=O)c1ccc(cc1)N(Cc1cnc2c(n1)c(N)nc(n2)N)C,CN(Cc1cnc2nc(N)nc(N)c2n1)c1ccc(C(=O)N[C@@H](CCC(=O)O)C(=O)O)cc1,-6.61300000,-6.97078647,-0.35778647,0.35778647
511,Methotrexate,OC(=O)CC[C@@H](C(=O)O)NC(=O)c1ccc(cc1)N(Cc1cnc2c(n1)c(N)nc(n2)N)C,CN(Cc1cnc2nc(N)nc(N)c2n1)c1ccc(C(=O)N[C@@H](CCC(=O)O)C(=O)O)cc1,-6.80700000,-6.97078647,-0.16378647,0.16378647
512,Methotrexate,OC(=O)CC[C@@H](C(=O)O)NC(=O)c1ccc(cc1)N(Cc1cnc2c(n1)c(N)nc(n2)N)C,CN(Cc1cnc2nc(N)nc(N)c2n1)c1ccc(C(=O)N[C@@H](CCC(=O)O)C(=O)O)cc1,-6.50300000,-6.97078647,-0.46778647,0.46778647
513,Methotrexate,OC(=O)CC[C@@H](C(=O)O)NC(=O)c1ccc(cc1)N(Cc1cnc2c(n1)c(N)nc(n2)N)C,CN(Cc1cnc2nc(N)nc(N)c2n1)c1ccc(C(=O)N[C@@H](CCC(=O)O)C(=O)O)cc1,-6.84000000,-6.97078647,-0.13078647,0.13078647
515,2-Phenylphenol,Oc1ccccc1c1ccccc1,Oc1ccccc1-c1ccccc1,-5.29400000,-4.72379128,0.57020872,0.57020872
533,Caffeine,Cn1cnc2c1c(=O)n(C)c(=O)n2C,Cn1c(=O)c2c(ncn2C)n(C)c1=O,-6.54100000,-6.87543383,-0.33443383,0.33443383
534,Caffeine,Cn1cnc2c1c(=O)n(C)c(=O)n2C,Cn1c(=O)c2c(ncn2C)n(C)c1=O,-6.91500000,-6.87543383,0.03956617,0.03956617
537,Butoxyethanol,CCCCOC(O)C,CCCCOC(C)O,-5.98200000,-5.55245415,0.42954585,0.42954585
540,Propoxur,CNC(=O)Oc1ccccc1OC(C)C,CNC(=O)Oc1ccccc1OC(C)C,-5.87800000,-5.38142185,0.49657815,0.49657815
541,Propoxur,CNC(=O)Oc1ccccc1OC(C)C,CNC(=O)Oc1ccccc1OC(C)C,-5.79700000,-5.38142185,0.41557815,0.41557815
542,Propoxur,CNC(=O)Oc1ccccc1OC(C)C,CNC(=O)Oc1ccccc1OC(C)C,-5.91200000,-5.38142185,0.53057815,0.53057815
543,"4,4'-Methylenedianiline",Nc1ccc(cc1)Cc1ccc(cc1)N,Nc1ccc(Cc2ccc(N)cc2)cc1,-6.21900000,-6.22714417,-0.00814417,0.00814417
544,2-Ethoxyethanol,OCCOCC,CCOCCO,-5.64700000,-6.20253413,-0.55553413,0.55553413
545,2-Ethoxyethanol,OCCOCC,CCOCCO,-5.63000000,-6.20253413,-0.57253413,0.57253413
