row #,COSMOS ID,CAS RN,COSMOS Name,STRUCTURE NOTE,SMILES,InChI,InChIKey,Atoms,Bonds,BondsRot,HAcc,HAccN,HAccO,HDon,HDonN,HDonO,Ro5Viol,Ro5ViolExt,Stereo,Weight,Complex,ComplexRing,TPSA,XlogP,Experimental_logKp_available,Experimental_logKp_record_count,Experimental_logKp_values_log10_cm_per_s,Experimental_logKp_mean_log10_cm_per_s,Experimental_logKp_median_log10_cm_per_s,Experimental_logKp_min_log10_cm_per_s,Experimental_logKp_max_log10_cm_per_s,Structure_match_method,Experimental_source,Source_URL
6,CMS-138,71-43-2,BENZENE,EXACT STRUCTURE,c1ccccc1,InChI=1S/C6H6/c1-2-4-6-5-3-1/h1-6H,UHOVQNZJYSORNB-UHFFFAOYSA-N,12,12,0,0,0,0,0,0,0,0,0,0,78.112,15.5098,1,0,2.01934,Yes,2,-4.511 | -4.352,-4.431500,-4.431500,-4.511000,-4.352000,InChIKey (provided),HuSKIN DB v1.01,https://huskindb.drug-design.de/data/
38,CMS-1150,106-50-3,P-PHENYLENEDIAMINE,EXACT STRUCTURE,Nc1ccc(N)cc1,"InChI=1S/C6H8N2/c7-5-1-2-6(8)4-3-5/h1-4H,7-8H2",CBCKQZAAMUWICA-UHFFFAOYSA-N,16,16,0,2,2,0,4,4,0,0,0,0,108.141,54.9288,1,52.04,-0.0303779,Yes,1,-7.176,-7.176000,-7.176000,-7.176000,-7.176000,InChIKey (provided),HuSKIN DB v1.01,https://huskindb.drug-design.de/data/
40,CMS-6782,3380-34-5,TRICLOSAN,EXACT STRUCTURE,Oc1cc(Cl)ccc1Oc1ccc(Cl)cc1Cl,"InChI=1S/C12H7Cl3O2/c13-7-1-3-11(9(15)5-7)17-12-4-2-8(14)6-10(12)16/h1-6,16H",XEFQLINVKFYRCS-UHFFFAOYSA-N,24,25,2,2,0,2,1,0,1,0,0,0,289.542,251.905,1,29.46,4.96459,Yes,1,-7.269,-7.269000,-7.269000,-7.269000,-7.269000,InChIKey (provided),HuSKIN DB v1.01,https://huskindb.drug-design.de/data/
117,CMS-922,79-11-8,MONOCHLOROACETIC ACID--PROHIBITED,EXACT STRUCTURE,O=C(O)CCl,"InChI=1S/C2H3ClO2/c3-1-2(4)5/h1H2,(H,4,5)",FOCAUTSVDIKZOP-UHFFFAOYSA-N,8,7,1,2,0,2,1,0,1,0,0,0,94.497,42.9126,0,37.3,0.159939,Yes,1,-6.515,-6.515000,-6.515000,-6.515000,-6.515000,InChIKey (provided),HuSKIN DB v1.01,https://huskindb.drug-design.de/data/
137,CMS-1784,90-15-3,1-NAPHTHOL,EXACT STRUCTURE,Oc1cccc2ccccc12,"InChI=1S/C10H8O/c11-10-7-3-5-8-4-1-2-6-9(8)10/h1-7,11H",KJCVRFUGPWSIIH-UHFFFAOYSA-N,19,20,0,1,0,1,1,0,1,0,0,0,144.17,132.834,1.2,20.23,2.87717,Yes,1,-5.141,-5.141000,-5.141000,-5.141000,-5.141000,InChIKey (provided),HuSKIN DB v1.01,https://huskindb.drug-design.de/data/
150,CMS-1163,90-43-7,O-PHENYLPHENOL,EXACT STRUCTURE,Oc1ccccc1-c1ccccc1,"InChI=1S/C12H10O/c13-12-9-5-4-8-11(12)10-6-2-1-3-7-10/h1-9,13H",LLEMOWNGBBNAJR-UHFFFAOYSA-N,23,24,1,1,0,1,1,0,1,0,0,0,170.207,149.203,1,20.23,3.55029,Yes,2,-6.355 | -5.294,-5.824500,-5.824500,-6.355000,-5.294000,InChIKey (provided),HuSKIN DB v1.01,https://huskindb.drug-design.de/data/
152,CMS-1355,58-55-9,THEOPHYLLINE,EXACT STRUCTURE,Cn1c(=O)c2[nH]cnc2n(C)c1=O,"InChI=1S/C7H8N4O2/c1-10-5-4(8-3-9-5)6(12)11(2)7(10)13/h3H,1-2H3,(H,8,9)",ZFXYFBGIUFBOJW-UHFFFAOYSA-N,21,22,0,6,4,2,1,1,0,0,0,0,180.164,267.218,1.22222,69.3,-0.746224,Yes,1,-7.125,-7.125000,-7.125000,-7.125000,-7.125000,InChIKey (provided),HuSKIN DB v1.01,https://huskindb.drug-design.de/data/
186,CMS-976,5307-14-2,2-NITRO-P-PHENYLENEDIAMINE,EXACT STRUCTURE,Nc1ccc(N)c([N+](=O)[O-])c1,"InChI=1S/C6H7N3O2/c7-4-1-2-5(8)6(3-4)9(10)11/h1-3H,7-8H2",HVHNMNGARPCGGD-UHFFFAOYSA-N,18,18,1,5,3,2,4,4,0,0,0,0,153.139,156.397,1,97.86,0.296496,Yes,1,-6.857,-6.857000,-6.857000,-6.857000,-6.857000,InChIKey (provided),HuSKIN DB v1.01,https://huskindb.drug-design.de/data/
215,CMS-1949,134-62-3,DIETHYLTOLUAMIDE,EXACT STRUCTURE,CCN(CC)C(=O)c1cccc(C)c1,"InChI=1S/C12H17NO/c1-4-13(5-2)12(14)11-8-6-7-10(3)9-11/h6-9H,4-5H2,1-3H3",MMOXZBCLCQITDF-UHFFFAOYSA-N,31,31,3,2,1,1,0,0,0,0,0,0,191.269,186.761,1,20.31,2.85092,Yes,12,-8.352 | -7.699 | -7.561 | -7.535 | -7.477 | -7.474 | -7.392 | -7.158 | -6.954 | -6.792 | -6.78 | -6.446,-7.301667,-7.433000,-8.352000,-6.446000,InChIKey (provided),HuSKIN DB v1.01,https://huskindb.drug-design.de/data/
295,CMS-1305,57-50-1,SUCROSE,EXACT STRUCTURE,OC[C@H]1O[C@H](O[C@]2(CO)O[C@H](CO)[C@@H](O)[C@@H]2O)[C@H](O)[C@@H](O)[C@@H]1O,"InChI=1S/C12H22O11/c13-1-4-6(16)8(18)9(19)11(21-4)23-12(3-15)10(20)7(17)5(2-14)22-12/h4-11,13-20H,1-3H2/t4-,5-,6-,7-,8+,9-,10+,11-,12+/m1/s1",CZMRCDWAGMRECN-UGDNZRGBSA-N,45,46,5,11,0,11,8,0,8,2,2,9,342.296,395.203,1,189.53,-4.03352,Yes,4,-8.84 | -8.583 | -8.075,-8.584500,-8.711500,-8.840000,-8.075000,InChIKey (provided),HuSKIN DB v1.01,https://huskindb.drug-design.de/data/
304,CMS-240,58-08-2,CAFFEINE,EXACT STRUCTURE,Cn1c(=O)c2c(ncn2C)n(C)c1=O,"InChI=1S/C8H10N4O2/c1-10-4-9-6-5(10)7(13)12(3)8(14)11(6)2/h4H,1-3H3",RYYVLZVUVIJVGH-UHFFFAOYSA-N,24,25,0,6,4,2,0,0,0,0,0,0,194.191,293.066,1.22222,58.44,-0.431527,Yes,7,-7.556 | -7.145 | -7.053 | -6.915 | -6.828 | -6.541 | -6.352,-6.912857,-6.915000,-7.556000,-6.352000,InChIKey (provided),HuSKIN DB v1.01,https://huskindb.drug-design.de/data/
338,CMS-620,117-81-7,DI(2-ETHYLHEXYL) PHTHALATE,EXACT STRUCTURE,CCCCC(CC)COC(=O)c1ccccc1C(=O)OCC(CC)CCCC,"InChI=1S/C24H38O4/c1-5-9-13-19(7-3)17-27-23(25)21-15-11-12-16-22(21)24(26)28-18-20(8-4)14-10-6-2/h11-12,15-16,19-20H,5-10,13-14,17-18H2,1-4H3",BJQHLKABXJIVAM-UHFFFAOYSA-N,66,66,16,4,0,4,0,0,0,1,2,2,390.556,394.321,1,52.6,7.84981,Yes,3,-10.535 | -8.8 | -7.653,-8.996000,-8.800000,-10.535000,-7.653000,InChIKey (provided),HuSKIN DB v1.01,https://huskindb.drug-design.de/data/
339,CMS-3625,95-65-8,"3,4-XYLENOL",EXACT STRUCTURE,Cc1ccc(O)cc1C,"InChI=1S/C8H10O/c1-6-3-4-8(9)5-7(6)2/h3-5,9H,1-2H3",YCOXTKKNXUZSKD-UHFFFAOYSA-N,19,19,0,1,0,1,1,0,1,0,0,0,122.164,90.5684,1,20.23,2.2713,Yes,1,-5,-5.000000,-5.000000,-5.000000,-5.000000,InChIKey (provided),HuSKIN DB v1.01,https://huskindb.drug-design.de/data/
340,CMS-4841,60-12-8,PHENETHYL ALCOHOL,EXACT STRUCTURE,OCCc1ccccc1,"InChI=1S/C8H10O/c9-7-6-8-4-2-1-3-5-8/h1-5,9H,6-7H2",WRMNZCZEMHIOCP-UHFFFAOYSA-N,19,19,2,1,0,1,1,0,1,0,0,0,122.164,64.9679,1,20.23,1.36587,Yes,1,-5.276,-5.276000,-5.276000,-5.276000,-5.276000,InChIKey (provided),HuSKIN DB v1.01,https://huskindb.drug-design.de/data/
357,CMS-8324,533-73-3,"1,2,4-BENZENETRIOL",EXACT STRUCTURE,Oc1ccc(O)c(O)c1,"InChI=1S/C6H6O3/c7-4-1-2-5(8)6(9)3-4/h1-3,7-9H",GGNQRNBDZQJCCN-UHFFFAOYSA-N,15,15,0,3,0,3,3,0,3,0,0,0,126.11,94.3038,1,60.69,0.809038,Yes,1,-7.456,-7.456000,-7.456000,-7.456000,-7.456000,InChIKey (provided),HuSKIN DB v1.01,https://huskindb.drug-design.de/data/
358,CMS-3639,111-76-2,ETHYLENE GLYCOL MONOBUTYL ETHER,EXACT STRUCTURE,CCCCOCCO,"InChI=1S/C6H14O2/c1-2-3-5-8-6-4-7/h7H,2-6H2,1H3",POAOYUHQDCAZBD-UHFFFAOYSA-N,22,21,5,2,0,2,1,0,1,0,0,0,118.174,37.5098,0,29.46,0.624655,Yes,2,-7.226 | -5.34,-6.283000,-6.283000,-7.226000,-5.340000,InChIKey (provided),HuSKIN DB v1.01,https://huskindb.drug-design.de/data/
360,CMS-731,123-31-9,HYDROQUINONE,EXACT STRUCTURE,Oc1ccc(O)cc1,"InChI=1S/C6H6O2/c7-5-1-2-6(8)4-3-5/h1-4,7-8H",QIGBRXMKCJKVMJ-UHFFFAOYSA-N,14,14,0,2,0,2,2,0,2,0,0,0,110.111,54.9288,1,40.46,0.78547,Yes,2,-8.586 | -6.506,-7.546000,-7.546000,-8.586000,-6.506000,InChIKey (provided),HuSKIN DB v1.01,https://huskindb.drug-design.de/data/
366,CMS-3690,109-86-4,ETHYLENE GLYCOL MONOMETHYL ETHER,EXACT STRUCTURE,COCCO,"InChI=1S/C3H8O2/c1-5-3-2-4/h4H,2-3H2,1H3",XNWFRZJHXBZDAG-UHFFFAOYSA-N,13,12,2,2,0,2,1,0,1,0,0,0,76.0944,14.3645,0,29.46,-0.695781,Yes,1,-6.095,-6.095000,-6.095000,-6.095000,-6.095000,InChIKey (provided),HuSKIN DB v1.01,https://huskindb.drug-design.de/data/
373,CMS-3700,108-39-4,M-CRESOL,EXACT STRUCTURE,Cc1cccc(O)c1,"InChI=1S/C7H8O/c1-6-3-2-4-7(8)5-6/h2-5,8H,1H3",RLSSMJSEOOYNOY-UHFFFAOYSA-N,16,16,0,1,0,1,1,0,1,0,0,0,108.138,70.7871,1,20.23,2.04752,Yes,1,-5.373,-5.373000,-5.373000,-5.373000,-5.373000,InChIKey (provided),HuSKIN DB v1.01,https://huskindb.drug-design.de/data/
375,CMS-1797,95-48-7,O-CRESOL,EXACT STRUCTURE,Cc1ccccc1O,"InChI=1S/C7H8O/c1-6-4-2-3-5-7(6)8/h2-5,8H,1H3",QWVGKYWNOKOFNN-UHFFFAOYSA-N,16,16,0,1,0,1,1,0,1,0,0,0,108.138,70.7871,1,20.23,1.83414,Yes,1,-5.36,-5.360000,-5.360000,-5.360000,-5.360000,InChIKey (provided),HuSKIN DB v1.01,https://huskindb.drug-design.de/data/
377,CMS-1848,106-44-5,P-CRESOL,EXACT STRUCTURE,Cc1ccc(O)cc1,"InChI=1S/C7H8O/c1-6-2-4-7(8)5-3-6/h2-5,8H,1H3",IWDCLRJOBJJRNH-UHFFFAOYSA-N,16,16,0,1,0,1,1,0,1,0,0,0,108.138,62.7871,1,20.23,2.04752,Yes,2,-5.313 | -4.477,-4.895000,-4.895000,-5.313000,-4.477000,InChIKey (provided),HuSKIN DB v1.01,https://huskindb.drug-design.de/data/
378,CMS-1937,123-07-9,P-ETHYLPHENOL,EXACT STRUCTURE,CCc1ccc(O)cc1,"InChI=1S/C8H10O/c1-2-7-3-5-8(9)6-4-7/h3-6,9H,2H2,1H3",HXDOZKJGKXYMEW-UHFFFAOYSA-N,19,19,1,1,0,1,1,0,1,0,0,0,122.164,72.6368,1,20.23,2.30381,Yes,1,-5.014,-5.014000,-5.014000,-5.014000,-5.014000,InChIKey (provided),HuSKIN DB v1.01,https://huskindb.drug-design.de/data/
382,CMS-1777,84-74-2,DIBUTYL PHTHALATE,EXACT STRUCTURE,CCCCOC(=O)c1ccccc1C(=O)OCCCC,"InChI=1S/C16H22O4/c1-3-5-11-19-15(17)13-9-7-8-10-14(13)16(18)20-12-6-4-2/h7-10H,3-6,11-12H2,1-2H3",DOIRQSBPFJWKBE-UHFFFAOYSA-N,42,42,10,4,0,4,0,0,0,0,0,0,278.343,270.852,1,52.6,4.33365,Yes,1,-9.195,-9.195000,-9.195000,-9.195000,-9.195000,InChIKey (provided),HuSKIN DB v1.01,https://huskindb.drug-design.de/data/
386,CMS-1253,108-46-3,RESORCINOL,EXACT STRUCTURE,Oc1cccc(O)c1,"InChI=1S/C6H6O2/c7-5-2-1-3-6(8)4-5/h1-4,7-8H",GHMLBKRAJCXXBS-UHFFFAOYSA-N,14,14,0,2,0,2,2,0,2,0,0,0,110.111,64.9288,1,40.46,1.20138,Yes,2,-7.176 | -6.626,-6.901000,-6.901000,-7.176000,-6.626000,InChIKey (provided),HuSKIN DB v1.01,https://huskindb.drug-design.de/data/
387,CMS-1936,122-99-6,ETHYLENE GLYCOL MONOPHENYL ETHER,EXACT STRUCTURE,OCCOc1ccccc1,"InChI=1S/C8H10O2/c9-6-7-10-8-4-2-1-3-5-8/h1-5,9H,6-7H2",QCDWFXQBSFUVSP-UHFFFAOYSA-N,20,20,3,2,0,2,1,0,1,0,0,0,138.164,77.3268,1,29.46,1.21617,Yes,1,-6.43,-6.430000,-6.430000,-6.430000,-6.430000,InChIKey (provided),HuSKIN DB v1.01,https://huskindb.drug-design.de/data/
397,CMS-1750,71-36-3,BUTYL ALCOHOL,EXACT STRUCTURE,CCCCO,"InChI=1S/C4H10O/c1-2-3-4-5/h5H,2-4H2,1H3",LRHPLDYGYMQRHN-UHFFFAOYSA-N,15,14,2,1,0,1,1,0,1,0,0,0,74.1216,13.1194,0,20.23,0.807053,Yes,14,-7.778 | -6.556 | -6.214 | -6.158 | -6.079 | -5.816 | -5.659 | -5.481 | -5.193 | -5.079 | -4.703,-5.940500,-6.079000,-7.778000,-4.703000,InChIKey (provided),HuSKIN DB v1.01,https://huskindb.drug-design.de/data/
398,CMS-1898,111-27-3,HEXYL ALCOHOL,EXACT STRUCTURE,CCCCCCO,"InChI=1S/C6H14O/c1-2-3-4-5-6-7/h7H,2-6H2,1H3",ZSIAUFGUXNUGDI-UHFFFAOYSA-N,21,20,4,1,0,1,1,0,1,0,0,0,102.175,27.361,0,20.23,1.6996,Yes,13,-7.84 | -7.012 | -5.778 | -5.637 | -5.442 | -5.284 | -5.255 | -5.114 | -5.051 | -4.888 | -4.859 | -2.442,-5.388000,-5.284000,-7.840000,-2.442000,InChIKey (provided),HuSKIN DB v1.01,https://huskindb.drug-design.de/data/
404,CMS-110,50-78-2,ASPIRIN,EXACT STRUCTURE,CC(=O)Oc1ccccc1C(=O)O,"InChI=1S/C9H8O4/c1-6(10)13-8-5-3-2-4-7(8)9(11)12/h2-5H,1H3,(H,11,12)",BSYNRYMUTXBXSQ-UHFFFAOYSA-N,21,21,3,4,0,4,1,0,1,0,0,0,180.157,211.66,1,63.6,1.44311,Yes,1,-5.696,-5.696000,-5.696000,-5.696000,-5.696000,InChIKey (provided),HuSKIN DB v1.01,https://huskindb.drug-design.de/data/
405,CMS-1776,84-66-2,DIETHYL PHTHALATE,EXACT STRUCTURE,CCOC(=O)c1ccccc1C(=O)OCC,"InChI=1S/C12H14O4/c1-3-15-11(13)9-7-5-6-8-10(9)12(14)16-4-2/h5-8H,3-4H2,1-2H3",FLKPEMZONWLCSK-UHFFFAOYSA-N,30,30,6,4,0,4,0,0,0,0,0,0,222.237,223.403,1,52.6,2.76194,Yes,1,-8.499,-8.499000,-8.499000,-8.499000,-8.499000,InChIKey (provided),HuSKIN DB v1.01,https://huskindb.drug-design.de/data/
410,CMS-4496,119-36-8,METHYL SALICYLATE,EXACT STRUCTURE,COC(=O)c1ccccc1O,"InChI=1S/C8H8O3/c1-11-8(10)6-4-2-3-5-7(6)9/h2-5,9H,1H3",OSWPMRLSEDHDFF-UHFFFAOYSA-N,19,19,2,3,0,3,1,0,1,0,0,0,152.147,144.273,1,46.53,2.51975,Yes,1,-5,-5.000000,-5.000000,-5.000000,-5.000000,InChIKey (provided),HuSKIN DB v1.01,https://huskindb.drug-design.de/data/
412,CMS-618,104-76-7,2-ETHYL-1-HEXANOL,EXACT STRUCTURE,CCCCC(CC)CO,"InChI=1S/C8H18O/c1-3-5-6-8(4-2)7-9/h8-9H,3-7H2,1-2H3",YIWUKEYIRIRTPP-UHFFFAOYSA-N,27,26,5,1,0,1,1,0,1,0,0,1,130.228,52.5293,0,20.23,2.56513,Yes,1,-7.899,-7.899000,-7.899000,-7.899000,-7.899000,InChIKey (provided),HuSKIN DB v1.01,https://huskindb.drug-design.de/data/
414,CMS-1136,108-95-2,PHENOL,EXACT STRUCTURE,Oc1ccccc1,"InChI=1S/C6H6O/c7-6-4-2-1-3-5-6/h1-5,7H",ISWSIDIOOBJBQZ-UHFFFAOYSA-N,13,13,0,1,0,1,1,0,1,0,0,0,94.1112,46.1417,1,20.23,1.61036,Yes,2,-5.614 | -5.586,-5.600000,-5.600000,-5.614000,-5.586000,InChIKey (provided),HuSKIN DB v1.01,https://huskindb.drug-design.de/data/
418,CMS-3806,64-19-7,ACETIC ACID,EXACT STRUCTURE,CC(=O)O,"InChI=1S/C2H4O2/c1-2(3)4/h1H3,(H,3,4)",QTBSBXVTEAMEQO-UHFFFAOYSA-N,8,7,0,2,0,2,1,0,1,0,0,0,60.052,31.0196,0,37.3,-0.0861255,Yes,1,-6.079,-6.079000,-6.079000,-6.079000,-6.079000,InChIKey (provided),HuSKIN DB v1.01,https://huskindb.drug-design.de/data/
420,CMS-14254,9038-95-3,ALPHA-BUTYL-OMEGA-HYDROXYPOLY(OXYETHYLENE) POLY(OXYPROPYLENE),EXACT STRUCTURE,CCCCO,"InChI=1S/C4H10O/c1-2-3-4-5/h5H,2-4H2,1H3",LRHPLDYGYMQRHN-UHFFFAOYSA-N,15,14,2,1,0,1,1,0,1,0,0,0,APPROXIMATION = 500-4000,13.1194,0,20.23,0.807053,Yes,14,-7.778 | -6.556 | -6.214 | -6.158 | -6.079 | -5.816 | -5.659 | -5.481 | -5.193 | -5.079 | -4.703,-5.940500,-6.079000,-7.778000,-4.703000,InChIKey (provided),HuSKIN DB v1.01,https://huskindb.drug-design.de/data/
425,CMS-4846,69-72-7,SALICYLIC ACID,EXACT STRUCTURE,O=C(O)c1ccccc1O,"InChI=1S/C7H6O3/c8-6-4-2-1-3-5(6)7(9)10/h1-4,8H,(H,9,10)",YGSDEFSMJLZEOE-UHFFFAOYSA-N,16,16,1,3,0,3,2,0,2,0,0,0,138.121,132.813,1,57.53,2.2083,Yes,6,-7.556 | -6.588 | -6.216 | -5.76 | -5.416 | -5.136,-6.112000,-5.988000,-7.556000,-5.136000,InChIKey (provided),HuSKIN DB v1.01,https://huskindb.drug-design.de/data/
426,CMS-1379,108-88-3,TOLUENE,EXACT STRUCTURE,Cc1ccccc1,"InChI=1S/C7H8/c1-7-5-3-2-4-6-7/h2-6H,1H3",YXFVVABEGXRONW-UHFFFAOYSA-N,15,15,0,0,0,0,0,0,0,0,0,0,92.1384,42,1,0,2.4565,Yes,1,-3.637,-3.637000,-3.637000,-3.637000,-3.637000,InChIKey (provided),HuSKIN DB v1.01,https://huskindb.drug-design.de/data/
430,CMS-1541,112-34-5,DIETHYLENE GLYCOL MONOBUTYL ETHER,EXACT STRUCTURE,CCCCOCCOCCO,"InChI=1S/C8H18O3/c1-2-3-5-10-7-8-11-6-4-9/h9H,2-8H2,1H3",OAYXUHPQHDHDDZ-UHFFFAOYSA-N,29,28,8,3,0,3,1,0,1,0,0,0,162.227,66.3575,0,38.69,0.442258,Yes,2,-8.004 | -7.071,-7.537500,-7.537500,-8.004000,-7.071000,InChIKey (provided),HuSKIN DB v1.01,https://huskindb.drug-design.de/data/
442,CMS-216,94-26-8,BUTYL P-HYDROXYBENZOATE,EXACT STRUCTURE,CCCCOC(=O)c1ccc(O)cc1,"InChI=1S/C11H14O3/c1-2-3-8-14-11(13)9-4-6-10(12)7-5-9/h4-7,12H,2-3,8H2,1H3",QFOHBWFCKVYLES-UHFFFAOYSA-N,28,28,5,3,0,3,1,0,1,0,0,0,194.227,171.371,1,46.53,2.87421,Yes,1,-4.538,-4.538000,-4.538000,-4.538000,-4.538000,InChIKey (provided),HuSKIN DB v1.01,https://huskindb.drug-design.de/data/
453,CMS-1908,111-90-0,DIETHYLENE GLYCOL MONOETHYL ETHER,EXACT STRUCTURE,CCOCCOCCO,"InChI=1S/C6H14O3/c1-2-8-5-6-9-4-3-7/h7H,2-6H2,1H3",XXJWXESWEXIICW-UHFFFAOYSA-N,23,22,6,3,0,3,1,0,1,0,0,0,134.174,47.5676,0,38.69,-0.45029,Yes,1,-7.436,-7.436000,-7.436000,-7.436000,-7.436000,InChIKey (provided),HuSKIN DB v1.01,https://huskindb.drug-design.de/data/
454,CMS-263,120-80-9,CATECHOL,EXACT STRUCTURE,Oc1ccccc1O,"InChI=1S/C6H6O2/c7-5-3-1-2-4-6(5)8/h1-4,7-8H",YCIMNLLNPGFGHC-UHFFFAOYSA-N,14,14,0,2,0,2,2,0,2,0,0,0,110.111,62.9288,1,40.46,1.63393,Yes,1,-6.066,-6.066000,-6.066000,-6.066000,-6.066000,InChIKey (provided),HuSKIN DB v1.01,https://huskindb.drug-design.de/data/
455,CMS-3637,110-80-5,ETHYLENE GLYCOL MONOETHYL ETHER,EXACT STRUCTURE,CCOCCO,"InChI=1S/C4H10O2/c1-2-6-4-3-5/h5H,2-4H2,1H3",ZNQVEEAIQZEUHB-UHFFFAOYSA-N,16,15,3,2,0,2,1,0,1,0,0,0,90.121,21.5098,0,29.46,-0.267892,Yes,9,-7.785 | -7.687 | -7.158 | -6.631 | -5.647 | -5.63 | -5.545 | -5.544,-6.531667,-6.631000,-7.785000,-5.544000,InChIKey (provided),HuSKIN DB v1.01,https://huskindb.drug-design.de/data/
462,CMS-1740,60-29-7,DIETHYL ETHER,EXACT STRUCTURE,CCOCC,"InChI=1S/C4H10O/c1-3-5-4-2/h3-4H2,1-2H3",RTZKZFJDLAIYFH-UHFFFAOYSA-N,15,14,2,1,0,1,0,0,0,0,0,0,74.1216,11.1194,0,9.23,0.865642,Yes,2,-5.352,-5.352000,-5.352000,-5.352000,-5.352000,InChIKey (provided),HuSKIN DB v1.01,https://huskindb.drug-design.de/data/
463,CMS-1746,67-56-1,METHYL ALCOHOL,EXACT STRUCTURE,CO,"InChI=1S/CH4O/c1-2/h2H,1H3",OKKJLVBELUTLKV-UHFFFAOYSA-N,6,5,0,1,0,1,1,0,1,0,0,0,32.0419,2,0,20.23,-0.513384,Yes,7,-6.857 | -6.556 | -6.352 | -5.539 | -5.195 | -4.832 | -3.857,-5.598286,-5.539000,-6.857000,-3.857000,InChIKey (provided),HuSKIN DB v1.01,https://huskindb.drug-design.de/data/
471,CMS-4141,111-77-3,DIETHYLENE GLYCOL MONOMETHYL ETHER,EXACT STRUCTURE,COCCOCCO,"InChI=1S/C5H12O3/c1-7-4-5-8-3-2-6/h6H,2-5H2,1H3",SBASXUCJHJRPEV-UHFFFAOYSA-N,20,19,5,3,0,3,1,0,1,0,0,0,120.147,38.655,0,38.69,-0.878178,Yes,1,-7.242,-7.242000,-7.242000,-7.242000,-7.242000,InChIKey (provided),HuSKIN DB v1.01,https://huskindb.drug-design.de/data/
480,CMS-2411,94-13-3,PROPYL P-HYDROXYBENZOATE,EXACT STRUCTURE,CCCOC(=O)c1ccc(O)cc1,"InChI=1S/C10H12O3/c1-2-7-13-10(12)8-3-5-9(11)6-4-8/h3-6,11H,2,7H2,1H3",QELSKZZBTMNZEB-UHFFFAOYSA-N,25,25,4,3,0,3,1,0,1,0,0,0,180.2,159.553,1,46.53,2.32124,Yes,1,-5.41,-5.410000,-5.410000,-5.410000,-5.410000,InChIKey (provided),HuSKIN DB v1.01,https://huskindb.drug-design.de/data/
501,CMS-7285,89-83-8,THYMOL,EXACT STRUCTURE,Cc1ccc(C(C)C)c(O)c1,"InChI=1S/C10H14O/c1-7(2)9-5-4-8(3)6-10(9)11/h4-7,11H,1-3H3",MGSRCZKZVOBKFT-UHFFFAOYSA-N,25,25,1,1,0,1,1,0,1,0,0,0,150.218,120.041,1,20.23,3.02501,Yes,3,-4.86 | -4.834 | -4.77,-4.821333,-4.834000,-4.860000,-4.770000,InChIKey (provided),HuSKIN DB v1.01,https://huskindb.drug-design.de/data/
508,CMS-147,65-85-0,BENZOIC ACID,EXACT STRUCTURE,O=C(O)c1ccccc1,"InChI=1S/C7H6O2/c8-7(9)6-4-2-1-3-5-6/h1-5H,(H,8,9)",WPYMKLBDIGXBTP-UHFFFAOYSA-N,15,15,1,2,0,2,1,0,1,0,0,0,122.121,103.484,1,37.3,1.6513,Yes,2,-5.675 | -5.156,-5.415500,-5.415500,-5.675000,-5.156000,InChIKey (provided),HuSKIN DB v1.01,https://huskindb.drug-design.de/data/
515,CMS-595,64-17-5,ETHYL ALCOHOL,EXACT STRUCTURE,CCO,"InChI=1S/C2H6O/c1-2-3/h3H,2H2,1H3",LFQSCWFLJHTTHZ-UHFFFAOYSA-N,9,8,0,1,0,1,1,0,1,0,0,0,46.0684,2.75489,0,20.23,-0.0854953,Yes,11,-7.079 | -7.055 | -6.699 | -6.653 | -6.556 | -6.352 | -6.278 | -5.711 | -5.214 | -5.012 | -3.653,-6.023818,-6.352000,-7.079000,-3.653000,InChIKey (provided),HuSKIN DB v1.01,https://huskindb.drug-design.de/data/
526,CMS-2352,131-11-3,DIMETHYL PHTHALATE,EXACT STRUCTURE,COC(=O)c1ccccc1C(=O)OC,"InChI=1S/C10H10O4/c1-13-9(11)7-5-3-4-6-8(7)10(12)14-2/h3-6H,1-2H3",NIQCNGHVCWTJSM-UHFFFAOYSA-N,24,24,4,4,0,4,0,0,0,0,0,0,194.184,200.162,1,52.6,1.90616,Yes,1,-8.035,-8.035000,-8.035000,-8.035000,-8.035000,InChIKey (provided),HuSKIN DB v1.01,https://huskindb.drug-design.de/data/
529,CMS-2413,99-76-3,METHYL P-HYDROXYBENZOATE,EXACT STRUCTURE,COC(=O)c1ccc(O)cc1,"InChI=1S/C8H8O3/c1-11-8(10)6-2-4-7(9)5-3-6/h2-5,9H,1H3",LXCFILQKKLGQFO-UHFFFAOYSA-N,19,19,2,3,0,3,1,0,1,0,0,0,152.147,136.273,1,46.53,1.55377,Yes,4,-5.634 | -5.632 | -5.596 | -5.23,-5.523000,-5.614000,-5.634000,-5.230000,InChIKey (provided),HuSKIN DB v1.01,https://huskindb.drug-design.de/data/
532,CMS-3038,69-65-8,MANNITOL,EXACT STRUCTURE,OC[C@@H](O)[C@@H](O)[C@H](O)[C@H](O)CO,"InChI=1S/C6H14O6/c7-1-3(9)5(11)6(12)4(10)2-8/h3-12H,1-2H2/t3-,4-,5-,6-/m1/s1",FBPFZTCFMRRESA-KVTDHHQDSA-N,26,25,5,6,0,6,6,0,6,1,1,4,182.172,104.606,0,121.38,-3.88259,Yes,4,-8.158 | -7.923 | -7.81 | -7.771,-7.915500,-7.866500,-8.158000,-7.771000,InChIKey (provided),HuSKIN DB v1.01,https://huskindb.drug-design.de/data/
541,CMS-3340,50-70-4,D-SORBITOL,EXACT STRUCTURE,OC[C@@H](O)[C@@H](O)[C@H](O)[C@H](O)CO,"InChI=1S/C6H14O6/c7-1-3(9)5(11)6(12)4(10)2-8/h3-12H,1-2H2/t3-,4-,5-,6-/m1/s1",FBPFZTCFMRRESA-KVTDHHQDSA-N,26,25,5,6,0,6,6,0,6,1,1,4,182.172,104.606,0,121.38,-3.88259,Yes,4,-8.158 | -7.923 | -7.81 | -7.771,-7.915500,-7.866500,-8.158000,-7.771000,InChIKey (provided),HuSKIN DB v1.01,https://huskindb.drug-design.de/data/
549,CMS-1446,57-13-6,UREA,EXACT STRUCTURE,NC(N)=O,"InChI=1S/CH4N2O/c2-1(3)4/h(H4,2,3,4)",XSQUKJJJFZCRTK-UHFFFAOYSA-N,8,7,0,3,2,1,4,4,0,0,0,0,60.0553,29.0196,0,69.11,-1.68479,Yes,2,-7.386 | -7.317,-7.351500,-7.351500,-7.386000,-7.317000,InChIKey (provided),HuSKIN DB v1.01,https://huskindb.drug-design.de/data/
