Source_Data_Row,Compound_Name,Smiles,Canonical_SMILES,Experimental_logKp_cm_s,Predicted_logKp_LGBM,Prediction_Error_LGBM,Absolute_Error_LGBM
1,Butyl 4-hydroxybenzoat,CCCCOC(=O)c1ccc(cc1)O,CCCCOC(=O)c1ccc(O)cc1,-4.53800000,-4.64075240,-0.10275240,0.10275240
2,Caffeine,Cn1cnc2c1c(=O)n(C)c(=O)n2C,Cn1c(=O)c2c(ncn2C)n(C)c1=O,-7.05300000,-6.92365842,0.12934158,0.12934158
3,Methyl 4-hydroxybenzoate,COC(=O)c1ccc(cc1)O,COC(=O)c1ccc(O)cc1,-5.23000000,-5.46314962,-0.23314962,0.23314962
4,Fluocinonide,CC(=O)OCC(=O)[C@@]12OC(O[C@@H]1C[C@@H]1[C@]2(C)C[C@H](O)[C@]2([C@H]1C[C@@H](C1=CC(=O)C=C[C@]21C)F)F)(C)C,CC(=O)OCC(=O)[C@@]12OC(C)(C)O[C@@H]1C[C@H]1[C@@H]3C[C@H](F)C4=CC(=O)C=C[C@]4(C)[C@@]3(F)[C@@H](O)C[C@@]12C,-6.32600000,-6.49437877,-0.16837877,0.16837877
5,Fluocinonide,CC(=O)OCC(=O)[C@@]12OC(O[C@@H]1C[C@@H]1[C@]2(C)C[C@H](O)[C@]2([C@H]1C[C@@H](C1=CC(=O)C=C[C@]21C)F)F)(C)C,CC(=O)OCC(=O)[C@@]12OC(C)(C)O[C@@H]1C[C@H]1[C@@H]3C[C@H](F)C4=CC(=O)C=C[C@]4(C)[C@@]3(F)[C@@H](O)C[C@@]12C,-6.32600000,-6.49437877,-0.16837877,0.16837877
6,Hydrocortisone 21-Hemisuccinate,OC(=O)CCC(=O)OCC(=O)[C@@]1(O)CC[C@@H]2[C@]1(C)C[C@H](O)[C@H]1[C@H]2CCC2=CC(=O)CC[C@]12C,C[C@]12CCC(=O)C=C1CC[C@@H]1[C@@H]2[C@@H](O)C[C@@]2(C)[C@H]1CC[C@]2(O)C(=O)COC(=O)CCC(=O)O,-6.75700000,-6.81021015,-0.05321015,0.05321015
7,Hydrocortisone 21-Hemipimelate,OC(=O)CCCCCC(=O)OCC(=O)[C@@]1(O)CC[C@@H]2[C@]1(C)C[C@H](O)[C@H]1[C@H]2CCC2=CC(=O)CC[C@]12C,C[C@]12CCC(=O)C=C1CC[C@@H]1[C@@H]2[C@@H](O)C[C@@]2(C)[C@H]1CC[C@]2(O)C(=O)COC(=O)CCCCCC(=O)O,-6.30100000,-6.50477122,-0.20377122,0.20377122
9,Hydrocortisone 21-(6-hydroxyhexanoate),OCCCCCC(=O)OCC(=O)[C@@]1(O)CC[C@@H]2[C@]1(C)C[C@H](O)[C@H]1[C@H]2CCC2=CC(=O)CC[C@]12C,C[C@]12CCC(=O)C=C1CC[C@@H]1[C@@H]2[C@@H](O)C[C@@]2(C)[C@H]1CC[C@]2(O)C(=O)COC(=O)CCCCCO,-6.59700000,-6.71935638,-0.12235638,0.12235638
10,Hydrocortisone 21-methylpimelate,COC(=O)CCCCCC(=O)OCC(=O)[C@@]1(O)CC[C@@H]2[C@]1(C)C[C@H](O)[C@H]1[C@H]2CCC2=CC(=O)CC[C@]12C,COC(=O)CCCCCC(=O)OCC(=O)[C@@]1(O)CC[C@H]2[C@@H]3CCC4=CC(=O)CC[C@]4(C)[C@H]3[C@@H](O)C[C@@]21C,-5.82400000,-6.08230331,-0.25830331,0.25830331
14,Hydrocortisone 21-pimelamate,NC(=O)CCCCCC(=O)OCC(=O)[C@@]1(O)CC[C@@H]2[C@]1(C)C[C@H](O)[C@H]1[C@H]2CCC2=CC(=O)CC[C@]12C,C[C@]12CCC(=O)C=C1CC[C@@H]1[C@@H]2[C@@H](O)C[C@@]2(C)[C@H]1CC[C@]2(O)C(=O)COC(=O)CCCCCC(N)=O,-6.60700000,-6.56401622,0.04298378,0.04298378
15,Hydrocortisone 21-propionate,CCC(=O)OCC(=O)[C@@]1(O)CC[C@@H]2[C@]1(C)C[C@H](O)[C@H]1[C@H]2CCC2=CC(=O)CC[C@]12C,CCC(=O)OCC(=O)[C@@]1(O)CC[C@H]2[C@@H]3CCC4=CC(=O)CC[C@]4(C)[C@H]3[C@@H](O)C[C@@]21C,-6.03800000,-6.20079084,-0.16279084,0.16279084
16,Hydrocortisone 21-propionate,CCC(=O)OCC(=O)[C@@]1(O)CC[C@@H]2[C@]1(C)C[C@H](O)[C@H]1[C@H]2CCC2=CC(=O)CC[C@]12C,CCC(=O)OCC(=O)[C@@]1(O)CC[C@H]2[C@@H]3CCC4=CC(=O)CC[C@]4(C)[C@H]3[C@@H](O)C[C@@]21C,-6.02500000,-6.20079084,-0.17579084,0.17579084
20,4-Hydroxybenzyl alcohol,OCc1ccc(cc1)O,OCc1ccc(O)cc1,-6.25500000,-6.22689133,0.02810867,0.02810867
21,4-Hydroxyphenylacetamide,NC(=O)Cc1ccc(cc1)O,NC(=O)Cc1ccc(O)cc1,-6.90300000,-6.94833267,-0.04533267,0.04533267
22,4-Hydroxyphenylacetic acid,OC(=O)Cc1ccc(cc1)O,O=C(O)Cc1ccc(O)cc1,-6.15800000,-5.72637179,0.43162821,0.43162821
23,Methyl 4-hydroxyphenylacetate,COC(=O)Cc1ccc(cc1)O,COC(=O)Cc1ccc(O)cc1,-5.25500000,-5.22950239,0.02549761,0.02549761
25,Toluene,Cc1ccccc1,Cc1ccccc1,-3.63700000,-4.04908362,-0.41208362,0.41208362
26,Water,O,O,-6.43800000,-6.12423617,0.31376383,0.31376383
27,Water,O,O,-6.60600000,-6.12423617,0.48176383,0.48176383
28,Water,O,O,-6.32300000,-6.12423617,0.19876383,0.19876383
29,Water,O,O,-6.50200000,-6.12423617,0.37776383,0.37776383
33,Bis(2-ethylhexyl)phthalate,CCCCC(COC(=O)c1ccccc1C(=O)OCC(CCCC)CC)CC,CCCCC(CC)COC(=O)c1ccccc1C(=O)OCC(CC)CCCC,-6.97900000,-7.37165980,-0.39265980,0.39265980
39,1-Octanol,CCCCCCCCO,CCCCCCCCO,-4.84000000,-4.73831328,0.10168672,0.10168672
40,1-Pentanol,CCCCCO,CCCCCO,-5.77800000,-5.75408847,0.02391153,0.02391153
41,1-Propanol,CCCO,CCCO,-6.55600000,-6.40916063,0.14683937,0.14683937
42,"2,3-Butanediol",CC(C(O)C)O,CC(O)C(C)O,-7.85700000,-7.51394067,0.34305933,0.34305933
43,1-Butanol,CCCCO,CCCCO,-6.07900000,-5.97248886,0.10651114,0.10651114
44,Butan-2-one,CCC(=O)C,CCC(C)=O,-5.90300000,-6.29942838,-0.39642838,0.39642838
46,Diethyl ether,CCOCC,CCOCC,-5.35200000,-5.47589023,-0.12389023,0.12389023
47,Benzene,c1ccccc1,c1ccccc1,-4.51100000,-4.38829441,0.12270559,0.12270559
49,2-Nitro-p-Phenylenediamine,Nc1ccc(c(c1)[N+](=O)[O-])N,Nc1ccc(N)c([N+](=O)[O-])c1,-6.85700000,-6.47061896,0.38638104,0.38638104
50,4-Amino-2-Nitrophenol,Nc1ccc(c(c1)[N+](=O)[O-])O,Nc1ccc(O)c([N+](=O)[O-])c1,-7.62200000,-7.23604440,0.38595560,0.38595560
51,4-Chloro-m-Phenylenediamine,Nc1ccc(c(c1)N)Cl,Nc1ccc(Cl)c(N)c1,-6.23400000,-6.53106253,-0.29706253,0.29706253
52,o-Phenylenediamine,Nc1ccccc1N,Nc1ccccc1N,-6.90300000,-6.92504808,-0.02204808,0.02204808
53,p-Phenylenediamine,Nc1ccc(cc1)N,Nc1ccc(N)cc1,-7.17600000,-7.15525135,0.02074865,0.02074865
54,"2,4-Dichlorophenol",Clc1ccc(c(c1)Cl)O,Oc1ccc(Cl)cc1Cl,-5.06500000,-4.71793829,0.34706171,0.34706171
55,Acetic acid,CC(=O)O,CC(=O)O,-6.07900000,-6.35939149,-0.28039149,0.28039149
56,Benzoic acid,OC(=O)c1ccccc1,O=C(O)c1ccccc1,-5.67500000,-5.40451798,0.27048202,0.27048202
57,Bis(2-ethylhexyl)phthalate,CCCCC(COC(=O)c1ccccc1C(=O)OCC(CCCC)CC)CC,CCCCC(CC)COC(=O)c1ccccc1C(=O)OCC(CC)CCCC,-7.65300000,-7.37165980,0.28134020,0.28134020
58,Butoxyethanol,CCCCOC(O)C,CCCCOC(C)O,-6.00000000,-5.78737537,0.21262463,0.21262463
59,Cortisone,OCC(=O)[C@@]1(O)CC[C@@H]2[C@]1(C)CC(=O)[C@H]1[C@H]2CCC2=CC(=O)CC[C@]12C,C[C@]12CCC(=O)C=C1CC[C@@H]1[C@@H]2C(=O)C[C@@]2(C)[C@H]1CC[C@]2(O)C(=O)CO,-7.38000000,-7.39868215,-0.01868215,0.01868215
60,1-Decanol,CCCCCCCCCCO,CCCCCCCCCCO,-5.51500000,-5.06365753,0.45134247,0.45134247
61,Diazinon,CCOP(=S)(Oc1cc(C)nc(n1)C(C)C)OCC,CCOP(=S)(OCC)Oc1cc(C)nc(C(C)C)n1,-5.61700000,-5.67907871,-0.06207871,0.06207871
62,Ethacrynic acid,CCC(=C)C(=O)c1ccc(c(c1Cl)Cl)OCC(=O)O,C=C(CC)C(=O)c1ccc(OCC(=O)O)c(Cl)c1Cl,-7.38000000,-7.19405858,0.18594142,0.18594142
63,Linolenic acid,CC/C=C/C/C=C/C/C=C/CCCCCCCC(=O)O,CC/C=C/C/C=C/C/C=C/CCCCCCCC(=O)O,-5.98800000,-6.12148904,-0.13348904,0.13348904
64,Octylparaben,CCCCCCCCOC(=O)c1ccc(cc1)O,CCCCCCCCOC(=O)c1ccc(O)cc1,-5.58800000,-5.50196152,0.08603848,0.08603848
65,Oleic acid,CCCCCCCC/C=CCCCCCCCC(=O)O,CCCCCCCCC=CCCCCCCCC(=O)O,-6.44200000,-6.44835935,-0.00635935,0.00635935
66,Propylparaben,CCCOC(=O)c1ccc(cc1)O,CCCOC(=O)c1ccc(O)cc1,-5.41000000,-5.07893613,0.33106387,0.33106387
68,Testosterone,O=C1CC[C@]2(C(=C1)CC[C@@H]1[C@@H]2CC[C@]2([C@H]1CC[C@@H]2O)C)C,C[C@]12CC[C@H]3[C@@H](CCC4=CC(=O)CC[C@@]43C)[C@@H]1CC[C@@H]2O,-5.67000000,-5.81502394,-0.14502394,0.14502394
69,1-Butanol,CCCCO,CCCCO,-5.48100000,-5.97248886,-0.49148886,0.49148886
70,1-Hexanol,CCCCCCO,CCCCCCO,-5.28400000,-5.34584214,-0.06184214,0.06184214
71,1-Hexyl-2-Pyrrolidone,CCCCCCN1CCCC1=O,CCCCCCN1CCCC1=O,-5.20800000,-5.28566611,-0.07766611,0.07766611
72,1-Octanol,CCCCCCCCO,CCCCCCCCO,-4.87000000,-4.79457938,0.07542062,0.07542062
76,2-Phenylethanol,OCCc1ccccc1,OCCc1ccccc1,-5.27600000,-5.26347735,0.01252265,0.01252265
77,Carvacrol,CC(c1ccc(c(c1)O)C)C,Cc1ccc(C(C)C)cc1O,-4.84200000,-4.78802485,0.05397515,0.05397515
78,Thymol,Cc1ccc(c(c1)O)C(C)C,Cc1ccc(C(C)C)c(O)c1,-4.86000000,-4.74197271,0.11802729,0.11802729
79,Ethanol,CCO,CCO,-6.27800000,-6.49022097,-0.21222097,0.21222097
80,1-Butanol,CCCCO,CCCCO,-5.65900000,-5.97606842,-0.31706842,0.31706842
81,1-Decanol,CCCCCCCCCCO,CCCCCCCCCCO,-4.70100000,-5.06158902,-0.36058902,0.36058902
82,1-Hexanol,CCCCCCO,CCCCCCO,-5.05100000,-5.34239068,-0.29139068,0.29139068
83,1-Octanol,CCCCCCCCO,CCCCCCCCO,-4.58600000,-4.78834575,-0.20234575,0.20234575
86,Butyl nicotinate,CCCCOC(=O)c1cccnc1,CCCCOC(=O)c1cccnc1,-5.33500000,-5.07542862,0.25957138,0.25957138
91,n-Hexyl nicotinate,CCCCCCOC(=O)c1cccnc1,CCCCCCOC(=O)c1cccnc1,-5.30300000,-5.08827090,0.21472910,0.21472910
93,Acetylsalicylic Acid,CC(=O)Oc1ccccc1C(=O)O,CC(=O)Oc1ccccc1C(=O)O,-5.69600000,-5.80135390,-0.10535390,0.10535390
95,Benzoic acid,OC(=O)c1ccccc1,O=C(O)c1ccccc1,-5.15600000,-5.40451798,-0.24851798,0.24851798
96,Diclofenac,OC(=O)Cc1ccccc1Nc1c(Cl)cccc1Cl,O=C(O)Cc1ccccc1Nc1c(Cl)cccc1Cl,-6.55600000,-6.31830995,0.23769005,0.23769005
100,Nicotine,CN1CCCC1c1cccnc1,CN1CCCC1c1cccnc1,-6.03600000,-5.75147545,0.28452455,0.28452455
101,Salicylic acid,OC(=O)c1ccccc1O,O=C(O)c1ccccc1O,-5.41600000,-5.82096715,-0.40496715,0.40496715
108,Theophylline,Cn1c(=O)n(C)c2c(c1=O)[nH]cn2,Cn1c(=O)c2[nH]cnc2n(C)c1=O,-7.12500000,-7.35333303,-0.22833303,0.22833303
109,"1,2,4-Benzenetriol",Oc1ccc(c(c1)O)O,Oc1ccc(O)c(O)c1,-7.45600000,-7.24970682,0.20629318,0.20629318
110,Catechol,Oc1ccccc1O,Oc1ccccc1O,-6.06600000,-6.11374250,-0.04774250,0.04774250
111,Hydroquinone,Oc1ccc(cc1)O,Oc1ccc(O)cc1,-6.50600000,-6.61404001,-0.10804001,0.10804001
112,Phenol,Oc1ccccc1,Oc1ccccc1,-5.58600000,-6.05113269,-0.46513269,0.46513269
113,Phloroglucinol,Oc1cc(O)cc(c1)O,Oc1cc(O)cc(O)c1,-6.06600000,-6.34110713,-0.27510713,0.27510713
114,Pyrogallol,Oc1c(O)cccc1O,Oc1cccc(O)c1O,-6.36600000,-6.47687365,-0.11087365,0.11087365
115,Resorcinol,Oc1cccc(c1)O,Oc1cccc(O)c1,-6.62600000,-6.33300602,0.29299398,0.29299398
117,Estradiol,Oc1ccc2c(c1)CC[C@@H]1[C@@H]2CC[C@]2([C@H]1CC[C@@H]2O)C,C[C@]12CC[C@@H]3c4ccc(O)cc4CC[C@H]3[C@@H]1CC[C@@H]2O,-5.96700000,-6.13682104,-0.16982104,0.16982104
120,Estradiol,Oc1ccc2c(c1)CC[C@@H]1[C@@H]2CC[C@]2([C@H]1CC[C@@H]2O)C,C[C@]12CC[C@@H]3c4ccc(O)cc4CC[C@H]3[C@@H]1CC[C@@H]2O,-6.01800000,-6.10557185,-0.08757185,0.08757185
121,Amobarbital,CCC1(CCC(C)C)C(=O)NC(=O)NC1=O,CCC1(CCC(C)C)C(=O)NC(=O)NC1=O,-6.20100000,-6.18206863,0.01893137,0.01893137
122,Barbital,CCC1(CC)C(=O)NC(=O)NC1=O,CCC1(CC)C(=O)NC(=O)NC1=O,-7.50900000,-7.50766200,0.00133800,0.00133800
124,Hydrocortisone,OCC(=O)[C@@]1(O)CC[C@@H]2[C@]1(C)C[C@H](O)[C@H]1[C@H]2CCC2=CC(=O)CC[C@]12C,C[C@]12CCC(=O)C=C1CC[C@@H]1[C@@H]2[C@@H](O)C[C@@]2(C)[C@H]1CC[C@]2(O)C(=O)CO,-7.48100000,-7.39621599,0.08478401,0.08478401
125,Isoquinoline,c1ccc2c(c1)cncc2,c1ccc2cnccc2c1,-5.33200000,-5.14616952,0.18583048,0.18583048
126,Nicotine,CN1CCCC1c1cccnc1,CN1CCCC1c1cccnc1,-5.27000000,-5.76548954,-0.49548954,0.49548954
127,Phenobarbital,CCC1(C(=O)NC(=O)NC1=O)c1ccccc1,CCC1(c2ccccc2)C(=O)NC(=O)NC1=O,-6.90000000,-6.59210686,0.30789314,0.30789314
128,Salicylic acid,OC(=O)c1ccccc1O,O=C(O)c1ccccc1O,-5.76000000,-5.84409906,-0.08409906,0.08409906
129,Flufenamic acid,OC(=O)c1ccccc1Nc1cccc(c1)C(F)(F)F,O=C(O)c1ccccc1Nc1cccc(C(F)(F)F)c1,-6.19400000,-6.14900596,0.04499404,0.04499404
133,Aldosterone,OCC(=O)[C@H]1CC[C@@H]2[C@]1(C=O)C[C@H](O)[C@H]1[C@H]2CCC2=CC(=O)CC[C@]12C,C[C@]12CCC(=O)C=C1CC[C@@H]1[C@@H]2[C@@H](O)C[C@]2(C=O)[C@@H](C(=O)CO)CC[C@@H]12,-7.79300000,-7.83882226,-0.04582226,0.04582226
134,Estradiol,Oc1ccc2c(c1)CC[C@@H]1[C@@H]2CC[C@]2([C@H]1CC[C@@H]2O)C,C[C@]12CC[C@@H]3c4ccc(O)cc4CC[C@H]3[C@@H]1CC[C@@H]2O,-5.94400000,-6.13682104,-0.19282104,0.19282104
135,Hydrocortisone,OCC(=O)[C@@]1(O)CC[C@@H]2[C@]1(C)C[C@H](O)[C@H]1[C@H]2CCC2=CC(=O)CC[C@]12C,C[C@]12CCC(=O)C=C1CC[C@@H]1[C@@H]2[C@@H](O)C[C@@]2(C)[C@H]1CC[C@]2(O)C(=O)CO,-7.19500000,-7.35074328,-0.15574328,0.15574328
136,Progesterone,O=C1CC[C@]2(C(=C1)CC[C@@H]1[C@@H]2CC[C@]2([C@H]1CC[C@@H]2C(=O)C)C)C,CC(=O)[C@H]1CC[C@H]2[C@@H]3CCC4=CC(=O)CC[C@]4(C)[C@H]3CC[C@]12C,-5.07900000,-5.35719270,-0.27819270,0.27819270
138,Dexamethasone,OCC(=O)[C@@]1(O)[C@H](C)C[C@@H]2[C@]1(C)C[C@H](O)[C@]1([C@H]2CCC2=CC(=O)C=C[C@]12C)F,C[C@@H]1C[C@H]2[C@@H]3CCC4=CC(=O)C=C[C@]4(C)[C@@]3(F)[C@@H](O)C[C@]2(C)[C@@]1(O)C(=O)CO,-7.75000000,-7.78650657,-0.03650657,0.03650657
139,Estradiol,Oc1ccc2c(c1)CC[C@@H]1[C@@H]2CC[C@]2([C@H]1CC[C@@H]2O)C,C[C@]12CC[C@@H]3c4ccc(O)cc4CC[C@H]3[C@@H]1CC[C@@H]2O,-5.93700000,-6.13682104,-0.19982104,0.19982104
140,Lidocaine,CCN(CC(=O)Nc1c(C)cccc1C)CC,CCN(CC)CC(=O)Nc1c(C)cccc1C,-5.95800000,-5.98338128,-0.02538128,0.02538128
141,Testosterone,O=C1CC[C@]2(C(=C1)CC[C@@H]1[C@@H]2CC[C@]2([C@H]1CC[C@@H]2O)C)C,C[C@]12CC[C@H]3[C@@H](CCC4=CC(=O)CC[C@@]43C)[C@@H]1CC[C@@H]2O,-5.82700000,-5.81502394,0.01197606,0.01197606
142,Estradiol,Oc1ccc2c(c1)CC[C@@H]1[C@@H]2CC[C@]2([C@H]1CC[C@@H]2O)C,C[C@]12CC[C@@H]3c4ccc(O)cc4CC[C@H]3[C@@H]1CC[C@@H]2O,-5.77000000,-6.13240414,-0.36240414,0.36240414
143,5-Aminolevulinic acid,NCC(=O)CCC(=O)O,NCC(=O)CCC(=O)O,-7.71100000,-7.28233296,0.42866704,0.42866704
149,Dimethylethylamine,CCN(C)C,CCN(C)C,-6.07900000,-6.01960398,0.05939602,0.05939602
156,Ephedrine,CN[C@H]([C@@H](c1ccccc1)O)C,CN[C@@H](C)[C@H](O)c1ccccc1,-5.77800000,-6.01318852,-0.23518852,0.23518852
157,Estradiol,Oc1ccc2c(c1)CC[C@@H]1[C@@H]2CC[C@]2([C@H]1CC[C@@H]2O)C,C[C@]12CC[C@@H]3c4ccc(O)cc4CC[C@H]3[C@@H]1CC[C@@H]2O,-5.82900000,-6.10557185,-0.27657185,0.27657185
158,Fentanyl,CCC(=O)N(c1ccccc1)C1CCN(CC1)CCc1ccccc1,CCC(=O)N(c1ccccc1)C1CCN(CCc2ccccc2)CC1,-5.55600000,-5.52029326,0.03570674,0.03570674
161,Scopolamine,OC[C@H](c1ccccc1)C(=O)OC1C[C@@H]2N([C@H](C1)[C@@H]1[C@H]2O1)C,CN1[C@@H]2CC(OC(=O)[C@H](CO)c3ccccc3)C[C@H]1[C@@H]1O[C@@H]12,-7.85200000,-7.38820505,0.46379495,0.46379495
163,Ephedrine,CN[C@H]([C@@H](c1ccccc1)O)C,CN[C@@H](C)[C@H](O)c1ccccc1,-5.77800000,-6.01318852,-0.23518852,0.23518852
164,Ephedrine,CN[C@H]([C@@H](c1ccccc1)O)C,CN[C@@H](C)[C@H](O)c1ccccc1,-5.77800000,-6.01318852,-0.23518852,0.23518852
165,Ephedrine,CN[C@H]([C@@H](c1ccccc1)O)C,CN[C@@H](C)[C@H](O)c1ccccc1,-6.32600000,-6.01318852,0.31281148,0.31281148
169,Benzene,c1ccccc1,c1ccccc1,-4.35200000,-4.39843731,-0.04643731,0.04643731
170,1-Butanol,CCCCO,CCCCO,-6.21400000,-5.98849686,0.22550314,0.22550314
173,Estradiol,Oc1ccc2c(c1)CC[C@@H]1[C@@H]2CC[C@]2([C@H]1CC[C@@H]2O)C,C[C@]12CC[C@@H]3c4ccc(O)cc4CC[C@H]3[C@@H]1CC[C@@H]2O,-6.05100000,-6.13821594,-0.08721594,0.08721594
174,Progesterone,O=C1CC[C@]2(C(=C1)CC[C@@H]1[C@@H]2CC[C@]2([C@H]1CC[C@@H]2C(=O)C)C)C,CC(=O)[C@H]1CC[C@H]2[C@@H]3CCC4=CC(=O)CC[C@]4(C)[C@H]3CC[C@]12C,-5.44200000,-5.30472852,0.13727148,0.13727148
175,Testosterone,O=C1CC[C@]2(C(=C1)CC[C@@H]1[C@@H]2CC[C@]2([C@H]1CC[C@@H]2O)C)C,C[C@]12CC[C@H]3[C@@H](CCC4=CC(=O)CC[C@@]43C)[C@@H]1CC[C@@H]2O,-6.21400000,-5.79805027,0.41594973,0.41594973
176,Aldosterone,OCC(=O)[C@H]1CC[C@@H]2[C@]1(C=O)C[C@H](O)[C@H]1[C@H]2CCC2=CC(=O)CC[C@]12C,C[C@]12CCC(=O)C=C1CC[C@@H]1[C@@H]2[C@@H](O)C[C@]2(C=O)[C@@H](C(=O)CO)CC[C@@H]12,-7.85700000,-7.83882226,0.01817774,0.01817774
177,1-Butanol,CCCCO,CCCCO,-6.21400000,-5.97248886,0.24151114,0.24151114
179,Estradiol,Oc1ccc2c(c1)CC[C@@H]1[C@@H]2CC[C@]2([C@H]1CC[C@@H]2O)C,C[C@]12CC[C@@H]3c4ccc(O)cc4CC[C@H]3[C@@H]1CC[C@@H]2O,-6.07900000,-6.13682104,-0.05782104,0.05782104
183,Aldosterone,OCC(=O)[C@H]1CC[C@@H]2[C@]1(C=O)C[C@H](O)[C@H]1[C@H]2CCC2=CC(=O)CC[C@]12C,C[C@]12CCC(=O)C=C1CC[C@@H]1[C@@H]2[C@@H](O)C[C@]2(C=O)[C@@H](C(=O)CO)CC[C@@H]12,-8.07900000,-7.83882226,0.24017774,0.24017774
185,1-Decanol,CCCCCCCCCCO,CCCCCCCCCCO,-4.60200000,-5.06365753,-0.46165753,0.46165753
186,Estradiol,Oc1ccc2c(c1)CC[C@@H]1[C@@H]2CC[C@]2([C@H]1CC[C@@H]2O)C,C[C@]12CC[C@@H]3c4ccc(O)cc4CC[C@H]3[C@@H]1CC[C@@H]2O,-6.07900000,-6.13682104,-0.05782104,0.05782104
187,Lidocaine,CCN(CC(=O)Nc1c(C)cccc1C)CC,CCN(CC)CC(=O)Nc1c(C)cccc1C,-6.07900000,-5.98338128,0.09561872,0.09561872
188,Naphthol,Oc1cccc2c1cccc2,Oc1cccc2ccccc12,-5.14100000,-5.06886304,0.07213696,0.07213696
189,1-Octanol,CCCCCCCCO,CCCCCCCCO,-4.71100000,-4.79457938,-0.08357938,0.08357938
190,Progesterone,O=C1CC[C@]2(C(=C1)CC[C@@H]1[C@@H]2CC[C@]2([C@H]1CC[C@@H]2C(=O)C)C)C,CC(=O)[C@H]1CC[C@H]2[C@@H]3CCC4=CC(=O)CC[C@]4(C)[C@H]3CC[C@]12C,-5.25500000,-5.35719270,-0.10219270,0.10219270
191,Testosterone,O=C1CC[C@]2(C(=C1)CC[C@@H]1[C@@H]2CC[C@]2([C@H]1CC[C@@H]2O)C)C,C[C@]12CC[C@H]3[C@@H](CCC4=CC(=O)CC[C@@]43C)[C@@H]1CC[C@@H]2O,-6.21400000,-5.81502394,0.39897606,0.39897606
192,Bisoprolol Fumarate,OC(COc1ccc(cc1)COCCOC(C)C)CNC(C)C.OC(=O)/C=C/C(=O)O,CC(C)NCC(O)COc1ccc(COCCOC(C)C)cc1.O=C(O)/C=C/C(=O)O,-7.12500000,-6.97965237,0.14534763,0.14534763
194,Atenolol,OC(COc1ccc(cc1)CC(=O)N)CNC(C)C,CC(C)NCC(O)COc1ccc(CC(N)=O)cc1,-7.85700000,-7.55318636,0.30381364,0.30381364
195,Metoprolol,COCCc1ccc(cc1)OCC(CNC(C)C)O,COCCc1ccc(OCC(O)CNC(C)C)cc1,-6.63700000,-6.67244401,-0.03544401,0.03544401
197,Propranolol,OC(COc1cccc2c1cccc2)CNC(C)C,CC(C)NCC(O)COc1cccc2ccccc12,-6.30600000,-6.40053786,-0.09453786,0.09453786
198,Mannitol,OC[C@H]([C@H]([C@@H]([C@@H](CO)O)O)O)O,OC[C@@H](O)[C@@H](O)[C@H](O)[C@H](O)CO,-7.81000000,-7.92045973,-0.11045973,0.11045973
199,Raffinose,OC[C@H]1O[C@@]([C@H]([C@@H]1O)O)(CO)O[C@H]1O[C@H](CO[C@H]2O[C@H](CO)[C@@H]([C@@H]([C@H]2O)O)O)[C@H]([C@@H]([C@H]1O)O)O,OC[C@H]1O[C@H](OC[C@H]2O[C@H](O[C@]3(CO)O[C@H](CO)[C@@H](O)[C@@H]3O)[C@H](O)[C@@H](O)[C@@H]2O)[C@H](O)[C@@H](O)[C@H]1O,-8.20800000,-8.06503556,0.14296444,0.14296444
200,Sucrose,OC[C@H]1O[C@@]([C@H]([C@@H]1O)O)(CO)O[C@H]1O[C@H](CO)[C@H]([C@@H]([C@H]1O)O)O,OC[C@H]1O[C@@](CO)(O[C@H]2O[C@H](CO)[C@@H](O)[C@H](O)[C@H]2O)[C@@H](O)[C@@H]1O,-8.07500000,-7.94952936,0.12547064,0.12547064
201,Urea,NC(=O)N,NC(N)=O,-7.31700000,-7.28595768,0.03104232,0.03104232
202,Nicotine,CN1CCCC1c1cccnc1,CN1CCCC1c1cccnc1,-5.54600000,-5.75147545,-0.20547545,0.20547545
204,Testosterone,O=C1CC[C@]2(C(=C1)CC[C@@H]1[C@@H]2CC[C@]2([C@H]1CC[C@@H]2O)C)C,C[C@]12CC[C@H]3[C@@H](CCC4=CC(=O)CC[C@@]43C)[C@@H]1CC[C@@H]2O,-5.85600000,-5.81502394,0.04097606,0.04097606
205,"2,4,6-Trichlorophenol",Clc1cc(Cl)c(c(c1)Cl)O,Oc1c(Cl)cc(Cl)cc1Cl,-4.78300000,-4.80543357,-0.02243357,0.02243357
206,"2,4-Dichlorophenol",Clc1ccc(c(c1)Cl)O,Oc1ccc(Cl)cc1Cl,-4.77800000,-4.71530510,0.06269490,0.06269490
207,o-Chlorophenol,Oc1ccccc1Cl,Oc1ccccc1Cl,-5.03700000,-5.01459837,0.02240163,0.02240163
208,o-Cresol,Cc1ccccc1O,Cc1ccccc1O,-5.36000000,-5.31353537,0.04646463,0.04646463
209,"3,4-Xylenol",Oc1ccc(c(c1)C)C,Cc1ccc(O)cc1C,-5.00000000,-5.02496825,-0.02496825,0.02496825
210,m-Cresol,Cc1cccc(c1)O,Cc1cccc(O)c1,-5.37300000,-5.29898555,0.07401445,0.07401445
211,m-Nitrophenol,Oc1cccc(c1)[N+](=O)[O-],O=[N+]([O-])c1cccc(O)c1,-5.80500000,-5.82425839,-0.01925839,0.01925839
212,p-Bromophenol,Oc1ccc(cc1)Br,Oc1ccc(Br)cc1,-4.99900000,-5.03276811,-0.03376811,0.03376811
213,p-Chlorophenol,Oc1ccc(cc1)Cl,Oc1ccc(Cl)cc1,-4.99600000,-5.01086670,-0.01486670,0.01486670
214,p-Cresol,Cc1ccc(cc1)O,Cc1ccc(O)cc1,-5.31300000,-5.33673631,-0.02373631,0.02373631
215,p-Ethylphenol,CCc1ccc(cc1)O,CCc1ccc(O)cc1,-5.01400000,-4.99055176,0.02344824,0.02344824
216,p-Nitrophenol,Oc1ccc(cc1)[N+](=O)[O-],O=[N+]([O-])c1ccc(O)cc1,-5.81000000,-5.79024276,0.01975724,0.01975724
217,2-Naphthol,Oc1ccc2c(c1)cccc2,Oc1ccc2ccccc2c1,-5.11100000,-4.95619648,0.15480352,0.15480352
218,Chlorocresol,Cc1c(O)cccc1Cl,Cc1c(O)cccc1Cl,-4.81600000,-4.91424669,-0.09824669,0.09824669
219,Chloroxylenol,Cc1ccc(c(c1C)O)Cl,Cc1ccc(Cl)c(O)c1C,-4.78500000,-4.90191039,-0.11691039,0.11691039
220,Methyl 4-hydroxybenzoate,COC(=O)c1ccc(cc1)O,COC(=O)c1ccc(O)cc1,-5.59600000,-5.49396159,0.10203841,0.10203841
221,Phenol,Oc1ccccc1,Oc1ccccc1,-5.61400000,-6.03762779,-0.42362779,0.42362779
223,Thymol,Cc1ccc(c(c1)O)C(C)C,Cc1ccc(C(C)C)c(O)c1,-4.83400000,-4.77349764,0.06050236,0.06050236
224,4-Cyanophenol,N#Cc1ccc(cc1)O,N#Cc1ccc(O)cc1,-5.73100000,-5.99638997,-0.26538997,0.26538997
225,Methyl 4-hydroxybenzoate,COC(=O)c1ccc(cc1)O,COC(=O)c1ccc(O)cc1,-5.63400000,-5.46314962,0.17085038,0.17085038
227,Fentanyl,CCC(=O)N(c1ccccc1)C1CCN(CC1)CCc1ccccc1,CCC(=O)N(c1ccccc1)C1CCN(CCc2ccccc2)CC1,-5.80800000,-5.51023571,0.29776429,0.29776429
231,Sufentanil,COCC1(CCN(CC1)CCc1cccs1)N(c1ccccc1)C(=O)CC,CCC(=O)N(c1ccccc1)C1(COC)CCN(CCc2cccs2)CC1,-5.47700000,-5.39696371,0.08003629,0.08003629
232,Fentanyl,CCC(=O)N(c1ccccc1)C1CCN(CC1)CCc1ccccc1,CCC(=O)N(c1ccccc1)C1CCN(CCc2ccccc2)CC1,-5.50300000,-5.51023571,-0.00723571,0.00723571
233,Sufentanil,COCC1(CCN(CC1)CCc1cccs1)N(c1ccccc1)C(=O)CC,CCC(=O)N(c1ccccc1)C1(COC)CCN(CCc2cccs2)CC1,-5.37400000,-5.39696371,-0.02296371,0.02296371
234,Butyl p-aminobenzoate,CCCCOC(=O)c1ccc(cc1)N,CCCCOC(=O)c1ccc(N)cc1,-4.60700000,-5.00240509,-0.39540509,0.39540509
235,Ethyl p-aminobenzoate,CCOC(=O)c1ccc(cc1)N,CCOC(=O)c1ccc(N)cc1,-5.25500000,-5.62783176,-0.37283176,0.37283176
238,Ketorolac,OC(=O)C1CCn2c1ccc2C(=O)c1ccccc1,O=C(c1ccccc1)c1ccc2n1CCC2C(=O)O,-5.79900000,-5.80337992,-0.00437992,0.00437992
239,1-Butanol,CCCCO,CCCCO,-6.15800000,-5.97248886,0.18551114,0.18551114
240,Ethanol,CCO,CCO,-6.55600000,-6.50955460,0.04644540,0.04644540
241,1-Heptanol,CCCCCCCO,CCCCCCCO,-5.05100000,-5.06142332,-0.01042332,0.01042332
242,1-Hexanol,CCCCCCO,CCCCCCO,-5.44200000,-5.34584214,0.09615786,0.09615786
243,Methanol,CO,CO,-6.55600000,-6.64357114,-0.08757114,0.08757114
244,1-Octanol,CCCCCCCCO,CCCCCCCCO,-4.84000000,-4.79457938,0.04542062,0.04542062
245,1-Pentanol,CCCCCO,CCCCCO,-5.77800000,-5.83778283,-0.05978283,0.05978283
246,1-Propanol,CCCO,CCCO,-6.41000000,-6.38594988,0.02405012,0.02405012
247,"2,3-Butanediol",CC(C(O)C)O,CC(O)C(C)O,-7.85700000,-7.55467300,0.30232700,0.30232700
248,Butan-2-one,CCC(=O)C,CCC(C)=O,-5.90300000,-6.34493728,-0.44193728,0.44193728
250,Diethyl ether,CCOCC,CCOCC,-5.32500000,-5.49390726,-0.16890726,0.16890726
251,1-Butanol,CCCCO,CCCCO,-6.07900000,-6.00137486,0.07762514,0.07762514
252,1-Heptanol,CCCCCCCO,CCCCCCCO,-4.98100000,-5.01727365,-0.03627365,0.03627365
253,1-Propanol,CCCO,CCCO,-6.32600000,-6.42203863,-0.09603863,0.09603863
256,Cortexone,OCC(=O)[C@H]1CC[C@@H]2[C@]1(C)CC[C@H]1[C@H]2CCC2=CC(=O)CC[C@]12C,C[C@]12CC[C@H]3[C@@H](CCC4=CC(=O)CC[C@@]43C)[C@@H]1CC[C@@H]2C(=O)CO,-6.90300000,-6.81966170,0.08333830,0.08333830
260,Estriol,Oc1ccc2c(c1)CC[C@@H]1[C@@H]2CC[C@]2([C@H]1C[C@H]([C@@H]2O)O)C,C[C@]12CC[C@@H]3c4ccc(O)cc4CC[C@H]3[C@@H]1C[C@@H](O)[C@@H]2O,-7.95400000,-7.45674154,0.49725846,0.49725846
261,Estrone,Oc1ccc2c(c1)CC[C@@H]1[C@@H]2CC[C@]2([C@H]1CCC2=O)C,C[C@]12CC[C@@H]3c4ccc(O)cc4CC[C@H]3[C@@H]1CCC2=O,-6.00000000,-5.98353807,0.01646193,0.01646193
263,Hydroxypregnenolone,CC(=O)[C@H]1CC[C@@H]2[C@]1(C)CC[C@H]1[C@H]2CC=C2[C@]1(C)CCC(C2)(O)O,CC(=O)[C@H]1CC[C@H]2[C@@H]3CC=C4CC(O)(O)CC[C@]4(C)[C@H]3CC[C@]12C,-6.77800000,-6.63788229,0.14011771,0.14011771
264,17-Hydroxyprogesterone,O=C1CC[C@]2(C(=C1)CC[C@@H]1[C@@H]2CC[C@]2([C@H]1CC[C@]2(O)C(=O)C)C)C,CC(=O)[C@@]1(O)CC[C@H]2[C@@H]3CCC4=CC(=O)CC[C@]4(C)[C@H]3CC[C@@]21C,-6.77800000,-6.71324768,0.06475232,0.06475232
265,Pregnenolone,O[C@H]1CC[C@]2(C(=CC[C@@H]3[C@@H]2CC[C@]2([C@H]3CC[C@@H]2C(=O)C)C)C1)C,CC(=O)[C@H]1CC[C@H]2[C@@H]3CC=C4C[C@@H](O)CC[C@]4(C)[C@H]3CC[C@]12C,-6.38000000,-6.25904166,0.12095834,0.12095834
276,1-Butanol,CCCCO,CCCCO,-6.15800000,-5.98849686,0.16950314,0.16950314
278,1-Decanol,CCCCCCCCCCO,CCCCCCCCCCO,-4.65300000,-4.98692431,-0.33392431,0.33392431
279,Ethanol,CCO,CCO,-6.69900000,-6.54635716,0.15264284,0.15264284
280,Ethanol,CCO,CCO,-6.65300000,-6.54635716,0.10664284,0.10664284
281,1-Heptanol,CCCCCCCO,CCCCCCCO,-5.05100000,-4.98629365,0.06470635,0.06470635
283,1-Hexanol,CCCCCCO,CCCCCCO,-5.44200000,-5.27018096,0.17181904,0.17181904
286,Methanol,CO,CO,-6.85700000,-6.67327972,0.18372028,0.18372028
287,1-Nonanol,CCCCCCCCCO,CCCCCCCCCO,-4.77800000,-4.82738482,-0.04938482,0.04938482
289,1-Octanol,CCCCCCCCO,CCCCCCCCO,-4.84000000,-4.73831328,0.10168672,0.10168672
291,1-Pentanol,CCCCCO,CCCCCO,-5.77800000,-5.75408847,0.02391153,0.02391153
293,1-Propanol,CCCO,CCCO,-6.47700000,-6.40916063,0.06783937,0.06783937
295,Betamethasone-17-valerate,CCCCC(=O)OC1(C(C)CC2C1(C)CC(O)C1(C2CCC2=CC(=O)C=CC12C)F)C(=O)CO,CCCCC(=O)OC1(C(=O)CO)C(C)CC2C3CCC4=CC(=O)C=CC4(C)C3(F)C(O)CC21C,-6.49600000,-6.46176722,0.03423278,0.03423278
298,Prednisolone,OCC(=O)[C@@]1(O)CC[C@@H]2[C@]1(C)C[C@H](O)[C@H]1[C@H]2CCC2=CC(=O)C=C[C@]12C,C[C@]12C=CC(=O)C=C1CC[C@@H]1[C@@H]2[C@@H](O)C[C@@]2(C)[C@H]1CC[C@]2(O)C(=O)CO,-7.90600000,-7.74241974,0.16358026,0.16358026
300,Triamcinolone,OCC(=O)[C@@]1(O)[C@H](O)C[C@@H]2[C@]1(C)C[C@H](O)[C@]1([C@H]2CCC2=CC(=O)C=C[C@]12C)F,C[C@]12C=CC(=O)C=C1CC[C@H]1[C@@H]3C[C@@H](O)[C@](O)(C(=O)CO)[C@@]3(C)C[C@H](O)[C@@]12F,-8.95600000,-8.64571184,0.31028816,0.31028816
303,Flurbiprofen glucoside,OC1O[C@H](COC(=O)C(c2ccc(c(c2)F)c2ccccc2)C)[C@H]([C@@H]([C@H]1O)O)O,CC(C(=O)OC[C@H]1OC(O)[C@H](O)[C@@H](O)[C@@H]1O)c1ccc(-c2ccccc2)c(F)c1,-6.47700000,-6.95449299,-0.47749299,0.47749299
304,Flurbiprofen mannoside,OC1O[C@H](COC(=O)C(c2ccc(c(c2)F)c2ccccc2)C)[C@H]([C@@H]([C@@H]1O)O)O,CC(C(=O)OC[C@H]1OC(O)[C@@H](O)[C@@H](O)[C@@H]1O)c1ccc(-c2ccccc2)c(F)c1,-6.93500000,-6.95449299,-0.01949299,0.01949299
305,Ibuprofen,CC(Cc1ccc(cc1)C(C(=O)O)C)C,CC(C)Cc1ccc(C(C)C(=O)O)cc1,-5.50300000,-5.53980265,-0.03680265,0.03680265
306,Ibuprofen glucoside,CC(Cc1ccc(cc1)C(C(=O)OC[C@H]1OC(O)[C@@H]([C@H]([C@@H]1O)O)O)C)C,CC(C)Cc1ccc(C(C)C(=O)OC[C@H]2OC(O)[C@H](O)[C@@H](O)[C@@H]2O)cc1,-6.94500000,-7.07021411,-0.12521411,0.12521411
308,Ketoprofen,OC(=O)C(c1cccc(c1)C(=O)c1ccccc1)C,CC(C(=O)O)c1cccc(C(=O)c2ccccc2)c1,-6.15100000,-6.11446130,0.03653870,0.03653870
313,Naproxen mannoside,COc1ccc2c(c1)ccc(c2)[C@@H](C(=O)OC[C@H]1OC(O)[C@H]([C@H]([C@@H]1O)O)O)C,COc1ccc2cc([C@H](C)C(=O)OC[C@H]3OC(O)[C@@H](O)[C@@H](O)[C@@H]3O)ccc2c1,-7.70000000,-7.25062739,0.44937261,0.44937261
314,Aspartic acid,OC(=O)CC(C(=O)O)N,NC(CC(=O)O)C(=O)O,-7.43200000,-7.63349631,-0.20149631,0.20149631
315,Aspartic acid,OC(=O)CC(C(=O)O)N,NC(CC(=O)O)C(=O)O,-7.58500000,-7.63349631,-0.04849631,0.04849631
316,Histidine,N[C@H](C(=O)O)Cc1c[nH]cn1,N[C@@H](Cc1c[nH]cn1)C(=O)O,-7.90700000,-7.59313163,0.31386837,0.31386837
317,Histidine,N[C@H](C(=O)O)Cc1c[nH]cn1,N[C@@H](Cc1c[nH]cn1)C(=O)O,-7.81200000,-7.59313163,0.21886837,0.21886837
318,Histidine,N[C@H](C(=O)O)Cc1c[nH]cn1,N[C@@H](Cc1c[nH]cn1)C(=O)O,-7.90300000,-7.59313163,0.30986837,0.30986837
319,Lysine,NCCCC[C@@H](C(=O)O)N,NCCCC[C@H](N)C(=O)O,-7.32800000,-7.15895321,0.16904679,0.16904679
320,Lysine,NCCCC[C@@H](C(=O)O)N,NCCCC[C@H](N)C(=O)O,-6.86000000,-7.15895321,-0.29895321,0.29895321
322,Chloral hydrate,OC(C(Cl)(Cl)Cl)O,OC(O)C(Cl)(Cl)Cl,-5.96500000,-6.34450184,-0.37950184,0.37950184
328,Levosimendan,N#CC(=NNc1ccc(cc1)C1=NNC(=O)C[C@H]1C)C#N,C[C@@H]1CC(=O)NN=C1c1ccc(NN=C(C#N)C#N)cc1,-6.48400000,-6.21604654,0.26795346,0.26795346
332,Ethylene glycol mono isopropyl ether,OCCOC(C)C,CC(C)OCCO,-6.91300000,-6.70777923,0.20522077,0.20522077
333,Ethylene glycol mono methyl ether acetate,COCCOC(=O)C,COCCOC(C)=O,-6.29900000,-6.13496448,0.16403552,0.16403552
334,2-Propoxyethanol,CCCOCCO,CCCOCCO,-6.54300000,-6.46161253,0.08138747,0.08138747
337,Ethylene glycol mono isopropyl ether,OCCOC(C)C,CC(C)OCCO,-7.12500000,-6.70777923,0.41722077,0.41722077
339,2-Propoxyethanol,CCCOCCO,CCCOCCO,-6.92300000,-6.46161253,0.46138747,0.46138747
340,Acyclovir,Nc1nc(=O)c2c([nH]1)n(COCCO)cn2,Nc1nc(=O)c2ncn(COCCO)c2[nH]1,-7.07900000,-6.88129809,0.19770191,0.19770191
341,1-Methoxy-2-Propanol,COCC(O)C,COCC(C)O,-6.39700000,-6.80702636,-0.41002636,0.41002636
348,Bromoacetic acid,OC(=O)CBr,O=C(O)CBr,-6.41000000,-5.98336273,0.42663727,0.42663727
349,Bromochloroacetic acid,OC(=O)C(Br)Cl,O=C(O)C(Cl)Br,-6.35200000,-5.96603700,0.38596300,0.38596300
352,Chloroacetic acid,OC(=O)CCl,O=C(O)CCl,-6.51500000,-6.07525353,0.43974647,0.43974647
355,Dibromoacetic acid,BrC(C(=O)O)Br,O=C(O)C(Br)Br,-6.14100000,-6.06796338,0.07303662,0.07303662
356,Dichloroacetic acid,ClC(C(=O)O)Cl,O=C(O)C(Cl)Cl,-6.27800000,-6.10701965,0.17098035,0.17098035
357,Trichloroacetic acid,OC(=O)C(Cl)(Cl)Cl,O=C(O)C(Cl)(Cl)Cl,-6.27800000,-6.32342181,-0.04542181,0.04542181
358,2-Naphthol,Oc1ccc2c(c1)cccc2,Oc1ccc2ccccc2c1,-4.75700000,-4.93168735,-0.17468735,0.17468735
359,4-Propoxyphenol,CCCOc1ccc(cc1)O,CCCOc1ccc(O)cc1,-5.38000000,-5.38214544,-0.00214544,0.00214544
360,Carvacrol,CC(c1ccc(c(c1)O)C)C,Cc1ccc(C(C)C)cc1O,-4.81000000,-4.78802485,0.02197515,0.02197515
361,Chlorocresol,Cc1c(O)cccc1Cl,Cc1c(O)cccc1Cl,-5.00000000,-4.88830638,0.11169362,0.11169362
362,Chloroxylenol,Cc1ccc(c(c1C)O)Cl,Cc1ccc(Cl)c(O)c1C,-4.65100000,-4.88430592,-0.23330592,0.23330592
363,Methyl 4-hydroxybenzoate,COC(=O)c1ccc(cc1)O,COC(=O)c1ccc(O)cc1,-5.63200000,-5.46314962,0.16885038,0.16885038
364,Methyl salicylate,COC(=O)c1ccccc1O,COC(=O)c1ccccc1O,-5.00000000,-4.99743923,0.00256077,0.00256077
365,o-t-Butylphenol,Oc1ccccc1C(C)(C)C,CC(C)(C)c1ccccc1O,-4.68500000,-4.73354087,-0.04854087,0.04854087
366,p-n-Butylphenol,CCCCc1ccc(cc1)O,CCCCc1ccc(O)cc1,-4.67100000,-4.70039039,-0.02939039,0.02939039
367,Thymol,Cc1ccc(c(c1)O)C(C)C,Cc1ccc(C(C)C)c(O)c1,-4.77000000,-4.74197271,0.02802729,0.02802729
369,1-Hexanol,CCCCCCO,CCCCCCO,-4.85900000,-5.34584214,-0.48684214,0.48684214
370,Water,O,O,-6.41000000,-6.12423617,0.28576383,0.28576383
371,1-Hexanol,CCCCCCO,CCCCCCO,-5.11400000,-5.34584214,-0.23184214,0.23184214
379,Caffeine,Cn1cnc2c1c(=O)n(C)c(=O)n2C,Cn1c(=O)c2c(ncn2C)n(C)c1=O,-6.82800000,-6.92365842,-0.09565842,0.09565842
380,Testosterone,O=C1CC[C@]2(C(=C1)CC[C@@H]1[C@@H]2CC[C@]2([C@H]1CC[C@@H]2O)C)C,C[C@]12CC[C@H]3[C@@H](CCC4=CC(=O)CC[C@@]43C)[C@@H]1CC[C@@H]2O,-5.73000000,-5.81502394,-0.08502394,0.08502394
381,Water,O,O,-6.59700000,-6.12423617,0.47276383,0.47276383
383,Mannitol,OC[C@H]([C@H]([C@@H]([C@@H](CO)O)O)O)O,OC[C@@H](O)[C@@H](O)[C@H](O)[C@H](O)CO,-8.15800000,-7.96653678,0.19146322,0.19146322
384,Mannitol,OC[C@H]([C@H]([C@@H]([C@@H](CO)O)O)O)O,OC[C@@H](O)[C@@H](O)[C@H](O)[C@H](O)CO,-7.92300000,-7.96653678,-0.04353678,0.04353678
389,Lidocaine,CCN(CC(=O)Nc1c(C)cccc1C)CC,CCN(CC)CC(=O)Nc1c(C)cccc1C,-5.70700000,-5.98338128,-0.27638128,0.27638128
390,Lidocaine,CCN(CC(=O)Nc1c(C)cccc1C)CC,CCN(CC)CC(=O)Nc1c(C)cccc1C,-5.53000000,-5.98338128,-0.45338128,0.45338128
393,Water,O,O,-6.42900000,-6.12423617,0.30476383,0.30476383
394,5-Fluorouracil,Fc1c[nH]c(=O)[nH]c1=O,O=c1[nH]cc(F)c(=O)[nH]1,-8.01500000,-8.27467177,-0.25967177,0.25967177
396,Hydrocortisone,OCC(=O)[C@@]1(O)CC[C@@H]2[C@]1(C)C[C@H](O)[C@H]1[C@H]2CCC2=CC(=O)CC[C@]12C,C[C@]12CCC(=O)C=C1CC[C@@H]1[C@@H]2[C@@H](O)C[C@@]2(C)[C@H]1CC[C@]2(O)C(=O)CO,-7.35700000,-7.34491210,0.01208790,0.01208790
397,Hydrocortisone,OCC(=O)[C@@]1(O)CC[C@@H]2[C@]1(C)C[C@H](O)[C@H]1[C@H]2CCC2=CC(=O)CC[C@]12C,C[C@]12CCC(=O)C=C1CC[C@@H]1[C@@H]2[C@@H](O)C[C@@]2(C)[C@H]1CC[C@]2(O)C(=O)CO,-7.35700000,-7.34491210,0.01208790,0.01208790
398,Hydrocortisone,OCC(=O)[C@@]1(O)CC[C@@H]2[C@]1(C)C[C@H](O)[C@H]1[C@H]2CCC2=CC(=O)CC[C@]12C,C[C@]12CCC(=O)C=C1CC[C@@H]1[C@@H]2[C@@H](O)C[C@@]2(C)[C@H]1CC[C@]2(O)C(=O)CO,-7.43100000,-7.34491210,0.08608790,0.08608790
399,Hydrocortisone,OCC(=O)[C@@]1(O)CC[C@@H]2[C@]1(C)C[C@H](O)[C@H]1[C@H]2CCC2=CC(=O)CC[C@]12C,C[C@]12CCC(=O)C=C1CC[C@@H]1[C@@H]2[C@@H](O)C[C@@]2(C)[C@H]1CC[C@]2(O)C(=O)CO,-7.68100000,-7.34491210,0.33608790,0.33608790
400,Hydrocortisone,OCC(=O)[C@@]1(O)CC[C@@H]2[C@]1(C)C[C@H](O)[C@H]1[C@H]2CCC2=CC(=O)CC[C@]12C,C[C@]12CCC(=O)C=C1CC[C@@H]1[C@@H]2[C@@H](O)C[C@@]2(C)[C@H]1CC[C@]2(O)C(=O)CO,-7.57700000,-7.34491210,0.23208790,0.23208790
401,Testosterone,O=C1CC[C@]2(C(=C1)CC[C@@H]1[C@@H]2CC[C@]2([C@H]1CC[C@@H]2O)C)C,C[C@]12CC[C@H]3[C@@H](CCC4=CC(=O)CC[C@@]43C)[C@@H]1CC[C@@H]2O,-5.48900000,-5.80969517,-0.32069517,0.32069517
402,Testosterone,O=C1CC[C@]2(C(=C1)CC[C@@H]1[C@@H]2CC[C@]2([C@H]1CC[C@@H]2O)C)C,C[C@]12CC[C@H]3[C@@H](CCC4=CC(=O)CC[C@@]43C)[C@@H]1CC[C@@H]2O,-5.47600000,-5.80969517,-0.33369517,0.33369517
403,Testosterone,O=C1CC[C@]2(C(=C1)CC[C@@H]1[C@@H]2CC[C@]2([C@H]1CC[C@@H]2O)C)C,C[C@]12CC[C@H]3[C@@H](CCC4=CC(=O)CC[C@@]43C)[C@@H]1CC[C@@H]2O,-5.48900000,-5.80969517,-0.32069517,0.32069517
404,Testosterone,O=C1CC[C@]2(C(=C1)CC[C@@H]1[C@@H]2CC[C@]2([C@H]1CC[C@@H]2O)C)C,C[C@]12CC[C@H]3[C@@H](CCC4=CC(=O)CC[C@@]43C)[C@@H]1CC[C@@H]2O,-5.47600000,-5.80969517,-0.33369517,0.33369517
405,Testosterone,O=C1CC[C@]2(C(=C1)CC[C@@H]1[C@@H]2CC[C@]2([C@H]1CC[C@@H]2O)C)C,C[C@]12CC[C@H]3[C@@H](CCC4=CC(=O)CC[C@@]43C)[C@@H]1CC[C@@H]2O,-5.59600000,-5.80969517,-0.21369517,0.21369517
407,Boric acid,OB(O)O,OB(O)O,-7.19900000,-7.22136663,-0.02236663,0.02236663
409,Disodium octaborate tetrahydrate,[O-]B([O-])[O-].[O-]B([O-])[O-].[O-]B([O-])[O-].[O-]B([O-])[O-].[O-]B([O-])[O-].[O-]B([O-])[O-].[O-]B([O-])[O-].[O-]B([O-])[O-].O.O.O.O.[Na+].[Na+],O.O.O.O.[Na+].[Na+].[O-]B([O-])[O-].[O-]B([O-])[O-].[O-]B([O-])[O-].[O-]B([O-])[O-].[O-]B([O-])[O-].[O-]B([O-])[O-].[O-]B([O-])[O-].[O-]B([O-])[O-],-7.65300000,-7.22438885,0.42861115,0.42861115
414,1-Hexanol,CCCCCCO,CCCCCCO,-4.88800000,-5.34584214,-0.45784214,0.45784214
415,Water,O,O,-6.42600000,-6.12423617,0.30176383,0.30176383
416,Ethanol,CCO,CCO,-6.35200000,-6.49022097,-0.13822097,0.13822097
417,1-Butanol,CCCCO,CCCCO,-5.81600000,-5.97606842,-0.16006842,0.16006842
419,1-Hexanol,CCCCCCO,CCCCCCO,-5.77800000,-5.34239068,0.43560932,0.43560932
424,1-Hexanol,CCCCCCO,CCCCCCO,-5.63700000,-5.34239068,0.29460932,0.29460932
426,2-Amino-4-Nitrophenol,[O-][N+](=O)c1ccc(c(c1)N)O,Nc1cc([N+](=O)[O-])ccc1O,-6.73700000,-6.69091160,0.04608840,0.04608840
429,1-Octanol,CCCCCCCCO,CCCCCCCCO,-4.83300000,-4.79457938,0.03842062,0.03842062
432,Amphetamine,CC(Cc1ccccc1)N,CC(N)Cc1ccccc1,-4.59200000,-4.98612741,-0.39412741,0.39412741
435,Flufenamic acid,OC(=O)c1ccccc1Nc1cccc(c1)C(F)(F)F,O=C(O)c1ccccc1Nc1cccc(C(F)(F)F)c1,-6.20100000,-6.14900596,0.05199404,0.05199404
436,Flufenamic acid,OC(=O)c1ccccc1Nc1cccc(c1)C(F)(F)F,O=C(O)c1ccccc1Nc1cccc(C(F)(F)F)c1,-6.09400000,-6.14900596,-0.05500596,0.05500596
437,Flufenamic acid,OC(=O)c1ccccc1Nc1cccc(c1)C(F)(F)F,O=C(O)c1ccccc1Nc1cccc(C(F)(F)F)c1,-6.11100000,-6.14900596,-0.03800596,0.03800596
446,1-Heptanol,CCCCCCCO,CCCCCCCO,-5.15800000,-4.98629365,0.17170635,0.17170635
448,1-Hexanol,CCCCCCO,CCCCCCO,-5.25500000,-5.27018096,-0.01518096,0.01518096
452,1-Octanol,CCCCCCCCO,CCCCCCCCO,-5.14100000,-4.73831328,0.40268672,0.40268672
457,1-Propanol,CCCO,CCCO,-6.30100000,-6.40916063,-0.10816063,0.10816063
460,Fentanyl,CCC(=O)N(c1ccccc1)C1CCN(CC1)CCc1ccccc1,CCC(=O)N(c1ccccc1)C1CCN(CCc2ccccc2)CC1,-5.84900000,-5.51023571,0.33876429,0.33876429
461,Fentanyl,CCC(=O)N(c1ccccc1)C1CCN(CC1)CCc1ccccc1,CCC(=O)N(c1ccccc1)C1CCN(CCc2ccccc2)CC1,-5.70500000,-5.51023571,0.19476429,0.19476429
462,Fentanyl,CCC(=O)N(c1ccccc1)C1CCN(CC1)CCc1ccccc1,CCC(=O)N(c1ccccc1)C1CCN(CCc2ccccc2)CC1,-5.45200000,-5.51023571,-0.05823571,0.05823571
463,Fentanyl,CCC(=O)N(c1ccccc1)C1CCN(CC1)CCc1ccccc1,CCC(=O)N(c1ccccc1)C1CCN(CCc2ccccc2)CC1,-5.20600000,-5.51023571,-0.30423571,0.30423571
464,Fentanyl,CCC(=O)N(c1ccccc1)C1CCN(CC1)CCc1ccccc1,CCC(=O)N(c1ccccc1)C1CCN(CCc2ccccc2)CC1,-5.11500000,-5.51023571,-0.39523571,0.39523571
465,Fentanyl,CCC(=O)N(c1ccccc1)C1CCN(CC1)CCc1ccccc1,CCC(=O)N(c1ccccc1)C1CCN(CCc2ccccc2)CC1,-5.01300000,-5.51023571,-0.49723571,0.49723571
466,Fentanyl,CCC(=O)N(c1ccccc1)C1CCN(CC1)CCc1ccccc1,CCC(=O)N(c1ccccc1)C1CCN(CCc2ccccc2)CC1,-5.03900000,-5.51023571,-0.47123571,0.47123571
469,Sufentanil,COCC1(CCN(CC1)CCc1cccs1)N(c1ccccc1)C(=O)CC,CCC(=O)N(c1ccccc1)C1(COC)CCN(CCc2cccs2)CC1,-5.76400000,-5.39696371,0.36703629,0.36703629
470,Sufentanil,COCC1(CCN(CC1)CCc1cccs1)N(c1ccccc1)C(=O)CC,CCC(=O)N(c1ccccc1)C1(COC)CCN(CCc2cccs2)CC1,-5.55200000,-5.39696371,0.15503629,0.15503629
471,Sufentanil,COCC1(CCN(CC1)CCc1cccs1)N(c1ccccc1)C(=O)CC,CCC(=O)N(c1ccccc1)C1(COC)CCN(CCc2cccs2)CC1,-5.36000000,-5.39696371,-0.03696371,0.03696371
472,Sufentanil,COCC1(CCN(CC1)CCc1cccs1)N(c1ccccc1)C(=O)CC,CCC(=O)N(c1ccccc1)C1(COC)CCN(CCc2cccs2)CC1,-5.19300000,-5.39696371,-0.20396371,0.20396371
473,Sufentanil,COCC1(CCN(CC1)CCc1cccs1)N(c1ccccc1)C(=O)CC,CCC(=O)N(c1ccccc1)C1(COC)CCN(CCc2cccs2)CC1,-5.08200000,-5.39696371,-0.31496371,0.31496371
474,Sufentanil,COCC1(CCN(CC1)CCc1cccs1)N(c1ccccc1)C(=O)CC,CCC(=O)N(c1ccccc1)C1(COC)CCN(CCc2cccs2)CC1,-5.01800000,-5.39696371,-0.37896371,0.37896371
475,Sufentanil,COCC1(CCN(CC1)CCc1cccs1)N(c1ccccc1)C(=O)CC,CCC(=O)N(c1ccccc1)C1(COC)CCN(CCc2cccs2)CC1,-5.02900000,-5.39696371,-0.36796371,0.36796371
476,Caffeine,Cn1cnc2c1c(=O)n(C)c(=O)n2C,Cn1c(=O)c2c(ncn2C)n(C)c1=O,-7.14500000,-6.92365842,0.22134158,0.22134158
477,Salicylic acid,OC(=O)c1ccccc1O,O=C(O)c1ccccc1O,-6.21600000,-5.82096715,0.39503285,0.39503285
482,Estradiol,Oc1ccc2c(c1)CC[C@@H]1[C@@H]2CC[C@]2([C@H]1CC[C@@H]2O)C,C[C@]12CC[C@@H]3c4ccc(O)cc4CC[C@H]3[C@@H]1CC[C@@H]2O,-6.55600000,-6.13682104,0.41917896,0.41917896
488,2-Methoxyethanol,COCCO,COCCO,-6.09500000,-6.40675730,-0.31175730,0.31175730
489,2-Ethoxyethanol,OCCOCC,CCOCCO,-6.63100000,-6.64891502,-0.01791502,0.01791502
490,2-Ethoxyethyl acetate,CCOCCOC(=O)C,CCOCCOC(C)=O,-6.64900000,-6.17813852,0.47086148,0.47086148
492,1-Methoxy-2-Propanol,COCC(O)C,COCC(C)O,-6.45900000,-6.82087408,-0.36187408,0.36187408
497,Ethanol,CCO,CCO,-7.05500000,-6.55738090,0.49761910,0.49761910
498,Mannitol,OC[C@H]([C@H]([C@@H]([C@@H](CO)O)O)O)O,OC[C@@H](O)[C@@H](O)[C@H](O)[C@H](O)CO,-7.77100000,-7.98779468,-0.21679468,0.21679468
504,Methanol,CO,CO,-6.35200000,-6.68430346,-0.33230346,0.33230346
505,1-Octanol,CCCCCCCCO,CCCCCCCCO,-4.77100000,-4.75425248,0.01674752,0.01674752
507,Methotrexate,OC(=O)CC[C@@H](C(=O)O)NC(=O)c1ccc(cc1)N(Cc1cnc2c(n1)c(N)nc(n2)N)C,CN(Cc1cnc2nc(N)nc(N)c2n1)c1ccc(C(=O)N[C@@H](CCC(=O)O)C(=O)O)cc1,-7.00700000,-6.95158058,0.05541942,0.05541942
509,Methotrexate,OC(=O)CC[C@@H](C(=O)O)NC(=O)c1ccc(cc1)N(Cc1cnc2c(n1)c(N)nc(n2)N)C,CN(Cc1cnc2nc(N)nc(N)c2n1)c1ccc(C(=O)N[C@@H](CCC(=O)O)C(=O)O)cc1,-7.20900000,-6.95158058,0.25741942,0.25741942
510,Methotrexate,OC(=O)CC[C@@H](C(=O)O)NC(=O)c1ccc(cc1)N(Cc1cnc2c(n1)c(N)nc(n2)N)C,CN(Cc1cnc2nc(N)nc(N)c2n1)c1ccc(C(=O)N[C@@H](CCC(=O)O)C(=O)O)cc1,-6.61300000,-6.95158058,-0.33858058,0.33858058
511,Methotrexate,OC(=O)CC[C@@H](C(=O)O)NC(=O)c1ccc(cc1)N(Cc1cnc2c(n1)c(N)nc(n2)N)C,CN(Cc1cnc2nc(N)nc(N)c2n1)c1ccc(C(=O)N[C@@H](CCC(=O)O)C(=O)O)cc1,-6.80700000,-6.95158058,-0.14458058,0.14458058
512,Methotrexate,OC(=O)CC[C@@H](C(=O)O)NC(=O)c1ccc(cc1)N(Cc1cnc2c(n1)c(N)nc(n2)N)C,CN(Cc1cnc2nc(N)nc(N)c2n1)c1ccc(C(=O)N[C@@H](CCC(=O)O)C(=O)O)cc1,-6.50300000,-6.95158058,-0.44858058,0.44858058
513,Methotrexate,OC(=O)CC[C@@H](C(=O)O)NC(=O)c1ccc(cc1)N(Cc1cnc2c(n1)c(N)nc(n2)N)C,CN(Cc1cnc2nc(N)nc(N)c2n1)c1ccc(C(=O)N[C@@H](CCC(=O)O)C(=O)O)cc1,-6.84000000,-6.95158058,-0.11158058,0.11158058
515,2-Phenylphenol,Oc1ccccc1c1ccccc1,Oc1ccccc1-c1ccccc1,-5.29400000,-4.81856175,0.47543825,0.47543825
533,Caffeine,Cn1cnc2c1c(=O)n(C)c(=O)n2C,Cn1c(=O)c2c(ncn2C)n(C)c1=O,-6.54100000,-6.92365842,-0.38265842,0.38265842
534,Caffeine,Cn1cnc2c1c(=O)n(C)c(=O)n2C,Cn1c(=O)c2c(ncn2C)n(C)c1=O,-6.91500000,-6.92365842,-0.00865842,0.00865842
537,Butoxyethanol,CCCCOC(O)C,CCCCOC(C)O,-5.98200000,-5.78737537,0.19462463,0.19462463
540,Propoxur,CNC(=O)Oc1ccccc1OC(C)C,CNC(=O)Oc1ccccc1OC(C)C,-5.87800000,-5.52478592,0.35321408,0.35321408
541,Propoxur,CNC(=O)Oc1ccccc1OC(C)C,CNC(=O)Oc1ccccc1OC(C)C,-5.79700000,-5.52478592,0.27221408,0.27221408
542,Propoxur,CNC(=O)Oc1ccccc1OC(C)C,CNC(=O)Oc1ccccc1OC(C)C,-5.91200000,-5.52478592,0.38721408,0.38721408
