Source_Data_Row,Compound_Name,Smiles,Canonical_SMILES,Experimental_logKp_cm_s,Predicted_logKp_Ensemble,Prediction_Error_Ensemble,Absolute_Error_Ensemble
1,Butyl 4-hydroxybenzoat,CCCCOC(=O)c1ccc(cc1)O,CCCCOC(=O)c1ccc(O)cc1,-4.53800000,-4.71756868,-0.17956868,0.17956868
2,Caffeine,Cn1cnc2c1c(=O)n(C)c(=O)n2C,Cn1c(=O)c2c(ncn2C)n(C)c1=O,-7.05300000,-6.88588017,0.16711983,0.16711983
3,Methyl 4-hydroxybenzoate,COC(=O)c1ccc(cc1)O,COC(=O)c1ccc(O)cc1,-5.23000000,-5.41781536,-0.18781536,0.18781536
4,Fluocinonide,CC(=O)OCC(=O)[C@@]12OC(O[C@@H]1C[C@@H]1[C@]2(C)C[C@H](O)[C@]2([C@H]1C[C@@H](C1=CC(=O)C=C[C@]21C)F)F)(C)C,CC(=O)OCC(=O)[C@@]12OC(C)(C)O[C@@H]1C[C@H]1[C@@H]3C[C@H](F)C4=CC(=O)C=C[C@]4(C)[C@@]3(F)[C@@H](O)C[C@@]12C,-6.32600000,-6.63542957,-0.30942957,0.30942957
5,Fluocinonide,CC(=O)OCC(=O)[C@@]12OC(O[C@@H]1C[C@@H]1[C@]2(C)C[C@H](O)[C@]2([C@H]1C[C@@H](C1=CC(=O)C=C[C@]21C)F)F)(C)C,CC(=O)OCC(=O)[C@@]12OC(C)(C)O[C@@H]1C[C@H]1[C@@H]3C[C@H](F)C4=CC(=O)C=C[C@]4(C)[C@@]3(F)[C@@H](O)C[C@@]12C,-6.32600000,-6.63542957,-0.30942957,0.30942957
6,Hydrocortisone 21-Hemisuccinate,OC(=O)CCC(=O)OCC(=O)[C@@]1(O)CC[C@@H]2[C@]1(C)C[C@H](O)[C@H]1[C@H]2CCC2=CC(=O)CC[C@]12C,C[C@]12CCC(=O)C=C1CC[C@@H]1[C@@H]2[C@@H](O)C[C@@]2(C)[C@H]1CC[C@]2(O)C(=O)COC(=O)CCC(=O)O,-6.75700000,-6.78835154,-0.03135154,0.03135154
7,Hydrocortisone 21-Hemipimelate,OC(=O)CCCCCC(=O)OCC(=O)[C@@]1(O)CC[C@@H]2[C@]1(C)C[C@H](O)[C@H]1[C@H]2CCC2=CC(=O)CC[C@]12C,C[C@]12CCC(=O)C=C1CC[C@@H]1[C@@H]2[C@@H](O)C[C@@]2(C)[C@H]1CC[C@]2(O)C(=O)COC(=O)CCCCCC(=O)O,-6.30100000,-6.46484941,-0.16384941,0.16384941
9,Hydrocortisone 21-(6-hydroxyhexanoate),OCCCCCC(=O)OCC(=O)[C@@]1(O)CC[C@@H]2[C@]1(C)C[C@H](O)[C@H]1[C@H]2CCC2=CC(=O)CC[C@]12C,C[C@]12CCC(=O)C=C1CC[C@@H]1[C@@H]2[C@@H](O)C[C@@]2(C)[C@H]1CC[C@]2(O)C(=O)COC(=O)CCCCCO,-6.59700000,-6.78534455,-0.18834455,0.18834455
10,Hydrocortisone 21-methylpimelate,COC(=O)CCCCCC(=O)OCC(=O)[C@@]1(O)CC[C@@H]2[C@]1(C)C[C@H](O)[C@H]1[C@H]2CCC2=CC(=O)CC[C@]12C,COC(=O)CCCCCC(=O)OCC(=O)[C@@]1(O)CC[C@H]2[C@@H]3CCC4=CC(=O)CC[C@]4(C)[C@H]3[C@@H](O)C[C@@]21C,-5.82400000,-6.25462148,-0.43062148,0.43062148
11,Hydrocortisone 21-methylsuccinate,COC(=O)CCC(=O)OCC(=O)[C@@]1(O)CC[C@@H]2[C@]1(C)C[C@H](O)[C@H]1[C@H]2CCC2=CC(=O)CC[C@]12C,COC(=O)CCC(=O)OCC(=O)[C@@]1(O)CC[C@H]2[C@@H]3CCC4=CC(=O)CC[C@]4(C)[C@H]3[C@@H](O)C[C@@]21C,-7.23400000,-6.66339686,0.57060314,0.57060314
14,Hydrocortisone 21-pimelamate,NC(=O)CCCCCC(=O)OCC(=O)[C@@]1(O)CC[C@@H]2[C@]1(C)C[C@H](O)[C@H]1[C@H]2CCC2=CC(=O)CC[C@]12C,C[C@]12CCC(=O)C=C1CC[C@@H]1[C@@H]2[C@@H](O)C[C@@]2(C)[C@H]1CC[C@]2(O)C(=O)COC(=O)CCCCCC(N)=O,-6.60700000,-6.73049963,-0.12349963,0.12349963
15,Hydrocortisone 21-propionate,CCC(=O)OCC(=O)[C@@]1(O)CC[C@@H]2[C@]1(C)C[C@H](O)[C@H]1[C@H]2CCC2=CC(=O)CC[C@]12C,CCC(=O)OCC(=O)[C@@]1(O)CC[C@H]2[C@@H]3CCC4=CC(=O)CC[C@]4(C)[C@H]3[C@@H](O)C[C@@]21C,-6.03800000,-6.12152277,-0.08352277,0.08352277
16,Hydrocortisone 21-propionate,CCC(=O)OCC(=O)[C@@]1(O)CC[C@@H]2[C@]1(C)C[C@H](O)[C@H]1[C@H]2CCC2=CC(=O)CC[C@]12C,CCC(=O)OCC(=O)[C@@]1(O)CC[C@H]2[C@@H]3CCC4=CC(=O)CC[C@]4(C)[C@H]3[C@@H](O)C[C@@]21C,-6.02500000,-6.12152277,-0.09652277,0.09652277
20,4-Hydroxybenzyl alcohol,OCc1ccc(cc1)O,OCc1ccc(O)cc1,-6.25500000,-6.30477501,-0.04977501,0.04977501
21,4-Hydroxyphenylacetamide,NC(=O)Cc1ccc(cc1)O,NC(=O)Cc1ccc(O)cc1,-6.90300000,-6.72485972,0.17814028,0.17814028
22,4-Hydroxyphenylacetic acid,OC(=O)Cc1ccc(cc1)O,O=C(O)Cc1ccc(O)cc1,-6.15800000,-6.19108283,-0.03308283,0.03308283
23,Methyl 4-hydroxyphenylacetate,COC(=O)Cc1ccc(cc1)O,COC(=O)Cc1ccc(O)cc1,-5.25500000,-5.27389168,-0.01889168,0.01889168
25,Toluene,Cc1ccccc1,Cc1ccccc1,-3.63700000,-4.00285549,-0.36585549,0.36585549
26,Water,O,O,-6.43800000,-6.32156744,0.11643256,0.11643256
27,Water,O,O,-6.60600000,-6.32156744,0.28443256,0.28443256
28,Water,O,O,-6.32300000,-6.32156744,0.00143256,0.00143256
29,Water,O,O,-6.50200000,-6.32156744,0.18043256,0.18043256
31,2-Ethylhexanol,CCCCC(CO)CC,CCCCC(CC)CO,-4.34300000,-4.91410945,-0.57110945,0.57110945
33,Bis(2-ethylhexyl)phthalate,CCCCC(COC(=O)c1ccccc1C(=O)OCC(CCCC)CC)CC,CCCCC(CC)COC(=O)c1ccccc1C(=O)OCC(CC)CCCC,-6.97900000,-7.44997335,-0.47097335,0.47097335
38,Ethanol,CCO,CCO,-7.07900000,-6.49875186,0.58024814,0.58024814
39,1-Octanol,CCCCCCCCO,CCCCCCCCO,-4.84000000,-4.76208448,0.07791552,0.07791552
40,1-Pentanol,CCCCCO,CCCCCO,-5.77800000,-5.72828051,0.04971949,0.04971949
41,1-Propanol,CCCO,CCCO,-6.55600000,-6.40767196,0.14832804,0.14832804
42,"2,3-Butanediol",CC(C(O)C)O,CC(O)C(C)O,-7.85700000,-7.61337294,0.24362706,0.24362706
43,1-Butanol,CCCCO,CCCCO,-6.07900000,-6.01398901,0.06501099,0.06501099
44,Butan-2-one,CCC(=O)C,CCC(C)=O,-5.90300000,-6.30292528,-0.39992528,0.39992528
46,Diethyl ether,CCOCC,CCOCC,-5.35200000,-5.49151330,-0.13951330,0.13951330
47,Benzene,c1ccccc1,c1ccccc1,-4.51100000,-4.43431173,0.07668827,0.07668827
49,2-Nitro-p-Phenylenediamine,Nc1ccc(c(c1)[N+](=O)[O-])N,Nc1ccc(N)c([N+](=O)[O-])c1,-6.85700000,-6.33222130,0.52477870,0.52477870
50,4-Amino-2-Nitrophenol,Nc1ccc(c(c1)[N+](=O)[O-])O,Nc1ccc(O)c([N+](=O)[O-])c1,-7.62200000,-7.36347729,0.25852271,0.25852271
51,4-Chloro-m-Phenylenediamine,Nc1ccc(c(c1)N)Cl,Nc1ccc(Cl)c(N)c1,-6.23400000,-6.59302095,-0.35902095,0.35902095
52,o-Phenylenediamine,Nc1ccccc1N,Nc1ccccc1N,-6.90300000,-6.93739025,-0.03439025,0.03439025
53,p-Phenylenediamine,Nc1ccc(cc1)N,Nc1ccc(N)cc1,-7.17600000,-7.13320770,0.04279230,0.04279230
54,"2,4-Dichlorophenol",Clc1ccc(c(c1)Cl)O,Oc1ccc(Cl)cc1Cl,-5.06500000,-4.74189196,0.32310804,0.32310804
55,Acetic acid,CC(=O)O,CC(=O)O,-6.07900000,-6.34036242,-0.26136242,0.26136242
56,Benzoic acid,OC(=O)c1ccccc1,O=C(O)c1ccccc1,-5.67500000,-5.42659529,0.24840471,0.24840471
57,Bis(2-ethylhexyl)phthalate,CCCCC(COC(=O)c1ccccc1C(=O)OCC(CCCC)CC)CC,CCCCC(CC)COC(=O)c1ccccc1C(=O)OCC(CC)CCCC,-7.65300000,-7.44997335,0.20302665,0.20302665
58,Butoxyethanol,CCCCOC(O)C,CCCCOC(C)O,-6.00000000,-5.68363333,0.31636667,0.31636667
59,Cortisone,OCC(=O)[C@@]1(O)CC[C@@H]2[C@]1(C)CC(=O)[C@H]1[C@H]2CCC2=CC(=O)CC[C@]12C,C[C@]12CCC(=O)C=C1CC[C@@H]1[C@@H]2C(=O)C[C@@]2(C)[C@H]1CC[C@]2(O)C(=O)CO,-7.38000000,-7.35692798,0.02307202,0.02307202
60,1-Decanol,CCCCCCCCCCO,CCCCCCCCCCO,-5.51500000,-5.00033744,0.51466256,0.51466256
61,Diazinon,CCOP(=S)(Oc1cc(C)nc(n1)C(C)C)OCC,CCOP(=S)(OCC)Oc1cc(C)nc(C(C)C)n1,-5.61700000,-5.68301270,-0.06601270,0.06601270
62,Ethacrynic acid,CCC(=C)C(=O)c1ccc(c(c1Cl)Cl)OCC(=O)O,C=C(CC)C(=O)c1ccc(OCC(=O)O)c(Cl)c1Cl,-7.38000000,-7.24569353,0.13430647,0.13430647
63,Linolenic acid,CC/C=C/C/C=C/C/C=C/CCCCCCCC(=O)O,CC/C=C/C/C=C/C/C=C/CCCCCCCC(=O)O,-5.98800000,-6.07209988,-0.08409988,0.08409988
64,Octylparaben,CCCCCCCCOC(=O)c1ccc(cc1)O,CCCCCCCCOC(=O)c1ccc(O)cc1,-5.58800000,-5.48637347,0.10162653,0.10162653
65,Oleic acid,CCCCCCCC/C=CCCCCCCCC(=O)O,CCCCCCCCC=CCCCCCCCC(=O)O,-6.44200000,-6.38401456,0.05798544,0.05798544
66,Propylparaben,CCCOC(=O)c1ccc(cc1)O,CCCOC(=O)c1ccc(O)cc1,-5.41000000,-5.07073520,0.33926480,0.33926480
68,Testosterone,O=C1CC[C@]2(C(=C1)CC[C@@H]1[C@@H]2CC[C@]2([C@H]1CC[C@@H]2O)C)C,C[C@]12CC[C@H]3[C@@H](CCC4=CC(=O)CC[C@@]43C)[C@@H]1CC[C@@H]2O,-5.67000000,-5.80663838,-0.13663838,0.13663838
69,1-Butanol,CCCCO,CCCCO,-5.48100000,-6.01398901,-0.53298901,0.53298901
70,1-Hexanol,CCCCCCO,CCCCCCO,-5.28400000,-5.23634403,0.04765597,0.04765597
71,1-Hexyl-2-Pyrrolidone,CCCCCCN1CCCC1=O,CCCCCCN1CCCC1=O,-5.20800000,-5.14716775,0.06083225,0.06083225
72,1-Octanol,CCCCCCCCO,CCCCCCCCO,-4.87000000,-4.77331491,0.09668509,0.09668509
73,1-Octyl-2-Azacycloheptanone,CCCCCCCCN1CCCCCC1=O,CCCCCCCCN1CCCCCC1=O,-4.83600000,-5.43524097,-0.59924097,0.59924097
74,1-Octyl-2-Pyrrolidone,CCCCCCCCN1CCCC1=O,CCCCCCCCN1CCCC1=O,-4.82700000,-5.17452303,-0.34752303,0.34752303
76,2-Phenylethanol,OCCc1ccccc1,OCCc1ccccc1,-5.27600000,-5.24517974,0.03082026,0.03082026
77,Carvacrol,CC(c1ccc(c(c1)O)C)C,Cc1ccc(C(C)C)cc1O,-4.84200000,-4.80934869,0.03265131,0.03265131
78,Thymol,Cc1ccc(c(c1)O)C(C)C,Cc1ccc(C(C)C)c(O)c1,-4.86000000,-4.77813851,0.08186149,0.08186149
79,Ethanol,CCO,CCO,-6.27800000,-6.47937357,-0.20137357,0.20137357
80,1-Butanol,CCCCO,CCCCO,-5.65900000,-6.01727766,-0.35827766,0.35827766
81,1-Decanol,CCCCCCCCCCO,CCCCCCCCCCO,-4.70100000,-4.98731345,-0.28631345,0.28631345
82,1-Hexanol,CCCCCCO,CCCCCCO,-5.05100000,-5.22212511,-0.17112511,0.17112511
83,1-Octanol,CCCCCCCCO,CCCCCCCCO,-4.58600000,-4.76031559,-0.17431559,0.17431559
85,Benzyl nicotinate,O=C(c1cccnc1)OCc1ccccc1,O=C(OCc1ccccc1)c1cccnc1,-5.34800000,-5.28539012,0.06260988,0.06260988
86,Butyl nicotinate,CCCCOC(=O)c1cccnc1,CCCCOC(=O)c1cccnc1,-5.33500000,-5.43838781,-0.10338781,0.10338781
91,n-Hexyl nicotinate,CCCCCCOC(=O)c1cccnc1,CCCCCCOC(=O)c1cccnc1,-5.30300000,-5.42634433,-0.12334433,0.12334433
93,Acetylsalicylic Acid,CC(=O)Oc1ccccc1C(=O)O,CC(=O)Oc1ccccc1C(=O)O,-5.69600000,-5.63343554,0.06256446,0.06256446
95,Benzoic acid,OC(=O)c1ccccc1,O=C(O)c1ccccc1,-5.15600000,-5.42659529,-0.27059529,0.27059529
96,Diclofenac,OC(=O)Cc1ccccc1Nc1c(Cl)cccc1Cl,O=C(O)Cc1ccccc1Nc1c(Cl)cccc1Cl,-6.55600000,-6.32467942,0.23132058,0.23132058
99,Naproxen,COc1ccc2c(c1)ccc(c2)C(C(=O)O)C,COc1ccc2cc(C(C)C(=O)O)ccc2c1,-6.09600000,-5.64246838,0.45353162,0.45353162
100,Nicotine,CN1CCCC1c1cccnc1,CN1CCCC1c1cccnc1,-6.03600000,-5.92634008,0.10965992,0.10965992
101,Salicylic acid,OC(=O)c1ccccc1O,O=C(O)c1ccccc1O,-5.41600000,-5.87831121,-0.46231121,0.46231121
104,Ketoprofen,OC(=O)C(c1cccc(c1)C(=O)c1ccccc1)C,CC(C(=O)O)c1cccc(C(=O)c2ccccc2)c1,-6.76800000,-6.20354379,0.56445621,0.56445621
105,Nimesulide,[O-][N+](=O)c1ccc(c(c1)Oc1ccccc1)NS(=O)(=O)C,CS(=O)(=O)Nc1ccc([N+](=O)[O-])cc1Oc1ccccc1,-6.55100000,-5.96622417,0.58477583,0.58477583
108,Theophylline,Cn1c(=O)n(C)c2c(c1=O)[nH]cn2,Cn1c(=O)c2[nH]cnc2n(C)c1=O,-7.12500000,-7.03422099,0.09077901,0.09077901
109,"1,2,4-Benzenetriol",Oc1ccc(c(c1)O)O,Oc1ccc(O)c(O)c1,-7.45600000,-7.25221666,0.20378334,0.20378334
110,Catechol,Oc1ccccc1O,Oc1ccccc1O,-6.06600000,-6.13522302,-0.06922302,0.06922302
111,Hydroquinone,Oc1ccc(cc1)O,Oc1ccc(O)cc1,-6.50600000,-6.54779986,-0.04179986,0.04179986
112,Phenol,Oc1ccccc1,Oc1ccccc1,-5.58600000,-6.03144413,-0.44544413,0.44544413
113,Phloroglucinol,Oc1cc(O)cc(c1)O,Oc1cc(O)cc(O)c1,-6.06600000,-6.22957037,-0.16357037,0.16357037
114,Pyrogallol,Oc1c(O)cccc1O,Oc1cccc(O)c1O,-6.36600000,-6.44717331,-0.08117331,0.08117331
115,Resorcinol,Oc1cccc(c1)O,Oc1cccc(O)c1,-6.62600000,-6.30461428,0.32138572,0.32138572
117,Estradiol,Oc1ccc2c(c1)CC[C@@H]1[C@@H]2CC[C@]2([C@H]1CC[C@@H]2O)C,C[C@]12CC[C@@H]3c4ccc(O)cc4CC[C@H]3[C@@H]1CC[C@@H]2O,-5.96700000,-6.13116561,-0.16416561,0.16416561
119,Estradiol,Oc1ccc2c(c1)CC[C@@H]1[C@@H]2CC[C@]2([C@H]1CC[C@@H]2O)C,C[C@]12CC[C@@H]3c4ccc(O)cc4CC[C@H]3[C@@H]1CC[C@@H]2O,-6.68400000,-6.14473631,0.53926369,0.53926369
120,Estradiol,Oc1ccc2c(c1)CC[C@@H]1[C@@H]2CC[C@]2([C@H]1CC[C@@H]2O)C,C[C@]12CC[C@@H]3c4ccc(O)cc4CC[C@H]3[C@@H]1CC[C@@H]2O,-6.01800000,-6.14473631,-0.12673631,0.12673631
121,Amobarbital,CCC1(CCC(C)C)C(=O)NC(=O)NC1=O,CCC1(CCC(C)C)C(=O)NC(=O)NC1=O,-6.20100000,-6.27006462,-0.06906462,0.06906462
122,Barbital,CCC1(CC)C(=O)NC(=O)NC1=O,CCC1(CC)C(=O)NC(=O)NC1=O,-7.50900000,-7.45147281,0.05752719,0.05752719
124,Hydrocortisone,OCC(=O)[C@@]1(O)CC[C@@H]2[C@]1(C)C[C@H](O)[C@H]1[C@H]2CCC2=CC(=O)CC[C@]12C,C[C@]12CCC(=O)C=C1CC[C@@H]1[C@@H]2[C@@H](O)C[C@@]2(C)[C@H]1CC[C@]2(O)C(=O)CO,-7.48100000,-7.41961929,0.06138071,0.06138071
125,Isoquinoline,c1ccc2c(c1)cncc2,c1ccc2cnccc2c1,-5.33200000,-5.17638440,0.15561560,0.15561560
127,Phenobarbital,CCC1(C(=O)NC(=O)NC1=O)c1ccccc1,CCC1(c2ccccc2)C(=O)NC(=O)NC1=O,-6.90000000,-6.77173163,0.12826837,0.12826837
128,Salicylic acid,OC(=O)c1ccccc1O,O=C(O)c1ccccc1O,-5.76000000,-5.89852775,-0.13852775,0.13852775
129,Flufenamic acid,OC(=O)c1ccccc1Nc1cccc(c1)C(F)(F)F,O=C(O)c1ccccc1Nc1cccc(C(F)(F)F)c1,-6.19400000,-6.21140167,-0.01740167,0.01740167
133,Aldosterone,OCC(=O)[C@H]1CC[C@@H]2[C@]1(C=O)C[C@H](O)[C@H]1[C@H]2CCC2=CC(=O)CC[C@]12C,C[C@]12CCC(=O)C=C1CC[C@@H]1[C@@H]2[C@@H](O)C[C@]2(C=O)[C@@H](C(=O)CO)CC[C@@H]12,-7.79300000,-7.80727927,-0.01427927,0.01427927
134,Estradiol,Oc1ccc2c(c1)CC[C@@H]1[C@@H]2CC[C@]2([C@H]1CC[C@@H]2O)C,C[C@]12CC[C@@H]3c4ccc(O)cc4CC[C@H]3[C@@H]1CC[C@@H]2O,-5.94400000,-6.13116561,-0.18716561,0.18716561
135,Hydrocortisone,OCC(=O)[C@@]1(O)CC[C@@H]2[C@]1(C)C[C@H](O)[C@H]1[C@H]2CCC2=CC(=O)CC[C@]12C,C[C@]12CCC(=O)C=C1CC[C@@H]1[C@@H]2[C@@H](O)C[C@@]2(C)[C@H]1CC[C@]2(O)C(=O)CO,-7.19500000,-7.39941854,-0.20441854,0.20441854
136,Progesterone,O=C1CC[C@]2(C(=C1)CC[C@@H]1[C@@H]2CC[C@]2([C@H]1CC[C@@H]2C(=O)C)C)C,CC(=O)[C@H]1CC[C@H]2[C@@H]3CCC4=CC(=O)CC[C@]4(C)[C@H]3CC[C@]12C,-5.07900000,-5.33979087,-0.26079087,0.26079087
138,Dexamethasone,OCC(=O)[C@@]1(O)[C@H](C)C[C@@H]2[C@]1(C)C[C@H](O)[C@]1([C@H]2CCC2=CC(=O)C=C[C@]12C)F,C[C@@H]1C[C@H]2[C@@H]3CCC4=CC(=O)C=C[C@]4(C)[C@@]3(F)[C@@H](O)C[C@]2(C)[C@@]1(O)C(=O)CO,-7.75000000,-7.73408109,0.01591891,0.01591891
139,Estradiol,Oc1ccc2c(c1)CC[C@@H]1[C@@H]2CC[C@]2([C@H]1CC[C@@H]2O)C,C[C@]12CC[C@@H]3c4ccc(O)cc4CC[C@H]3[C@@H]1CC[C@@H]2O,-5.93700000,-6.13116561,-0.19416561,0.19416561
140,Lidocaine,CCN(CC(=O)Nc1c(C)cccc1C)CC,CCN(CC)CC(=O)Nc1c(C)cccc1C,-5.95800000,-5.97804410,-0.02004410,0.02004410
141,Testosterone,O=C1CC[C@]2(C(=C1)CC[C@@H]1[C@@H]2CC[C@]2([C@H]1CC[C@@H]2O)C)C,C[C@]12CC[C@H]3[C@@H](CCC4=CC(=O)CC[C@@]43C)[C@@H]1CC[C@@H]2O,-5.82700000,-5.80663838,0.02036162,0.02036162
142,Estradiol,Oc1ccc2c(c1)CC[C@@H]1[C@@H]2CC[C@]2([C@H]1CC[C@@H]2O)C,C[C@]12CC[C@@H]3c4ccc(O)cc4CC[C@H]3[C@@H]1CC[C@@H]2O,-5.77000000,-6.12990928,-0.35990928,0.35990928
143,5-Aminolevulinic acid,NCC(=O)CCC(=O)O,NCC(=O)CCC(=O)O,-7.71100000,-7.12209937,0.58890063,0.58890063
145,Betamethasone,OCC(=O)[C@@]1(O)[C@@H](C)C[C@@H]2[C@]1(C)C[C@H](O)[C@]1([C@H]2CCC2=CC(=O)C=C[C@]12C)F,C[C@H]1C[C@H]2[C@@H]3CCC4=CC(=O)C=C[C@]4(C)[C@@]3(F)[C@@H](O)C[C@]2(C)[C@@]1(O)C(=O)CO,-7.15300000,-7.70124549,-0.54824549,0.54824549
147,"N4-acetyl-4-amino-1-[(2R,3S,4R,5R)-3,4-dihydroxy-5 (hydroxymethyl)oxolan-2-yl] pyrimidin-2-one",OC[C@H]1O[C@H]([C@H]([C@H]1O)O)n1ccc(nc1=O)NC(=O)C,CC(=O)Nc1ccn([C@@H]2O[C@H](CO)[C@H](O)[C@@H]2O)c(=O)n1,-6.88900000,-7.39478875,-0.50578875,0.50578875
149,Dimethylethylamine,CCN(C)C,CCN(C)C,-6.07900000,-6.01443385,0.06456615,0.06456615
156,Ephedrine,CN[C@H]([C@@H](c1ccccc1)O)C,CN[C@@H](C)[C@H](O)c1ccccc1,-5.77800000,-6.11451864,-0.33651864,0.33651864
157,Estradiol,Oc1ccc2c(c1)CC[C@@H]1[C@@H]2CC[C@]2([C@H]1CC[C@@H]2O)C,C[C@]12CC[C@@H]3c4ccc(O)cc4CC[C@H]3[C@@H]1CC[C@@H]2O,-5.82900000,-6.14473631,-0.31573631,0.31573631
158,Fentanyl,CCC(=O)N(c1ccccc1)C1CCN(CC1)CCc1ccccc1,CCC(=O)N(c1ccccc1)C1CCN(CCc2ccccc2)CC1,-5.55600000,-5.53504253,0.02095747,0.02095747
163,Ephedrine,CN[C@H]([C@@H](c1ccccc1)O)C,CN[C@@H](C)[C@H](O)c1ccccc1,-5.77800000,-6.11451864,-0.33651864,0.33651864
164,Ephedrine,CN[C@H]([C@@H](c1ccccc1)O)C,CN[C@@H](C)[C@H](O)c1ccccc1,-5.77800000,-6.11451864,-0.33651864,0.33651864
165,Ephedrine,CN[C@H]([C@@H](c1ccccc1)O)C,CN[C@@H](C)[C@H](O)c1ccccc1,-6.32600000,-6.11451864,0.21148136,0.21148136
169,Benzene,c1ccccc1,c1ccccc1,-4.35200000,-4.46560085,-0.11360085,0.11360085
170,1-Butanol,CCCCO,CCCCO,-6.21400000,-6.01274300,0.20125700,0.20125700
173,Estradiol,Oc1ccc2c(c1)CC[C@@H]1[C@@H]2CC[C@]2([C@H]1CC[C@@H]2O)C,C[C@]12CC[C@@H]3c4ccc(O)cc4CC[C@H]3[C@@H]1CC[C@@H]2O,-6.05100000,-6.19984467,-0.14884467,0.14884467
174,Progesterone,O=C1CC[C@]2(C(=C1)CC[C@@H]1[C@@H]2CC[C@]2([C@H]1CC[C@@H]2C(=O)C)C)C,CC(=O)[C@H]1CC[C@H]2[C@@H]3CCC4=CC(=O)CC[C@]4(C)[C@H]3CC[C@]12C,-5.44200000,-5.31114393,0.13085607,0.13085607
175,Testosterone,O=C1CC[C@]2(C(=C1)CC[C@@H]1[C@@H]2CC[C@]2([C@H]1CC[C@@H]2O)C)C,C[C@]12CC[C@H]3[C@@H](CCC4=CC(=O)CC[C@@]43C)[C@@H]1CC[C@@H]2O,-6.21400000,-5.80451967,0.40948033,0.40948033
176,Aldosterone,OCC(=O)[C@H]1CC[C@@H]2[C@]1(C=O)C[C@H](O)[C@H]1[C@H]2CCC2=CC(=O)CC[C@]12C,C[C@]12CCC(=O)C=C1CC[C@@H]1[C@@H]2[C@@H](O)C[C@]2(C=O)[C@@H](C(=O)CO)CC[C@@H]12,-7.85700000,-7.80727927,0.04972073,0.04972073
177,1-Butanol,CCCCO,CCCCO,-6.21400000,-6.01398901,0.20001099,0.20001099
179,Estradiol,Oc1ccc2c(c1)CC[C@@H]1[C@@H]2CC[C@]2([C@H]1CC[C@@H]2O)C,C[C@]12CC[C@@H]3c4ccc(O)cc4CC[C@H]3[C@@H]1CC[C@@H]2O,-6.07900000,-6.13116561,-0.05216561,0.05216561
183,Aldosterone,OCC(=O)[C@H]1CC[C@@H]2[C@]1(C=O)C[C@H](O)[C@H]1[C@H]2CCC2=CC(=O)CC[C@]12C,C[C@]12CCC(=O)C=C1CC[C@@H]1[C@@H]2[C@@H](O)C[C@]2(C=O)[C@@H](C(=O)CO)CC[C@@H]12,-8.07900000,-7.80727927,0.27172073,0.27172073
185,1-Decanol,CCCCCCCCCCO,CCCCCCCCCCO,-4.60200000,-5.00033744,-0.39833744,0.39833744
186,Estradiol,Oc1ccc2c(c1)CC[C@@H]1[C@@H]2CC[C@]2([C@H]1CC[C@@H]2O)C,C[C@]12CC[C@@H]3c4ccc(O)cc4CC[C@H]3[C@@H]1CC[C@@H]2O,-6.07900000,-6.13116561,-0.05216561,0.05216561
187,Lidocaine,CCN(CC(=O)Nc1c(C)cccc1C)CC,CCN(CC)CC(=O)Nc1c(C)cccc1C,-6.07900000,-5.97804410,0.10095590,0.10095590
188,Naphthol,Oc1cccc2c1cccc2,Oc1cccc2ccccc12,-5.14100000,-5.05552418,0.08547582,0.08547582
189,1-Octanol,CCCCCCCCO,CCCCCCCCO,-4.71100000,-4.77331491,-0.06231491,0.06231491
190,Progesterone,O=C1CC[C@]2(C(=C1)CC[C@@H]1[C@@H]2CC[C@]2([C@H]1CC[C@@H]2C(=O)C)C)C,CC(=O)[C@H]1CC[C@H]2[C@@H]3CCC4=CC(=O)CC[C@]4(C)[C@H]3CC[C@]12C,-5.25500000,-5.33979087,-0.08479087,0.08479087
191,Testosterone,O=C1CC[C@]2(C(=C1)CC[C@@H]1[C@@H]2CC[C@]2([C@H]1CC[C@@H]2O)C)C,C[C@]12CC[C@H]3[C@@H](CCC4=CC(=O)CC[C@@]43C)[C@@H]1CC[C@@H]2O,-6.21400000,-5.80663838,0.40736162,0.40736162
192,Bisoprolol Fumarate,OC(COc1ccc(cc1)COCCOC(C)C)CNC(C)C.OC(=O)/C=C/C(=O)O,CC(C)NCC(O)COc1ccc(COCCOC(C)C)cc1.O=C(O)/C=C/C(=O)O,-7.12500000,-6.83178362,0.29321638,0.29321638
193,Celiprolol Hydrochloride,CCN(C(=O)Nc1ccc(c(c1)C(=O)C)OCC(CNC(C)(C)C)O)CC.Cl,CCN(CC)C(=O)Nc1ccc(OCC(O)CNC(C)(C)C)c(C(C)=O)c1.Cl,-6.78500000,-6.52633177,0.25866823,0.25866823
194,Atenolol,OC(COc1ccc(cc1)CC(=O)N)CNC(C)C,CC(C)NCC(O)COc1ccc(CC(N)=O)cc1,-7.85700000,-7.49524877,0.36175123,0.36175123
195,Metoprolol,COCCc1ccc(cc1)OCC(CNC(C)C)O,COCCc1ccc(OCC(O)CNC(C)C)cc1,-6.63700000,-6.43350328,0.20349672,0.20349672
196,Oxprenolol,C=CCOc1ccccc1OCC(CNC(C)C)O,C=CCOc1ccccc1OCC(O)CNC(C)C,-6.36900000,-6.70364383,-0.33464383,0.33464383
197,Propranolol,OC(COc1cccc2c1cccc2)CNC(C)C,CC(C)NCC(O)COc1cccc2ccccc12,-6.30600000,-6.39829610,-0.09229610,0.09229610
198,Mannitol,OC[C@H]([C@H]([C@@H]([C@@H](CO)O)O)O)O,OC[C@@H](O)[C@@H](O)[C@H](O)[C@H](O)CO,-7.81000000,-7.90869463,-0.09869463,0.09869463
199,Raffinose,OC[C@H]1O[C@@]([C@H]([C@@H]1O)O)(CO)O[C@H]1O[C@H](CO[C@H]2O[C@H](CO)[C@@H]([C@@H]([C@H]2O)O)O)[C@H]([C@@H]([C@H]1O)O)O,OC[C@H]1O[C@H](OC[C@H]2O[C@H](O[C@]3(CO)O[C@H](CO)[C@@H](O)[C@@H]3O)[C@H](O)[C@@H](O)[C@@H]2O)[C@H](O)[C@@H](O)[C@H]1O,-8.20800000,-8.11823468,0.08976532,0.08976532
200,Sucrose,OC[C@H]1O[C@@]([C@H]([C@@H]1O)O)(CO)O[C@H]1O[C@H](CO)[C@H]([C@@H]([C@H]1O)O)O,OC[C@H]1O[C@@](CO)(O[C@H]2O[C@H](CO)[C@@H](O)[C@H](O)[C@H]2O)[C@@H](O)[C@@H]1O,-8.07500000,-7.94370711,0.13129289,0.13129289
201,Urea,NC(=O)N,NC(N)=O,-7.31700000,-7.28080864,0.03619136,0.03619136
202,Nicotine,CN1CCCC1c1cccnc1,CN1CCCC1c1cccnc1,-5.54600000,-5.92597675,-0.37997675,0.37997675
204,Testosterone,O=C1CC[C@]2(C(=C1)CC[C@@H]1[C@@H]2CC[C@]2([C@H]1CC[C@@H]2O)C)C,C[C@]12CC[C@H]3[C@@H](CCC4=CC(=O)CC[C@@]43C)[C@@H]1CC[C@@H]2O,-5.85600000,-5.80710966,0.04889034,0.04889034
205,"2,4,6-Trichlorophenol",Clc1cc(Cl)c(c(c1)Cl)O,Oc1c(Cl)cc(Cl)cc1Cl,-4.78300000,-4.81442774,-0.03142774,0.03142774
206,"2,4-Dichlorophenol",Clc1ccc(c(c1)Cl)O,Oc1ccc(Cl)cc1Cl,-4.77800000,-4.73624802,0.04175198,0.04175198
207,o-Chlorophenol,Oc1ccccc1Cl,Oc1ccccc1Cl,-5.03700000,-5.04481156,-0.00781156,0.00781156
208,o-Cresol,Cc1ccccc1O,Cc1ccccc1O,-5.36000000,-5.31846782,0.04153218,0.04153218
209,"3,4-Xylenol",Oc1ccc(c(c1)C)C,Cc1ccc(O)cc1C,-5.00000000,-5.02427318,-0.02427318,0.02427318
210,m-Cresol,Cc1cccc(c1)O,Cc1cccc(O)c1,-5.37300000,-5.30547310,0.06752690,0.06752690
211,m-Nitrophenol,Oc1cccc(c1)[N+](=O)[O-],O=[N+]([O-])c1cccc(O)c1,-5.80500000,-5.81051269,-0.00551269,0.00551269
212,p-Bromophenol,Oc1ccc(cc1)Br,Oc1ccc(Br)cc1,-4.99900000,-5.02075018,-0.02175018,0.02175018
213,p-Chlorophenol,Oc1ccc(cc1)Cl,Oc1ccc(Cl)cc1,-4.99600000,-5.03977695,-0.04377695,0.04377695
214,p-Cresol,Cc1ccc(cc1)O,Cc1ccc(O)cc1,-5.31300000,-5.29555244,0.01744756,0.01744756
215,p-Ethylphenol,CCc1ccc(cc1)O,CCc1ccc(O)cc1,-5.01400000,-5.00086314,0.01313686,0.01313686
216,p-Nitrophenol,Oc1ccc(cc1)[N+](=O)[O-],O=[N+]([O-])c1ccc(O)cc1,-5.81000000,-5.79083497,0.01916503,0.01916503
217,2-Naphthol,Oc1ccc2c(c1)cccc2,Oc1ccc2ccccc2c1,-5.11100000,-4.95599221,0.15500779,0.15500779
218,Chlorocresol,Cc1c(O)cccc1Cl,Cc1c(O)cccc1Cl,-4.81600000,-4.97435698,-0.15835698,0.15835698
219,Chloroxylenol,Cc1ccc(c(c1C)O)Cl,Cc1ccc(Cl)c(O)c1C,-4.78500000,-4.83096961,-0.04596961,0.04596961
220,Methyl 4-hydroxybenzoate,COC(=O)c1ccc(cc1)O,COC(=O)c1ccc(O)cc1,-5.59600000,-5.47406215,0.12193785,0.12193785
221,Phenol,Oc1ccccc1,Oc1ccccc1,-5.61400000,-5.97747237,-0.36347237,0.36347237
223,Thymol,Cc1ccc(c(c1)O)C(C)C,Cc1ccc(C(C)C)c(O)c1,-4.83400000,-4.78141409,0.05258591,0.05258591
224,4-Cyanophenol,N#Cc1ccc(cc1)O,N#Cc1ccc(O)cc1,-5.73100000,-5.85999816,-0.12899816,0.12899816
225,Methyl 4-hydroxybenzoate,COC(=O)c1ccc(cc1)O,COC(=O)c1ccc(O)cc1,-5.63400000,-5.41781536,0.21618464,0.21618464
227,Fentanyl,CCC(=O)N(c1ccccc1)C1CCN(CC1)CCc1ccccc1,CCC(=O)N(c1ccccc1)C1CCN(CCc2ccccc2)CC1,-5.80800000,-5.53429413,0.27370587,0.27370587
229,Meperidine,CCOC(=O)C1(CCN(CC1)C)c1ccccc1,CCOC(=O)C1(c2ccccc2)CCN(C)CC1,-5.98800000,-5.45846873,0.52953127,0.52953127
231,Sufentanil,COCC1(CCN(CC1)CCc1cccs1)N(c1ccccc1)C(=O)CC,CCC(=O)N(c1ccccc1)C1(COC)CCN(CCc2cccs2)CC1,-5.47700000,-5.41657311,0.06042689,0.06042689
232,Fentanyl,CCC(=O)N(c1ccccc1)C1CCN(CC1)CCc1ccccc1,CCC(=O)N(c1ccccc1)C1CCN(CCc2ccccc2)CC1,-5.50300000,-5.53429413,-0.03129413,0.03129413
233,Sufentanil,COCC1(CCN(CC1)CCc1cccs1)N(c1ccccc1)C(=O)CC,CCC(=O)N(c1ccccc1)C1(COC)CCN(CCc2cccs2)CC1,-5.37400000,-5.41657311,-0.04257311,0.04257311
234,Butyl p-aminobenzoate,CCCCOC(=O)c1ccc(cc1)N,CCCCOC(=O)c1ccc(N)cc1,-4.60700000,-5.16240765,-0.55540765,0.55540765
235,Ethyl p-aminobenzoate,CCOC(=O)c1ccc(cc1)N,CCOC(=O)c1ccc(N)cc1,-5.25500000,-5.54369431,-0.28869431,0.28869431
238,Ketorolac,OC(=O)C1CCn2c1ccc2C(=O)c1ccccc1,O=C(c1ccccc1)c1ccc2n1CCC2C(=O)O,-5.79900000,-6.08064170,-0.28164170,0.28164170
239,1-Butanol,CCCCO,CCCCO,-6.15800000,-6.01398901,0.14401099,0.14401099
240,Ethanol,CCO,CCO,-6.55600000,-6.48928270,0.06671730,0.06671730
241,1-Heptanol,CCCCCCCO,CCCCCCCO,-5.05100000,-5.01109909,0.03990091,0.03990091
242,1-Hexanol,CCCCCCO,CCCCCCO,-5.44200000,-5.23634403,0.20565597,0.20565597
243,Methanol,CO,CO,-6.55600000,-6.65598001,-0.09998001,0.09998001
244,1-Octanol,CCCCCCCCO,CCCCCCCCO,-4.84000000,-4.77331491,0.06668509,0.06668509
245,1-Pentanol,CCCCCO,CCCCCO,-5.77800000,-5.76832034,0.00967966,0.00967966
246,1-Propanol,CCCO,CCCO,-6.41000000,-6.39907082,0.01092918,0.01092918
247,"2,3-Butanediol",CC(C(O)C)O,CC(O)C(C)O,-7.85700000,-7.65646815,0.20053185,0.20053185
248,Butan-2-one,CCC(=O)C,CCC(C)=O,-5.90300000,-6.30954752,-0.40654752,0.40654752
250,Diethyl ether,CCOCC,CCOCC,-5.32500000,-5.48458713,-0.15958713,0.15958713
251,1-Butanol,CCCCO,CCCCO,-6.07900000,-6.01814219,0.06085781,0.06085781
252,1-Heptanol,CCCCCCCO,CCCCCCCO,-4.98100000,-5.01449223,-0.03349223,0.03349223
253,1-Propanol,CCCO,CCCO,-6.32600000,-6.41218168,-0.08618168,0.08618168
256,Cortexone,OCC(=O)[C@H]1CC[C@@H]2[C@]1(C)CC[C@H]1[C@H]2CCC2=CC(=O)CC[C@]12C,C[C@]12CC[C@H]3[C@@H](CCC4=CC(=O)CC[C@@]43C)[C@@H]1CC[C@@H]2C(=O)CO,-6.90300000,-6.77881009,0.12418991,0.12418991
260,Estriol,Oc1ccc2c(c1)CC[C@@H]1[C@@H]2CC[C@]2([C@H]1C[C@H]([C@@H]2O)O)C,C[C@]12CC[C@@H]3c4ccc(O)cc4CC[C@H]3[C@@H]1C[C@@H](O)[C@@H]2O,-7.95400000,-7.67985281,0.27414719,0.27414719
261,Estrone,Oc1ccc2c(c1)CC[C@@H]1[C@@H]2CC[C@]2([C@H]1CCC2=O)C,C[C@]12CC[C@@H]3c4ccc(O)cc4CC[C@H]3[C@@H]1CCC2=O,-6.00000000,-5.97479652,0.02520348,0.02520348
263,Hydroxypregnenolone,CC(=O)[C@H]1CC[C@@H]2[C@]1(C)CC[C@H]1[C@H]2CC=C2[C@]1(C)CCC(C2)(O)O,CC(=O)[C@H]1CC[C@H]2[C@@H]3CC=C4CC(O)(O)CC[C@]4(C)[C@H]3CC[C@]12C,-6.77800000,-6.63749975,0.14050025,0.14050025
264,17-Hydroxyprogesterone,O=C1CC[C@]2(C(=C1)CC[C@@H]1[C@@H]2CC[C@]2([C@H]1CC[C@]2(O)C(=O)C)C)C,CC(=O)[C@@]1(O)CC[C@H]2[C@@H]3CCC4=CC(=O)CC[C@]4(C)[C@H]3CC[C@@]21C,-6.77800000,-6.70972035,0.06827965,0.06827965
265,Pregnenolone,O[C@H]1CC[C@]2(C(=CC[C@@H]3[C@@H]2CC[C@]2([C@H]3CC[C@@H]2C(=O)C)C)C1)C,CC(=O)[C@H]1CC[C@H]2[C@@H]3CC=C4C[C@@H](O)CC[C@]4(C)[C@H]3CC[C@]12C,-6.38000000,-6.27630935,0.10369065,0.10369065
276,1-Butanol,CCCCO,CCCCO,-6.15800000,-6.01274300,0.14525700,0.14525700
278,1-Decanol,CCCCCCCCCCO,CCCCCCCCCCO,-4.65300000,-4.98031753,-0.32731753,0.32731753
279,Ethanol,CCO,CCO,-6.69900000,-6.49875186,0.20024814,0.20024814
280,Ethanol,CCO,CCO,-6.65300000,-6.49875186,0.15424814,0.15424814
281,1-Heptanol,CCCCCCCO,CCCCCCCO,-5.05100000,-5.00228281,0.04871719,0.04871719
283,1-Hexanol,CCCCCCO,CCCCCCO,-5.44200000,-5.23503397,0.20696603,0.20696603
286,Methanol,CO,CO,-6.85700000,-6.66935201,0.18764799,0.18764799
287,1-Nonanol,CCCCCCCCCO,CCCCCCCCCO,-4.77800000,-4.81017558,-0.03217558,0.03217558
289,1-Octanol,CCCCCCCCO,CCCCCCCCO,-4.84000000,-4.76203114,0.07796886,0.07796886
291,1-Pentanol,CCCCCO,CCCCCO,-5.77800000,-5.72828051,0.04971949,0.04971949
293,1-Propanol,CCCO,CCCO,-6.47700000,-6.40767196,0.06932804,0.06932804
295,Betamethasone-17-valerate,CCCCC(=O)OC1(C(C)CC2C1(C)CC(O)C1(C2CCC2=CC(=O)C=CC12C)F)C(=O)CO,CCCCC(=O)OC1(C(=O)CO)C(C)CC2C3CCC4=CC(=O)C=CC4(C)C3(F)C(O)CC21C,-6.49600000,-6.46852367,0.02747633,0.02747633
298,Prednisolone,OCC(=O)[C@@]1(O)CC[C@@H]2[C@]1(C)C[C@H](O)[C@H]1[C@H]2CCC2=CC(=O)C=C[C@]12C,C[C@]12C=CC(=O)C=C1CC[C@@H]1[C@@H]2[C@@H](O)C[C@@]2(C)[C@H]1CC[C@]2(O)C(=O)CO,-7.90600000,-7.81432268,0.09167732,0.09167732
300,Triamcinolone,OCC(=O)[C@@]1(O)[C@H](O)C[C@@H]2[C@]1(C)C[C@H](O)[C@]1([C@H]2CCC2=CC(=O)C=C[C@]12C)F,C[C@]12C=CC(=O)C=C1CC[C@H]1[C@@H]3C[C@@H](O)[C@](O)(C(=O)CO)[C@@]3(C)C[C@H](O)[C@@]12F,-8.95600000,-8.74333899,0.21266101,0.21266101
303,Flurbiprofen glucoside,OC1O[C@H](COC(=O)C(c2ccc(c(c2)F)c2ccccc2)C)[C@H]([C@@H]([C@H]1O)O)O,CC(C(=O)OC[C@H]1OC(O)[C@H](O)[C@@H](O)[C@@H]1O)c1ccc(-c2ccccc2)c(F)c1,-6.47700000,-6.85693067,-0.37993067,0.37993067
304,Flurbiprofen mannoside,OC1O[C@H](COC(=O)C(c2ccc(c(c2)F)c2ccccc2)C)[C@H]([C@@H]([C@@H]1O)O)O,CC(C(=O)OC[C@H]1OC(O)[C@@H](O)[C@@H](O)[C@@H]1O)c1ccc(-c2ccccc2)c(F)c1,-6.93500000,-6.85693067,0.07806933,0.07806933
305,Ibuprofen,CC(Cc1ccc(cc1)C(C(=O)O)C)C,CC(C)Cc1ccc(C(C)C(=O)O)cc1,-5.50300000,-5.76628341,-0.26328341,0.26328341
306,Ibuprofen glucoside,CC(Cc1ccc(cc1)C(C(=O)OC[C@H]1OC(O)[C@@H]([C@H]([C@@H]1O)O)O)C)C,CC(C)Cc1ccc(C(C)C(=O)OC[C@H]2OC(O)[C@H](O)[C@@H](O)[C@@H]2O)cc1,-6.94500000,-6.94820868,-0.00320868,0.00320868
307,Ibuprofen mannoside,CC(Cc1ccc(cc1)C(C(=O)OC[C@H]1OC(O)[C@H]([C@H]([C@@H]1O)O)O)C)C,CC(C)Cc1ccc(C(C)C(=O)OC[C@H]2OC(O)[C@@H](O)[C@@H](O)[C@@H]2O)cc1,-6.54800000,-6.94820868,-0.40020868,0.40020868
308,Ketoprofen,OC(=O)C(c1cccc(c1)C(=O)c1ccccc1)C,CC(C(=O)O)c1cccc(C(=O)c2ccccc2)c1,-6.15100000,-6.20387667,-0.05287667,0.05287667
314,Aspartic acid,OC(=O)CC(C(=O)O)N,NC(CC(=O)O)C(=O)O,-7.43200000,-7.47370913,-0.04170913,0.04170913
315,Aspartic acid,OC(=O)CC(C(=O)O)N,NC(CC(=O)O)C(=O)O,-7.58500000,-7.47370913,0.11129087,0.11129087
317,Histidine,N[C@H](C(=O)O)Cc1c[nH]cn1,N[C@@H](Cc1c[nH]cn1)C(=O)O,-7.81200000,-7.27164346,0.54035654,0.54035654
319,Lysine,NCCCC[C@@H](C(=O)O)N,NCCCC[C@H](N)C(=O)O,-7.32800000,-7.23648032,0.09151968,0.09151968
320,Lysine,NCCCC[C@@H](C(=O)O)N,NCCCC[C@H](N)C(=O)O,-6.86000000,-7.23648032,-0.37648032,0.37648032
328,Levosimendan,N#CC(=NNc1ccc(cc1)C1=NNC(=O)C[C@H]1C)C#N,C[C@@H]1CC(=O)NN=C1c1ccc(NN=C(C#N)C#N)cc1,-6.48400000,-6.42217912,0.06182088,0.06182088
332,Ethylene glycol mono isopropyl ether,OCCOC(C)C,CC(C)OCCO,-6.91300000,-6.35371789,0.55928211,0.55928211
333,Ethylene glycol mono methyl ether acetate,COCCOC(=O)C,COCCOC(C)=O,-6.29900000,-6.00606821,0.29293179,0.29293179
334,2-Propoxyethanol,CCCOCCO,CCCOCCO,-6.54300000,-6.13233089,0.41066911,0.41066911
340,Acyclovir,Nc1nc(=O)c2c([nH]1)n(COCCO)cn2,Nc1nc(=O)c2ncn(COCCO)c2[nH]1,-7.07900000,-6.86572686,0.21327314,0.21327314
341,1-Methoxy-2-Propanol,COCC(O)C,COCC(C)O,-6.39700000,-6.38222516,0.01477484,0.01477484
342,2-Butoxyethanol,CCCCOCCO,CCCCOCCO,-5.26800000,-5.81366649,-0.54566649,0.54566649
346,"1,1,1-Trichloropropanone",CC(=O)C(Cl)(Cl)Cl,CC(=O)C(Cl)(Cl)Cl,-5.17600000,-5.73146303,-0.55546303,0.55546303
348,Bromoacetic acid,OC(=O)CBr,O=C(O)CBr,-6.41000000,-6.13801583,0.27198417,0.27198417
349,Bromochloroacetic acid,OC(=O)C(Br)Cl,O=C(O)C(Cl)Br,-6.35200000,-6.25111841,0.10088159,0.10088159
352,Chloroacetic acid,OC(=O)CCl,O=C(O)CCl,-6.51500000,-6.20071463,0.31428537,0.31428537
355,Dibromoacetic acid,BrC(C(=O)O)Br,O=C(O)C(Br)Br,-6.14100000,-6.25765923,-0.11665923,0.11665923
356,Dichloroacetic acid,ClC(C(=O)O)Cl,O=C(O)C(Cl)Cl,-6.27800000,-6.29493843,-0.01693843,0.01693843
357,Trichloroacetic acid,OC(=O)C(Cl)(Cl)Cl,O=C(O)C(Cl)(Cl)Cl,-6.27800000,-6.26055189,0.01744811,0.01744811
358,2-Naphthol,Oc1ccc2c(c1)cccc2,Oc1ccc2ccccc2c1,-4.75700000,-4.93985335,-0.18285335,0.18285335
359,4-Propoxyphenol,CCCOc1ccc(cc1)O,CCCOc1ccc(O)cc1,-5.38000000,-5.32555896,0.05444104,0.05444104
360,Carvacrol,CC(c1ccc(c(c1)O)C)C,Cc1ccc(C(C)C)cc1O,-4.81000000,-4.80834202,0.00165798,0.00165798
361,Chlorocresol,Cc1c(O)cccc1Cl,Cc1c(O)cccc1Cl,-5.00000000,-4.96022717,0.03977283,0.03977283
362,Chloroxylenol,Cc1ccc(c(c1C)O)Cl,Cc1ccc(Cl)c(O)c1C,-4.65100000,-4.83045900,-0.17945900,0.17945900
363,Methyl 4-hydroxybenzoate,COC(=O)c1ccc(cc1)O,COC(=O)c1ccc(O)cc1,-5.63200000,-5.41781536,0.21418464,0.21418464
364,Methyl salicylate,COC(=O)c1ccccc1O,COC(=O)c1ccccc1O,-5.00000000,-5.06829099,-0.06829099,0.06829099
365,o-t-Butylphenol,Oc1ccccc1C(C)(C)C,CC(C)(C)c1ccccc1O,-4.68500000,-4.73600120,-0.05100120,0.05100120
366,p-n-Butylphenol,CCCCc1ccc(cc1)O,CCCCc1ccc(O)cc1,-4.67100000,-4.74188980,-0.07088980,0.07088980
367,Thymol,Cc1ccc(c(c1)O)C(C)C,Cc1ccc(C(C)C)c(O)c1,-4.77000000,-4.77715851,-0.00715851,0.00715851
369,1-Hexanol,CCCCCCO,CCCCCCO,-4.85900000,-5.23638903,-0.37738903,0.37738903
370,Water,O,O,-6.41000000,-6.32422068,0.08577932,0.08577932
371,1-Hexanol,CCCCCCO,CCCCCCO,-5.11400000,-5.23638903,-0.12238903,0.12238903
379,Caffeine,Cn1cnc2c1c(=O)n(C)c(=O)n2C,Cn1c(=O)c2c(ncn2C)n(C)c1=O,-6.82800000,-6.88588017,-0.05788017,0.05788017
380,Testosterone,O=C1CC[C@]2(C(=C1)CC[C@@H]1[C@@H]2CC[C@]2([C@H]1CC[C@@H]2O)C)C,C[C@]12CC[C@H]3[C@@H](CCC4=CC(=O)CC[C@@]43C)[C@@H]1CC[C@@H]2O,-5.73000000,-5.80710966,-0.07710966,0.07710966
381,Water,O,O,-6.59700000,-6.32014077,0.27685923,0.27685923
382,Water,O,O,-6.70700000,-6.32014077,0.38685923,0.38685923
383,Mannitol,OC[C@H]([C@H]([C@@H]([C@@H](CO)O)O)O)O,OC[C@@H](O)[C@@H](O)[C@H](O)[C@H](O)CO,-8.15800000,-7.90733967,0.25066033,0.25066033
384,Mannitol,OC[C@H]([C@H]([C@@H]([C@@H](CO)O)O)O)O,OC[C@@H](O)[C@@H](O)[C@H](O)[C@H](O)CO,-7.92300000,-7.90733967,0.01566033,0.01566033
389,Lidocaine,CCN(CC(=O)Nc1c(C)cccc1C)CC,CCN(CC)CC(=O)Nc1c(C)cccc1C,-5.70700000,-5.97804410,-0.27104410,0.27104410
390,Lidocaine,CCN(CC(=O)Nc1c(C)cccc1C)CC,CCN(CC)CC(=O)Nc1c(C)cccc1C,-5.53000000,-5.97804410,-0.44804410,0.44804410
393,Water,O,O,-6.42900000,-6.32422068,0.10477932,0.10477932
394,5-Fluorouracil,Fc1c[nH]c(=O)[nH]c1=O,O=c1[nH]cc(F)c(=O)[nH]1,-8.01500000,-8.26616565,-0.25116565,0.25116565
395,2-phenoxyethanol,OCCOc1ccccc1,OCCOc1ccccc1,-6.43000000,-5.83813090,0.59186910,0.59186910
396,Hydrocortisone,OCC(=O)[C@@]1(O)CC[C@@H]2[C@]1(C)C[C@H](O)[C@H]1[C@H]2CCC2=CC(=O)CC[C@]12C,C[C@]12CCC(=O)C=C1CC[C@@H]1[C@@H]2[C@@H](O)C[C@@]2(C)[C@H]1CC[C@]2(O)C(=O)CO,-7.35700000,-7.38094557,-0.02394557,0.02394557
397,Hydrocortisone,OCC(=O)[C@@]1(O)CC[C@@H]2[C@]1(C)C[C@H](O)[C@H]1[C@H]2CCC2=CC(=O)CC[C@]12C,C[C@]12CCC(=O)C=C1CC[C@@H]1[C@@H]2[C@@H](O)C[C@@]2(C)[C@H]1CC[C@]2(O)C(=O)CO,-7.35700000,-7.38094557,-0.02394557,0.02394557
398,Hydrocortisone,OCC(=O)[C@@]1(O)CC[C@@H]2[C@]1(C)C[C@H](O)[C@H]1[C@H]2CCC2=CC(=O)CC[C@]12C,C[C@]12CCC(=O)C=C1CC[C@@H]1[C@@H]2[C@@H](O)C[C@@]2(C)[C@H]1CC[C@]2(O)C(=O)CO,-7.43100000,-7.38094557,0.05005443,0.05005443
399,Hydrocortisone,OCC(=O)[C@@]1(O)CC[C@@H]2[C@]1(C)C[C@H](O)[C@H]1[C@H]2CCC2=CC(=O)CC[C@]12C,C[C@]12CCC(=O)C=C1CC[C@@H]1[C@@H]2[C@@H](O)C[C@@]2(C)[C@H]1CC[C@]2(O)C(=O)CO,-7.68100000,-7.38094557,0.30005443,0.30005443
400,Hydrocortisone,OCC(=O)[C@@]1(O)CC[C@@H]2[C@]1(C)C[C@H](O)[C@H]1[C@H]2CCC2=CC(=O)CC[C@]12C,C[C@]12CCC(=O)C=C1CC[C@@H]1[C@@H]2[C@@H](O)C[C@@]2(C)[C@H]1CC[C@]2(O)C(=O)CO,-7.57700000,-7.38094557,0.19605443,0.19605443
401,Testosterone,O=C1CC[C@]2(C(=C1)CC[C@@H]1[C@@H]2CC[C@]2([C@H]1CC[C@@H]2O)C)C,C[C@]12CC[C@H]3[C@@H](CCC4=CC(=O)CC[C@@]43C)[C@@H]1CC[C@@H]2O,-5.48900000,-5.81728829,-0.32828829,0.32828829
402,Testosterone,O=C1CC[C@]2(C(=C1)CC[C@@H]1[C@@H]2CC[C@]2([C@H]1CC[C@@H]2O)C)C,C[C@]12CC[C@H]3[C@@H](CCC4=CC(=O)CC[C@@]43C)[C@@H]1CC[C@@H]2O,-5.47600000,-5.81728829,-0.34128829,0.34128829
403,Testosterone,O=C1CC[C@]2(C(=C1)CC[C@@H]1[C@@H]2CC[C@]2([C@H]1CC[C@@H]2O)C)C,C[C@]12CC[C@H]3[C@@H](CCC4=CC(=O)CC[C@@]43C)[C@@H]1CC[C@@H]2O,-5.48900000,-5.81728829,-0.32828829,0.32828829
404,Testosterone,O=C1CC[C@]2(C(=C1)CC[C@@H]1[C@@H]2CC[C@]2([C@H]1CC[C@@H]2O)C)C,C[C@]12CC[C@H]3[C@@H](CCC4=CC(=O)CC[C@@]43C)[C@@H]1CC[C@@H]2O,-5.47600000,-5.81728829,-0.34128829,0.34128829
405,Testosterone,O=C1CC[C@]2(C(=C1)CC[C@@H]1[C@@H]2CC[C@]2([C@H]1CC[C@@H]2O)C)C,C[C@]12CC[C@H]3[C@@H](CCC4=CC(=O)CC[C@@]43C)[C@@H]1CC[C@@H]2O,-5.59600000,-5.81728829,-0.22128829,0.22128829
407,Boric acid,OB(O)O,OB(O)O,-7.19900000,-7.36668430,-0.16768430,0.16768430
408,Borax,[O-]B1OB2OB(OB(O1)O2)[O-].[Na+].[Na+],[Na+].[Na+].[O-]B1OB2OB([O-])OB(O1)O2,-7.32600000,-7.18483933,0.14116067,0.14116067
409,Disodium octaborate tetrahydrate,[O-]B([O-])[O-].[O-]B([O-])[O-].[O-]B([O-])[O-].[O-]B([O-])[O-].[O-]B([O-])[O-].[O-]B([O-])[O-].[O-]B([O-])[O-].[O-]B([O-])[O-].O.O.O.O.[Na+].[Na+],O.O.O.O.[Na+].[Na+].[O-]B([O-])[O-].[O-]B([O-])[O-].[O-]B([O-])[O-].[O-]B([O-])[O-].[O-]B([O-])[O-].[O-]B([O-])[O-].[O-]B([O-])[O-].[O-]B([O-])[O-],-7.65300000,-7.36131125,0.29168875,0.29168875
410,Glyphosate,OC(=O)CNCP(=O)(O)O,O=C(O)CNCP(=O)(O)O,-6.89400000,-7.48874813,-0.59474813,0.59474813
414,1-Hexanol,CCCCCCO,CCCCCCO,-4.88800000,-5.23638903,-0.34838903,0.34838903
415,Water,O,O,-6.42600000,-6.32422068,0.10177932,0.10177932
416,Ethanol,CCO,CCO,-6.35200000,-6.47937357,-0.12737357,0.12737357
417,1-Butanol,CCCCO,CCCCO,-5.81600000,-6.01727766,-0.20127766,0.20127766
419,1-Hexanol,CCCCCCO,CCCCCCO,-5.77800000,-5.22212511,0.55587489,0.55587489
424,1-Hexanol,CCCCCCO,CCCCCCO,-5.63700000,-5.22212511,0.41487489,0.41487489
426,2-Amino-4-Nitrophenol,[O-][N+](=O)c1ccc(c(c1)N)O,Nc1cc([N+](=O)[O-])ccc1O,-6.73700000,-6.55288951,0.18411049,0.18411049
429,1-Octanol,CCCCCCCCO,CCCCCCCCO,-4.83300000,-4.77331491,0.05968509,0.05968509
430,1-Octyl-2-Pyrrolidone,CCCCCCCCN1CCCC1=O,CCCCCCCCN1CCCC1=O,-4.81000000,-5.17452303,-0.36452303,0.36452303
432,Amphetamine,CC(Cc1ccccc1)N,CC(N)Cc1ccccc1,-4.59200000,-5.12222833,-0.53022833,0.53022833
435,Flufenamic acid,OC(=O)c1ccccc1Nc1cccc(c1)C(F)(F)F,O=C(O)c1ccccc1Nc1cccc(C(F)(F)F)c1,-6.20100000,-6.21140167,-0.01040167,0.01040167
436,Flufenamic acid,OC(=O)c1ccccc1Nc1cccc(c1)C(F)(F)F,O=C(O)c1ccccc1Nc1cccc(C(F)(F)F)c1,-6.09400000,-6.21140167,-0.11740167,0.11740167
437,Flufenamic acid,OC(=O)c1ccccc1Nc1cccc(c1)C(F)(F)F,O=C(O)c1ccccc1Nc1cccc(C(F)(F)F)c1,-6.11100000,-6.21140167,-0.10040167,0.10040167
442,1-Butanol,CCCCO,CCCCO,-6.55600000,-6.01274300,0.54325700,0.54325700
446,1-Heptanol,CCCCCCCO,CCCCCCCO,-5.15800000,-5.00228281,0.15571719,0.15571719
448,1-Hexanol,CCCCCCO,CCCCCCO,-5.25500000,-5.23503397,0.01996603,0.01996603
452,1-Octanol,CCCCCCCCO,CCCCCCCCO,-5.14100000,-4.76203114,0.37896886,0.37896886
454,1-Pentanol,CCCCCO,CCCCCO,-5.17600000,-5.72828051,-0.55228051,0.55228051
457,1-Propanol,CCCO,CCCO,-6.30100000,-6.40767196,-0.10667196,0.10667196
460,Fentanyl,CCC(=O)N(c1ccccc1)C1CCN(CC1)CCc1ccccc1,CCC(=O)N(c1ccccc1)C1CCN(CCc2ccccc2)CC1,-5.84900000,-5.53429413,0.31470587,0.31470587
461,Fentanyl,CCC(=O)N(c1ccccc1)C1CCN(CC1)CCc1ccccc1,CCC(=O)N(c1ccccc1)C1CCN(CCc2ccccc2)CC1,-5.70500000,-5.53429413,0.17070587,0.17070587
462,Fentanyl,CCC(=O)N(c1ccccc1)C1CCN(CC1)CCc1ccccc1,CCC(=O)N(c1ccccc1)C1CCN(CCc2ccccc2)CC1,-5.45200000,-5.53429413,-0.08229413,0.08229413
463,Fentanyl,CCC(=O)N(c1ccccc1)C1CCN(CC1)CCc1ccccc1,CCC(=O)N(c1ccccc1)C1CCN(CCc2ccccc2)CC1,-5.20600000,-5.53429413,-0.32829413,0.32829413
464,Fentanyl,CCC(=O)N(c1ccccc1)C1CCN(CC1)CCc1ccccc1,CCC(=O)N(c1ccccc1)C1CCN(CCc2ccccc2)CC1,-5.11500000,-5.53429413,-0.41929413,0.41929413
465,Fentanyl,CCC(=O)N(c1ccccc1)C1CCN(CC1)CCc1ccccc1,CCC(=O)N(c1ccccc1)C1CCN(CCc2ccccc2)CC1,-5.01300000,-5.53429413,-0.52129413,0.52129413
466,Fentanyl,CCC(=O)N(c1ccccc1)C1CCN(CC1)CCc1ccccc1,CCC(=O)N(c1ccccc1)C1CCN(CCc2ccccc2)CC1,-5.03900000,-5.53429413,-0.49529413,0.49529413
469,Sufentanil,COCC1(CCN(CC1)CCc1cccs1)N(c1ccccc1)C(=O)CC,CCC(=O)N(c1ccccc1)C1(COC)CCN(CCc2cccs2)CC1,-5.76400000,-5.41657311,0.34742689,0.34742689
470,Sufentanil,COCC1(CCN(CC1)CCc1cccs1)N(c1ccccc1)C(=O)CC,CCC(=O)N(c1ccccc1)C1(COC)CCN(CCc2cccs2)CC1,-5.55200000,-5.41657311,0.13542689,0.13542689
471,Sufentanil,COCC1(CCN(CC1)CCc1cccs1)N(c1ccccc1)C(=O)CC,CCC(=O)N(c1ccccc1)C1(COC)CCN(CCc2cccs2)CC1,-5.36000000,-5.41657311,-0.05657311,0.05657311
472,Sufentanil,COCC1(CCN(CC1)CCc1cccs1)N(c1ccccc1)C(=O)CC,CCC(=O)N(c1ccccc1)C1(COC)CCN(CCc2cccs2)CC1,-5.19300000,-5.41657311,-0.22357311,0.22357311
473,Sufentanil,COCC1(CCN(CC1)CCc1cccs1)N(c1ccccc1)C(=O)CC,CCC(=O)N(c1ccccc1)C1(COC)CCN(CCc2cccs2)CC1,-5.08200000,-5.41657311,-0.33457311,0.33457311
474,Sufentanil,COCC1(CCN(CC1)CCc1cccs1)N(c1ccccc1)C(=O)CC,CCC(=O)N(c1ccccc1)C1(COC)CCN(CCc2cccs2)CC1,-5.01800000,-5.41657311,-0.39857311,0.39857311
475,Sufentanil,COCC1(CCN(CC1)CCc1cccs1)N(c1ccccc1)C(=O)CC,CCC(=O)N(c1ccccc1)C1(COC)CCN(CCc2cccs2)CC1,-5.02900000,-5.41657311,-0.38757311,0.38757311
476,Caffeine,Cn1cnc2c1c(=O)n(C)c(=O)n2C,Cn1c(=O)c2c(ncn2C)n(C)c1=O,-7.14500000,-6.88588017,0.25911983,0.25911983
477,Salicylic acid,OC(=O)c1ccccc1O,O=C(O)c1ccccc1O,-6.21600000,-5.87831121,0.33768879,0.33768879
482,Estradiol,Oc1ccc2c(c1)CC[C@@H]1[C@@H]2CC[C@]2([C@H]1CC[C@@H]2O)C,C[C@]12CC[C@@H]3c4ccc(O)cc4CC[C@H]3[C@@H]1CC[C@@H]2O,-6.55600000,-6.13073508,0.42526492,0.42526492
483,Estradiol,Oc1ccc2c(c1)CC[C@@H]1[C@@H]2CC[C@]2([C@H]1CC[C@@H]2O)C,C[C@]12CC[C@@H]3c4ccc(O)cc4CC[C@H]3[C@@H]1CC[C@@H]2O,-5.55600000,-6.13073508,-0.57473508,0.57473508
488,2-Methoxyethanol,COCCO,COCCO,-6.09500000,-6.26968757,-0.17468757,0.17468757
489,2-Ethoxyethanol,OCCOCC,CCOCCO,-6.63100000,-6.30159126,0.32940874,0.32940874
492,1-Methoxy-2-Propanol,COCC(O)C,COCC(C)O,-6.45900000,-6.38905518,0.06994482,0.06994482
496,Water,O,O,-6.75100000,-6.32665008,0.42434992,0.42434992
497,Ethanol,CCO,CCO,-7.05500000,-6.50424516,0.55075484,0.55075484
498,Mannitol,OC[C@H]([C@H]([C@@H]([C@@H](CO)O)O)O)O,OC[C@@H](O)[C@@H](O)[C@H](O)[C@H](O)CO,-7.77100000,-7.91321019,-0.14221019,0.14221019
504,Methanol,CO,CO,-6.35200000,-6.67116840,-0.31916840,0.31916840
505,1-Octanol,CCCCCCCCO,CCCCCCCCO,-4.77100000,-4.77624901,-0.00524901,0.00524901
506,Caffeine,Cn1cnc2c1c(=O)n(C)c(=O)n2C,Cn1c(=O)c2c(ncn2C)n(C)c1=O,-6.35200000,-6.88889269,-0.53689269,0.53689269
507,Methotrexate,OC(=O)CC[C@@H](C(=O)O)NC(=O)c1ccc(cc1)N(Cc1cnc2c(n1)c(N)nc(n2)N)C,CN(Cc1cnc2nc(N)nc(N)c2n1)c1ccc(C(=O)N[C@@H](CCC(=O)O)C(=O)O)cc1,-7.00700000,-6.95765263,0.04934737,0.04934737
508,Methotrexate,OC(=O)CC[C@@H](C(=O)O)NC(=O)c1ccc(cc1)N(Cc1cnc2c(n1)c(N)nc(n2)N)C,CN(Cc1cnc2nc(N)nc(N)c2n1)c1ccc(C(=O)N[C@@H](CCC(=O)O)C(=O)O)cc1,-7.50300000,-6.95765263,0.54534737,0.54534737
509,Methotrexate,OC(=O)CC[C@@H](C(=O)O)NC(=O)c1ccc(cc1)N(Cc1cnc2c(n1)c(N)nc(n2)N)C,CN(Cc1cnc2nc(N)nc(N)c2n1)c1ccc(C(=O)N[C@@H](CCC(=O)O)C(=O)O)cc1,-7.20900000,-6.95765263,0.25134737,0.25134737
510,Methotrexate,OC(=O)CC[C@@H](C(=O)O)NC(=O)c1ccc(cc1)N(Cc1cnc2c(n1)c(N)nc(n2)N)C,CN(Cc1cnc2nc(N)nc(N)c2n1)c1ccc(C(=O)N[C@@H](CCC(=O)O)C(=O)O)cc1,-6.61300000,-6.95765263,-0.34465263,0.34465263
511,Methotrexate,OC(=O)CC[C@@H](C(=O)O)NC(=O)c1ccc(cc1)N(Cc1cnc2c(n1)c(N)nc(n2)N)C,CN(Cc1cnc2nc(N)nc(N)c2n1)c1ccc(C(=O)N[C@@H](CCC(=O)O)C(=O)O)cc1,-6.80700000,-6.95765263,-0.15065263,0.15065263
512,Methotrexate,OC(=O)CC[C@@H](C(=O)O)NC(=O)c1ccc(cc1)N(Cc1cnc2c(n1)c(N)nc(n2)N)C,CN(Cc1cnc2nc(N)nc(N)c2n1)c1ccc(C(=O)N[C@@H](CCC(=O)O)C(=O)O)cc1,-6.50300000,-6.95765263,-0.45465263,0.45465263
513,Methotrexate,OC(=O)CC[C@@H](C(=O)O)NC(=O)c1ccc(cc1)N(Cc1cnc2c(n1)c(N)nc(n2)N)C,CN(Cc1cnc2nc(N)nc(N)c2n1)c1ccc(C(=O)N[C@@H](CCC(=O)O)C(=O)O)cc1,-6.84000000,-6.95765263,-0.11765263,0.11765263
515,2-Phenylphenol,Oc1ccccc1c1ccccc1,Oc1ccccc1-c1ccccc1,-5.29400000,-4.80700360,0.48699640,0.48699640
520,Etorphine,CCCC(C1CC23C=CC1(OC)C1C43CCN(C2Cc2c4c(O1)c(O)cc2)C)(O)C,CCCC(C)(O)C1CC23C=CC1(OC)C1Oc4c(O)ccc5c4C12CCN(C)C3C5,-6.00000000,-6.59755411,-0.59755411,0.59755411
533,Caffeine,Cn1cnc2c1c(=O)n(C)c(=O)n2C,Cn1c(=O)c2c(ncn2C)n(C)c1=O,-6.54100000,-6.88588017,-0.34488017,0.34488017
534,Caffeine,Cn1cnc2c1c(=O)n(C)c(=O)n2C,Cn1c(=O)c2c(ncn2C)n(C)c1=O,-6.91500000,-6.88588017,0.02911983,0.02911983
537,Butoxyethanol,CCCCOC(O)C,CCCCOC(C)O,-5.98200000,-5.68363333,0.29836667,0.29836667
540,Propoxur,CNC(=O)Oc1ccccc1OC(C)C,CNC(=O)Oc1ccccc1OC(C)C,-5.87800000,-5.37951518,0.49848482,0.49848482
541,Propoxur,CNC(=O)Oc1ccccc1OC(C)C,CNC(=O)Oc1ccccc1OC(C)C,-5.79700000,-5.37951518,0.41748482,0.41748482
542,Propoxur,CNC(=O)Oc1ccccc1OC(C)C,CNC(=O)Oc1ccccc1OC(C)C,-5.91200000,-5.37951518,0.53248482,0.53248482
543,"4,4'-Methylenedianiline",Nc1ccc(cc1)Cc1ccc(cc1)N,Nc1ccc(Cc2ccc(N)cc2)cc1,-6.21900000,-5.82725739,0.39174261,0.39174261
