Source_Data_Row,Compound_Name,Smiles,Canonical_SMILES,Experimental_logKp_cm_s,Predicted_logKp_StackingRegressor,Prediction_Error_StackingRegressor,Absolute_Error_StackingRegressor
2,Caffeine,Cn1cnc2c1c(=O)n(C)c(=O)n2C,Cn1c(=O)c2c(ncn2C)n(C)c1=O,-7.05300000,-7.41807923,-0.36507923,0.36507923
3,Methyl 4-hydroxybenzoate,COC(=O)c1ccc(cc1)O,COC(=O)c1ccc(O)cc1,-5.23000000,-5.35218262,-0.12218262,0.12218262
4,Fluocinonide,CC(=O)OCC(=O)[C@@]12OC(O[C@@H]1C[C@@H]1[C@]2(C)C[C@H](O)[C@]2([C@H]1C[C@@H](C1=CC(=O)C=C[C@]21C)F)F)(C)C,CC(=O)OCC(=O)[C@@]12OC(C)(C)O[C@@H]1C[C@H]1[C@@H]3C[C@H](F)C4=CC(=O)C=C[C@]4(C)[C@@]3(F)[C@@H](O)C[C@@]12C,-6.32600000,-5.83514936,0.49085064,0.49085064
5,Fluocinonide,CC(=O)OCC(=O)[C@@]12OC(O[C@@H]1C[C@@H]1[C@]2(C)C[C@H](O)[C@]2([C@H]1C[C@@H](C1=CC(=O)C=C[C@]21C)F)F)(C)C,CC(=O)OCC(=O)[C@@]12OC(C)(C)O[C@@H]1C[C@H]1[C@@H]3C[C@H](F)C4=CC(=O)C=C[C@]4(C)[C@@]3(F)[C@@H](O)C[C@@]12C,-6.32600000,-5.83514936,0.49085064,0.49085064
6,Hydrocortisone 21-Hemisuccinate,OC(=O)CCC(=O)OCC(=O)[C@@]1(O)CC[C@@H]2[C@]1(C)C[C@H](O)[C@H]1[C@H]2CCC2=CC(=O)CC[C@]12C,C[C@]12CCC(=O)C=C1CC[C@@H]1[C@@H]2[C@@H](O)C[C@@]2(C)[C@H]1CC[C@]2(O)C(=O)COC(=O)CCC(=O)O,-6.75700000,-6.84425219,-0.08725219,0.08725219
7,Hydrocortisone 21-Hemipimelate,OC(=O)CCCCCC(=O)OCC(=O)[C@@]1(O)CC[C@@H]2[C@]1(C)C[C@H](O)[C@H]1[C@H]2CCC2=CC(=O)CC[C@]12C,C[C@]12CCC(=O)C=C1CC[C@@H]1[C@@H]2[C@@H](O)C[C@@]2(C)[C@H]1CC[C@]2(O)C(=O)COC(=O)CCCCCC(=O)O,-6.30100000,-6.44207049,-0.14107049,0.14107049
8,Hydrocortisone 21-Hexanoate,CCCCCC(=O)OCC(=O)[C@@]1(O)CC[C@@H]2[C@]1(C)C[C@H](O)[C@H]1[C@H]2CCC2=CC(=O)CC[C@]12C,CCCCCC(=O)OCC(=O)[C@@]1(O)CC[C@H]2[C@@H]3CCC4=CC(=O)CC[C@]4(C)[C@H]3[C@@H](O)C[C@@]21C,-5.30100000,-5.55167757,-0.25067757,0.25067757
10,Hydrocortisone 21-methylpimelate,COC(=O)CCCCCC(=O)OCC(=O)[C@@]1(O)CC[C@@H]2[C@]1(C)C[C@H](O)[C@H]1[C@H]2CCC2=CC(=O)CC[C@]12C,COC(=O)CCCCCC(=O)OCC(=O)[C@@]1(O)CC[C@H]2[C@@H]3CCC4=CC(=O)CC[C@]4(C)[C@H]3[C@@H](O)C[C@@]21C,-5.82400000,-5.58808455,0.23591545,0.23591545
13,Hydrocortisone 21-octanoate,CCCCCCCC(=O)OCC(=O)[C@@]1(O)CC[C@@H]2[C@]1(C)C[C@H](O)[C@H]1[C@H]2CCC2=CC(=O)CC[C@]12C,CCCCCCCC(=O)OCC(=O)[C@@]1(O)CC[C@H]2[C@@H]3CCC4=CC(=O)CC[C@]4(C)[C@H]3[C@@H](O)C[C@@]21C,-4.76400000,-5.07520202,-0.31120202,0.31120202
14,Hydrocortisone 21-pimelamate,NC(=O)CCCCCC(=O)OCC(=O)[C@@]1(O)CC[C@@H]2[C@]1(C)C[C@H](O)[C@H]1[C@H]2CCC2=CC(=O)CC[C@]12C,C[C@]12CCC(=O)C=C1CC[C@@H]1[C@@H]2[C@@H](O)C[C@@]2(C)[C@H]1CC[C@]2(O)C(=O)COC(=O)CCCCCC(N)=O,-6.60700000,-6.74095978,-0.13395978,0.13395978
15,Hydrocortisone 21-propionate,CCC(=O)OCC(=O)[C@@]1(O)CC[C@@H]2[C@]1(C)C[C@H](O)[C@H]1[C@H]2CCC2=CC(=O)CC[C@]12C,CCC(=O)OCC(=O)[C@@]1(O)CC[C@H]2[C@@H]3CCC4=CC(=O)CC[C@]4(C)[C@H]3[C@@H](O)C[C@@]21C,-6.03800000,-6.08455784,-0.04655784,0.04655784
16,Hydrocortisone 21-propionate,CCC(=O)OCC(=O)[C@@]1(O)CC[C@@H]2[C@]1(C)C[C@H](O)[C@H]1[C@H]2CCC2=CC(=O)CC[C@]12C,CCC(=O)OCC(=O)[C@@]1(O)CC[C@H]2[C@@H]3CCC4=CC(=O)CC[C@]4(C)[C@H]3[C@@H](O)C[C@@]21C,-6.02500000,-6.08455784,-0.05955784,0.05955784
20,4-Hydroxybenzyl alcohol,OCc1ccc(cc1)O,OCc1ccc(O)cc1,-6.25500000,-6.16878548,0.08621452,0.08621452
21,4-Hydroxyphenylacetamide,NC(=O)Cc1ccc(cc1)O,NC(=O)Cc1ccc(O)cc1,-6.90300000,-7.10861996,-0.20561996,0.20561996
23,Methyl 4-hydroxyphenylacetate,COC(=O)Cc1ccc(cc1)O,COC(=O)Cc1ccc(O)cc1,-5.25500000,-5.47138269,-0.21638269,0.21638269
33,Bis(2-ethylhexyl)phthalate,CCCCC(COC(=O)c1ccccc1C(=O)OCC(CCCC)CC)CC,CCCCC(CC)COC(=O)c1ccccc1C(=O)OCC(CC)CCCC,-6.97900000,-7.50954656,-0.53054656,0.53054656
38,Ethanol,CCO,CCO,-7.07900000,-6.71076905,0.36823095,0.36823095
39,1-Octanol,CCCCCCCCO,CCCCCCCCO,-4.84000000,-5.11667260,-0.27667260,0.27667260
40,1-Pentanol,CCCCCO,CCCCCO,-5.77800000,-5.61009187,0.16790813,0.16790813
41,1-Propanol,CCCO,CCCO,-6.55600000,-6.18961488,0.36638512,0.36638512
43,1-Butanol,CCCCO,CCCCO,-6.07900000,-5.71674415,0.36225585,0.36225585
44,Butan-2-one,CCC(=O)C,CCC(C)=O,-5.90300000,-5.60948177,0.29351823,0.29351823
46,Diethyl ether,CCOCC,CCOCC,-5.35200000,-5.65197256,-0.29997256,0.29997256
47,Benzene,c1ccccc1,c1ccccc1,-4.51100000,-4.88284584,-0.37184584,0.37184584
49,2-Nitro-p-Phenylenediamine,Nc1ccc(c(c1)[N+](=O)[O-])N,Nc1ccc(N)c([N+](=O)[O-])c1,-6.85700000,-6.48301361,0.37398639,0.37398639
51,4-Chloro-m-Phenylenediamine,Nc1ccc(c(c1)N)Cl,Nc1ccc(Cl)c(N)c1,-6.23400000,-6.06474380,0.16925620,0.16925620
52,o-Phenylenediamine,Nc1ccccc1N,Nc1ccccc1N,-6.90300000,-6.62041324,0.28258676,0.28258676
53,p-Phenylenediamine,Nc1ccc(cc1)N,Nc1ccc(N)cc1,-7.17600000,-6.87794350,0.29805650,0.29805650
54,"2,4-Dichlorophenol",Clc1ccc(c(c1)Cl)O,Oc1ccc(Cl)cc1Cl,-5.06500000,-4.91874528,0.14625472,0.14625472
56,Benzoic acid,OC(=O)c1ccccc1,O=C(O)c1ccccc1,-5.67500000,-5.99571035,-0.32071035,0.32071035
57,Bis(2-ethylhexyl)phthalate,CCCCC(COC(=O)c1ccccc1C(=O)OCC(CCCC)CC)CC,CCCCC(CC)COC(=O)c1ccccc1C(=O)OCC(CC)CCCC,-7.65300000,-7.50954656,0.14345344,0.14345344
59,Cortisone,OCC(=O)[C@@]1(O)CC[C@@H]2[C@]1(C)CC(=O)[C@H]1[C@H]2CCC2=CC(=O)CC[C@]12C,C[C@]12CCC(=O)C=C1CC[C@@H]1[C@@H]2C(=O)C[C@@]2(C)[C@H]1CC[C@]2(O)C(=O)CO,-7.38000000,-7.57258306,-0.19258306,0.19258306
60,1-Decanol,CCCCCCCCCCO,CCCCCCCCCCO,-5.51500000,-4.96804381,0.54695619,0.54695619
61,Diazinon,CCOP(=S)(Oc1cc(C)nc(n1)C(C)C)OCC,CCOP(=S)(OCC)Oc1cc(C)nc(C(C)C)n1,-5.61700000,-5.73544070,-0.11844070,0.11844070
63,Linolenic acid,CC/C=C/C/C=C/C/C=C/CCCCCCCC(=O)O,CC/C=C/C/C=C/C/C=C/CCCCCCCC(=O)O,-5.98800000,-6.16087823,-0.17287823,0.17287823
64,Octylparaben,CCCCCCCCOC(=O)c1ccc(cc1)O,CCCCCCCCOC(=O)c1ccc(O)cc1,-5.58800000,-5.38561738,0.20238262,0.20238262
65,Oleic acid,CCCCCCCC/C=CCCCCCCCC(=O)O,CCCCCCCCC=CCCCCCCCC(=O)O,-6.44200000,-6.19095194,0.25104806,0.25104806
66,Propylparaben,CCCOC(=O)c1ccc(cc1)O,CCCOC(=O)c1ccc(O)cc1,-5.41000000,-5.25956924,0.15043076,0.15043076
67,Salicylic acid,OC(=O)c1ccccc1O,O=C(O)c1ccccc1O,-6.58800000,-6.64812758,-0.06012758,0.06012758
68,Testosterone,O=C1CC[C@]2(C(=C1)CC[C@@H]1[C@@H]2CC[C@]2([C@H]1CC[C@@H]2O)C)C,C[C@]12CC[C@H]3[C@@H](CCC4=CC(=O)CC[C@@]43C)[C@@H]1CC[C@@H]2O,-5.67000000,-5.85758422,-0.18758422,0.18758422
69,1-Butanol,CCCCO,CCCCO,-5.48100000,-5.71674415,-0.23574415,0.23574415
70,1-Hexanol,CCCCCCO,CCCCCCO,-5.28400000,-5.24574989,0.03825011,0.03825011
71,1-Hexyl-2-Pyrrolidone,CCCCCCN1CCCC1=O,CCCCCCN1CCCC1=O,-5.20800000,-5.21107662,-0.00307662,0.00307662
72,1-Octanol,CCCCCCCCO,CCCCCCCCO,-4.87000000,-4.97705834,-0.10705834,0.10705834
73,1-Octyl-2-Azacycloheptanone,CCCCCCCCN1CCCCCC1=O,CCCCCCCCN1CCCCCC1=O,-4.83600000,-5.28944247,-0.45344247,0.45344247
74,1-Octyl-2-Pyrrolidone,CCCCCCCCN1CCCC1=O,CCCCCCCCN1CCCC1=O,-4.82700000,-5.07924173,-0.25224173,0.25224173
75,1-Pentanol,CCCCCO,CCCCCO,-5.12500000,-5.47851718,-0.35351718,0.35351718
76,2-Phenylethanol,OCCc1ccccc1,OCCc1ccccc1,-5.27600000,-4.99756451,0.27843549,0.27843549
77,Carvacrol,CC(c1ccc(c(c1)O)C)C,Cc1ccc(C(C)C)cc1O,-4.84200000,-4.72968516,0.11231484,0.11231484
78,Thymol,Cc1ccc(c(c1)O)C(C)C,Cc1ccc(C(C)C)c(O)c1,-4.86000000,-4.67128079,0.18871921,0.18871921
79,Ethanol,CCO,CCO,-6.27800000,-6.52871811,-0.25071811,0.25071811
80,1-Butanol,CCCCO,CCCCO,-5.65900000,-5.67655391,-0.01755391,0.01755391
81,1-Decanol,CCCCCCCCCCO,CCCCCCCCCCO,-4.70100000,-4.92989716,-0.22889716,0.22889716
82,1-Hexanol,CCCCCCO,CCCCCCO,-5.05100000,-5.21145361,-0.16045361,0.16045361
83,1-Octanol,CCCCCCCCO,CCCCCCCCO,-4.58600000,-4.94026059,-0.35426059,0.35426059
89,Methyl nicotinate,COC(=O)c1cccnc1,COC(=O)c1cccnc1,-6.04600000,-6.35136144,-0.30536144,0.30536144
90,Methyltriglycol nicotinate,COCCOCCOCCOC(=O)c1cccnc1,COCCOCCOCCOC(=O)c1cccnc1,-7.30800000,-6.94801216,0.35998784,0.35998784
98,Methyl nicotinate,COC(=O)c1cccnc1,COC(=O)c1cccnc1,-5.96600000,-6.40551077,-0.43951077,0.43951077
99,Naproxen,COc1ccc2c(c1)ccc(c2)C(C(=O)O)C,COc1ccc2cc(C(C)C(=O)O)ccc2c1,-6.09600000,-6.19468198,-0.09868198,0.09868198
104,Ketoprofen,OC(=O)C(c1cccc(c1)C(=O)c1ccccc1)C,CC(C(=O)O)c1cccc(C(=O)c2ccccc2)c1,-6.76800000,-6.71356977,0.05443023,0.05443023
106,Nizatidine,CN/C(=C[N+](=O)[O-])/NCCSCc1csc(n1)CN(C)C,CNC(=C[N+](=O)[O-])NCCSCc1csc(CN(C)C)n1,-7.98100000,-7.97795143,0.00304857,0.00304857
107,Ranitidine,CN/C(=C[N+](=O)[O-])/NCCSCc1ccc(o1)CN(C)C,CNC(=C[N+](=O)[O-])NCCSCc1ccc(CN(C)C)o1,-7.60800000,-7.13009234,0.47790766,0.47790766
108,Theophylline,Cn1c(=O)n(C)c2c(c1=O)[nH]cn2,Cn1c(=O)c2[nH]cnc2n(C)c1=O,-7.12500000,-7.43253941,-0.30753941,0.30753941
110,Catechol,Oc1ccccc1O,Oc1ccccc1O,-6.06600000,-6.12957760,-0.06357760,0.06357760
111,Hydroquinone,Oc1ccc(cc1)O,Oc1ccc(O)cc1,-6.50600000,-6.32655295,0.17944705,0.17944705
112,Phenol,Oc1ccccc1,Oc1ccccc1,-5.58600000,-5.61008728,-0.02408728,0.02408728
114,Pyrogallol,Oc1c(O)cccc1O,Oc1cccc(O)c1O,-6.36600000,-6.47713292,-0.11113292,0.11113292
115,Resorcinol,Oc1cccc(c1)O,Oc1cccc(O)c1,-6.62600000,-6.29944511,0.32655489,0.32655489
117,Estradiol,Oc1ccc2c(c1)CC[C@@H]1[C@@H]2CC[C@]2([C@H]1CC[C@@H]2O)C,C[C@]12CC[C@@H]3c4ccc(O)cc4CC[C@H]3[C@@H]1CC[C@@H]2O,-5.96700000,-6.18549777,-0.21849777,0.21849777
118,Ouabain,OC[C@@]12[C@H](O)C[C@@H](C[C@@]2(O)CCC2C1[C@H](O)C[C@]1([C@]2(O)CC[C@@H]1C1=CC(=O)OC1)C)O[C@@H]1O[C@@H](C)[C@@H]([C@H]([C@H]1O)O)O,C[C@@H]1O[C@@H](O[C@H]2C[C@@H](O)[C@]3(CO)C4C(CC[C@]3(O)C2)[C@@]2(O)CC[C@H](C3=CC(=O)OC3)[C@@]2(C)C[C@H]4O)[C@H](O)[C@H](O)[C@H]1O,-8.95900000,-9.47780788,-0.51880788,0.51880788
119,Estradiol,Oc1ccc2c(c1)CC[C@@H]1[C@@H]2CC[C@]2([C@H]1CC[C@@H]2O)C,C[C@]12CC[C@@H]3c4ccc(O)cc4CC[C@H]3[C@@H]1CC[C@@H]2O,-6.68400000,-6.21286356,0.47113644,0.47113644
120,Estradiol,Oc1ccc2c(c1)CC[C@@H]1[C@@H]2CC[C@]2([C@H]1CC[C@@H]2O)C,C[C@]12CC[C@@H]3c4ccc(O)cc4CC[C@H]3[C@@H]1CC[C@@H]2O,-6.01800000,-6.21286356,-0.19486356,0.19486356
121,Amobarbital,CCC1(CCC(C)C)C(=O)NC(=O)NC1=O,CCC1(CCC(C)C)C(=O)NC(=O)NC1=O,-6.20100000,-6.22618765,-0.02518765,0.02518765
124,Hydrocortisone,OCC(=O)[C@@]1(O)CC[C@@H]2[C@]1(C)C[C@H](O)[C@H]1[C@H]2CCC2=CC(=O)CC[C@]12C,C[C@]12CCC(=O)C=C1CC[C@@H]1[C@@H]2[C@@H](O)C[C@@]2(C)[C@H]1CC[C@]2(O)C(=O)CO,-7.48100000,-7.53053183,-0.04953183,0.04953183
129,Flufenamic acid,OC(=O)c1ccccc1Nc1cccc(c1)C(F)(F)F,O=C(O)c1ccccc1Nc1cccc(C(F)(F)F)c1,-6.19400000,-5.73102521,0.46297479,0.46297479
133,Aldosterone,OCC(=O)[C@H]1CC[C@@H]2[C@]1(C=O)C[C@H](O)[C@H]1[C@H]2CCC2=CC(=O)CC[C@]12C,C[C@]12CCC(=O)C=C1CC[C@@H]1[C@@H]2[C@@H](O)C[C@]2(C=O)[C@@H](C(=O)CO)CC[C@@H]12,-7.79300000,-7.35569426,0.43730574,0.43730574
134,Estradiol,Oc1ccc2c(c1)CC[C@@H]1[C@@H]2CC[C@]2([C@H]1CC[C@@H]2O)C,C[C@]12CC[C@@H]3c4ccc(O)cc4CC[C@H]3[C@@H]1CC[C@@H]2O,-5.94400000,-6.18549777,-0.24149777,0.24149777
135,Hydrocortisone,OCC(=O)[C@@]1(O)CC[C@@H]2[C@]1(C)C[C@H](O)[C@H]1[C@H]2CCC2=CC(=O)CC[C@]12C,C[C@]12CCC(=O)C=C1CC[C@@H]1[C@@H]2[C@@H](O)C[C@@]2(C)[C@H]1CC[C@]2(O)C(=O)CO,-7.19500000,-7.49675386,-0.30175386,0.30175386
136,Progesterone,O=C1CC[C@]2(C(=C1)CC[C@@H]1[C@@H]2CC[C@]2([C@H]1CC[C@@H]2C(=O)C)C)C,CC(=O)[C@H]1CC[C@H]2[C@@H]3CCC4=CC(=O)CC[C@]4(C)[C@H]3CC[C@]12C,-5.07900000,-5.44923622,-0.37023622,0.37023622
138,Dexamethasone,OCC(=O)[C@@]1(O)[C@H](C)C[C@@H]2[C@]1(C)C[C@H](O)[C@]1([C@H]2CCC2=CC(=O)C=C[C@]12C)F,C[C@@H]1C[C@H]2[C@@H]3CCC4=CC(=O)C=C[C@]4(C)[C@@]3(F)[C@@H](O)C[C@]2(C)[C@@]1(O)C(=O)CO,-7.75000000,-8.12059240,-0.37059240,0.37059240
139,Estradiol,Oc1ccc2c(c1)CC[C@@H]1[C@@H]2CC[C@]2([C@H]1CC[C@@H]2O)C,C[C@]12CC[C@@H]3c4ccc(O)cc4CC[C@H]3[C@@H]1CC[C@@H]2O,-5.93700000,-6.18549777,-0.24849777,0.24849777
140,Lidocaine,CCN(CC(=O)Nc1c(C)cccc1C)CC,CCN(CC)CC(=O)Nc1c(C)cccc1C,-5.95800000,-5.88534401,0.07265599,0.07265599
141,Testosterone,O=C1CC[C@]2(C(=C1)CC[C@@H]1[C@@H]2CC[C@]2([C@H]1CC[C@@H]2O)C)C,C[C@]12CC[C@H]3[C@@H](CCC4=CC(=O)CC[C@@]43C)[C@@H]1CC[C@@H]2O,-5.82700000,-5.85758422,-0.03058422,0.03058422
142,Estradiol,Oc1ccc2c(c1)CC[C@@H]1[C@@H]2CC[C@]2([C@H]1CC[C@@H]2O)C,C[C@]12CC[C@@H]3c4ccc(O)cc4CC[C@H]3[C@@H]1CC[C@@H]2O,-5.77000000,-6.11779113,-0.34779113,0.34779113
144,L-alanyl-L-tryptophan,OC(=O)[C@H](Cc1c[nH]c2c1cccc2)NC(=O)[C@@H](N)C,C[C@H](N)C(=O)N[C@@H](Cc1c[nH]c2ccccc12)C(=O)O,-8.38000000,-8.55470542,-0.17470542,0.17470542
149,Dimethylethylamine,CCN(C)C,CCN(C)C,-6.07900000,-6.46046542,-0.38146542,0.38146542
156,Ephedrine,CN[C@H]([C@@H](c1ccccc1)O)C,CN[C@@H](C)[C@H](O)c1ccccc1,-5.77800000,-5.54366385,0.23433615,0.23433615
157,Estradiol,Oc1ccc2c(c1)CC[C@@H]1[C@@H]2CC[C@]2([C@H]1CC[C@@H]2O)C,C[C@]12CC[C@@H]3c4ccc(O)cc4CC[C@H]3[C@@H]1CC[C@@H]2O,-5.82900000,-6.21286356,-0.38386356,0.38386356
158,Fentanyl,CCC(=O)N(c1ccccc1)C1CCN(CC1)CCc1ccccc1,CCC(=O)N(c1ccccc1)C1CCN(CCc2ccccc2)CC1,-5.55600000,-5.46514561,0.09085439,0.09085439
160,Ouabain,OC[C@@]12[C@H](O)C[C@@H](C[C@@]2(O)CCC2C1[C@H](O)C[C@]1([C@]2(O)CC[C@@H]1C1=CC(=O)OC1)C)O[C@@H]1O[C@@H](C)[C@@H]([C@H]([C@H]1O)O)O,C[C@@H]1O[C@@H](O[C@H]2C[C@@H](O)[C@]3(CO)C4C(CC[C@]3(O)C2)[C@@]2(O)CC[C@H](C3=CC(=O)OC3)[C@@]2(C)C[C@H]4O)[C@H](O)[C@H](O)[C@H]1O,-9.65300000,-9.50291497,0.15008503,0.15008503
163,Ephedrine,CN[C@H]([C@@H](c1ccccc1)O)C,CN[C@@H](C)[C@H](O)c1ccccc1,-5.77800000,-5.54366385,0.23433615,0.23433615
164,Ephedrine,CN[C@H]([C@@H](c1ccccc1)O)C,CN[C@@H](C)[C@H](O)c1ccccc1,-5.77800000,-5.54366385,0.23433615,0.23433615
170,1-Butanol,CCCCO,CCCCO,-6.21400000,-5.80739221,0.40660779,0.40660779
171,Caffeine,Cn1cnc2c1c(=O)n(C)c(=O)n2C,Cn1c(=O)c2c(ncn2C)n(C)c1=O,-7.55600000,-7.50103146,0.05496854,0.05496854
173,Estradiol,Oc1ccc2c(c1)CC[C@@H]1[C@@H]2CC[C@]2([C@H]1CC[C@@H]2O)C,C[C@]12CC[C@@H]3c4ccc(O)cc4CC[C@H]3[C@@H]1CC[C@@H]2O,-6.05100000,-6.27156490,-0.22056490,0.22056490
174,Progesterone,O=C1CC[C@]2(C(=C1)CC[C@@H]1[C@@H]2CC[C@]2([C@H]1CC[C@@H]2C(=O)C)C)C,CC(=O)[C@H]1CC[C@H]2[C@@H]3CCC4=CC(=O)CC[C@]4(C)[C@H]3CC[C@]12C,-5.44200000,-5.54312615,-0.10112615,0.10112615
175,Testosterone,O=C1CC[C@]2(C(=C1)CC[C@@H]1[C@@H]2CC[C@]2([C@H]1CC[C@@H]2O)C)C,C[C@]12CC[C@H]3[C@@H](CCC4=CC(=O)CC[C@@]43C)[C@@H]1CC[C@@H]2O,-6.21400000,-5.94831988,0.26568012,0.26568012
176,Aldosterone,OCC(=O)[C@H]1CC[C@@H]2[C@]1(C=O)C[C@H](O)[C@H]1[C@H]2CCC2=CC(=O)CC[C@]12C,C[C@]12CCC(=O)C=C1CC[C@@H]1[C@@H]2[C@@H](O)C[C@]2(C=O)[C@@H](C(=O)CO)CC[C@@H]12,-7.85700000,-7.35569426,0.50130574,0.50130574
177,1-Butanol,CCCCO,CCCCO,-6.21400000,-5.71674415,0.49725585,0.49725585
179,Estradiol,Oc1ccc2c(c1)CC[C@@H]1[C@@H]2CC[C@]2([C@H]1CC[C@@H]2O)C,C[C@]12CC[C@@H]3c4ccc(O)cc4CC[C@H]3[C@@H]1CC[C@@H]2O,-6.07900000,-6.18549777,-0.10649777,0.10649777
185,1-Decanol,CCCCCCCCCCO,CCCCCCCCCCO,-4.60200000,-4.96804381,-0.36604381,0.36604381
186,Estradiol,Oc1ccc2c(c1)CC[C@@H]1[C@@H]2CC[C@]2([C@H]1CC[C@@H]2O)C,C[C@]12CC[C@@H]3c4ccc(O)cc4CC[C@H]3[C@@H]1CC[C@@H]2O,-6.07900000,-6.18549777,-0.10649777,0.10649777
187,Lidocaine,CCN(CC(=O)Nc1c(C)cccc1C)CC,CCN(CC)CC(=O)Nc1c(C)cccc1C,-6.07900000,-5.88534401,0.19365599,0.19365599
188,Naphthol,Oc1cccc2c1cccc2,Oc1cccc2ccccc12,-5.14100000,-5.35537289,-0.21437289,0.21437289
189,1-Octanol,CCCCCCCCO,CCCCCCCCO,-4.71100000,-4.97705834,-0.26605834,0.26605834
190,Progesterone,O=C1CC[C@]2(C(=C1)CC[C@@H]1[C@@H]2CC[C@]2([C@H]1CC[C@@H]2C(=O)C)C)C,CC(=O)[C@H]1CC[C@H]2[C@@H]3CCC4=CC(=O)CC[C@]4(C)[C@H]3CC[C@]12C,-5.25500000,-5.44923622,-0.19423622,0.19423622
191,Testosterone,O=C1CC[C@]2(C(=C1)CC[C@@H]1[C@@H]2CC[C@]2([C@H]1CC[C@@H]2O)C)C,C[C@]12CC[C@H]3[C@@H](CCC4=CC(=O)CC[C@@]43C)[C@@H]1CC[C@@H]2O,-6.21400000,-5.85758422,0.35641578,0.35641578
194,Atenolol,OC(COc1ccc(cc1)CC(=O)N)CNC(C)C,CC(C)NCC(O)COc1ccc(CC(N)=O)cc1,-7.85700000,-8.42780820,-0.57080820,0.57080820
195,Metoprolol,COCCc1ccc(cc1)OCC(CNC(C)C)O,COCCc1ccc(OCC(O)CNC(C)C)cc1,-6.63700000,-6.76341627,-0.12641627,0.12641627
196,Oxprenolol,C=CCOc1ccccc1OCC(CNC(C)C)O,C=CCOc1ccccc1OCC(O)CNC(C)C,-6.36900000,-6.90720309,-0.53820309,0.53820309
197,Propranolol,OC(COc1cccc2c1cccc2)CNC(C)C,CC(C)NCC(O)COc1cccc2ccccc12,-6.30600000,-5.96494663,0.34105337,0.34105337
198,Mannitol,OC[C@H]([C@H]([C@@H]([C@@H](CO)O)O)O)O,OC[C@@H](O)[C@@H](O)[C@H](O)[C@H](O)CO,-7.81000000,-8.04634944,-0.23634944,0.23634944
199,Raffinose,OC[C@H]1O[C@@]([C@H]([C@@H]1O)O)(CO)O[C@H]1O[C@H](CO[C@H]2O[C@H](CO)[C@@H]([C@@H]([C@H]2O)O)O)[C@H]([C@@H]([C@H]1O)O)O,OC[C@H]1O[C@H](OC[C@H]2O[C@H](O[C@]3(CO)O[C@H](CO)[C@@H](O)[C@@H]3O)[C@H](O)[C@@H](O)[C@@H]2O)[C@H](O)[C@@H](O)[C@H]1O,-8.20800000,-8.23540226,-0.02740226,0.02740226
200,Sucrose,OC[C@H]1O[C@@]([C@H]([C@@H]1O)O)(CO)O[C@H]1O[C@H](CO)[C@H]([C@@H]([C@H]1O)O)O,OC[C@H]1O[C@@](CO)(O[C@H]2O[C@H](CO)[C@@H](O)[C@H](O)[C@H]2O)[C@@H](O)[C@@H]1O,-8.07500000,-7.97987321,0.09512679,0.09512679
201,Urea,NC(=O)N,NC(N)=O,-7.31700000,-7.38389970,-0.06689970,0.06689970
204,Testosterone,O=C1CC[C@]2(C(=C1)CC[C@@H]1[C@@H]2CC[C@]2([C@H]1CC[C@@H]2O)C)C,C[C@]12CC[C@H]3[C@@H](CCC4=CC(=O)CC[C@@]43C)[C@@H]1CC[C@@H]2O,-5.85600000,-5.85555093,0.00044907,0.00044907
205,"2,4,6-Trichlorophenol",Clc1cc(Cl)c(c(c1)Cl)O,Oc1c(Cl)cc(Cl)cc1Cl,-4.78300000,-4.99951539,-0.21651539,0.21651539
206,"2,4-Dichlorophenol",Clc1ccc(c(c1)Cl)O,Oc1ccc(Cl)cc1Cl,-4.77800000,-5.01332283,-0.23532283,0.23532283
207,o-Chlorophenol,Oc1ccccc1Cl,Oc1ccccc1Cl,-5.03700000,-5.02627971,0.01072029,0.01072029
208,o-Cresol,Cc1ccccc1O,Cc1ccccc1O,-5.36000000,-5.30157480,0.05842520,0.05842520
209,"3,4-Xylenol",Oc1ccc(c(c1)C)C,Cc1ccc(O)cc1C,-5.00000000,-5.27410947,-0.27410947,0.27410947
210,m-Cresol,Cc1cccc(c1)O,Cc1cccc(O)c1,-5.37300000,-5.46026194,-0.08726194,0.08726194
211,m-Nitrophenol,Oc1cccc(c1)[N+](=O)[O-],O=[N+]([O-])c1cccc(O)c1,-5.80500000,-5.50417222,0.30082778,0.30082778
213,p-Chlorophenol,Oc1ccc(cc1)Cl,Oc1ccc(Cl)cc1,-4.99600000,-5.17547083,-0.17947083,0.17947083
214,p-Cresol,Cc1ccc(cc1)O,Cc1ccc(O)cc1,-5.31300000,-5.47899708,-0.16599708,0.16599708
215,p-Ethylphenol,CCc1ccc(cc1)O,CCc1ccc(O)cc1,-5.01400000,-4.94452336,0.06947664,0.06947664
216,p-Nitrophenol,Oc1ccc(cc1)[N+](=O)[O-],O=[N+]([O-])c1ccc(O)cc1,-5.81000000,-5.54487116,0.26512884,0.26512884
217,2-Naphthol,Oc1ccc2c(c1)cccc2,Oc1ccc2ccccc2c1,-5.11100000,-5.45788241,-0.34688241,0.34688241
218,Chlorocresol,Cc1c(O)cccc1Cl,Cc1c(O)cccc1Cl,-4.81600000,-4.74897998,0.06702002,0.06702002
219,Chloroxylenol,Cc1ccc(c(c1C)O)Cl,Cc1ccc(Cl)c(O)c1C,-4.78500000,-4.80347807,-0.01847807,0.01847807
220,Methyl 4-hydroxybenzoate,COC(=O)c1ccc(cc1)O,COC(=O)c1ccc(O)cc1,-5.59600000,-5.45936904,0.13663096,0.13663096
221,Phenol,Oc1ccccc1,Oc1ccccc1,-5.61400000,-5.75015071,-0.13615071,0.13615071
223,Thymol,Cc1ccc(c(c1)O)C(C)C,Cc1ccc(C(C)C)c(O)c1,-4.83400000,-4.77677153,0.05722847,0.05722847
224,4-Cyanophenol,N#Cc1ccc(cc1)O,N#Cc1ccc(O)cc1,-5.73100000,-5.67334015,0.05765985,0.05765985
225,Methyl 4-hydroxybenzoate,COC(=O)c1ccc(cc1)O,COC(=O)c1ccc(O)cc1,-5.63400000,-5.35218262,0.28181738,0.28181738
227,Fentanyl,CCC(=O)N(c1ccccc1)C1CCN(CC1)CCc1ccccc1,CCC(=O)N(c1ccccc1)C1CCN(CCc2ccccc2)CC1,-5.80800000,-5.37103478,0.43696522,0.43696522
231,Sufentanil,COCC1(CCN(CC1)CCc1cccs1)N(c1ccccc1)C(=O)CC,CCC(=O)N(c1ccccc1)C1(COC)CCN(CCc2cccs2)CC1,-5.47700000,-5.60751036,-0.13051036,0.13051036
232,Fentanyl,CCC(=O)N(c1ccccc1)C1CCN(CC1)CCc1ccccc1,CCC(=O)N(c1ccccc1)C1CCN(CCc2ccccc2)CC1,-5.50300000,-5.37103478,0.13196522,0.13196522
233,Sufentanil,COCC1(CCN(CC1)CCc1cccs1)N(c1ccccc1)C(=O)CC,CCC(=O)N(c1ccccc1)C1(COC)CCN(CCc2cccs2)CC1,-5.37400000,-5.60751036,-0.23351036,0.23351036
235,Ethyl p-aminobenzoate,CCOC(=O)c1ccc(cc1)N,CCOC(=O)c1ccc(N)cc1,-5.25500000,-5.77995924,-0.52495924,0.52495924
239,1-Butanol,CCCCO,CCCCO,-6.15800000,-5.71674415,0.44125585,0.44125585
240,Ethanol,CCO,CCO,-6.55600000,-6.57420302,-0.01820302,0.01820302
241,1-Heptanol,CCCCCCCO,CCCCCCCO,-5.05100000,-5.10147858,-0.05047858,0.05047858
242,1-Hexanol,CCCCCCO,CCCCCCO,-5.44200000,-5.24574989,0.19625011,0.19625011
243,Methanol,CO,CO,-6.55600000,-6.70882518,-0.15282518,0.15282518
244,1-Octanol,CCCCCCCCO,CCCCCCCCO,-4.84000000,-4.97705834,-0.13705834,0.13705834
245,1-Pentanol,CCCCCO,CCCCCO,-5.77800000,-5.47851718,0.29948282,0.29948282
246,1-Propanol,CCCO,CCCO,-6.41000000,-6.05366359,0.35633641,0.35633641
248,Butan-2-one,CCC(=O)C,CCC(C)=O,-5.90300000,-5.63392497,0.26907503,0.26907503
250,Diethyl ether,CCOCC,CCOCC,-5.32500000,-5.67515992,-0.35015992,0.35015992
251,1-Butanol,CCCCO,CCCCO,-6.07900000,-5.74075343,0.33824657,0.33824657
252,1-Heptanol,CCCCCCCO,CCCCCCCO,-4.98100000,-5.13222064,-0.15122064,0.15122064
253,1-Propanol,CCCO,CCCO,-6.32600000,-6.07870786,0.24729214,0.24729214
255,Cortexolone,OCC(=O)C1(O)CCC2C1(C)CCC1C2CCC2=CC(=O)CCC12C,CC12CCC(=O)C=C1CCC1C2CCC2(C)C1CCC2(O)C(=O)CO,-7.68100000,-7.30006173,0.38093827,0.38093827
261,Estrone,Oc1ccc2c(c1)CC[C@@H]1[C@@H]2CC[C@]2([C@H]1CCC2=O)C,C[C@]12CC[C@@H]3c4ccc(O)cc4CC[C@H]3[C@@H]1CCC2=O,-6.00000000,-6.08721240,-0.08721240,0.08721240
263,Hydroxypregnenolone,CC(=O)[C@H]1CC[C@@H]2[C@]1(C)CC[C@H]1[C@H]2CC=C2[C@]1(C)CCC(C2)(O)O,CC(=O)[C@H]1CC[C@H]2[C@@H]3CC=C4CC(O)(O)CC[C@]4(C)[C@H]3CC[C@]12C,-6.77800000,-6.63995391,0.13804609,0.13804609
264,17-Hydroxyprogesterone,O=C1CC[C@]2(C(=C1)CC[C@@H]1[C@@H]2CC[C@]2([C@H]1CC[C@]2(O)C(=O)C)C)C,CC(=O)[C@@]1(O)CC[C@H]2[C@@H]3CCC4=CC(=O)CC[C@]4(C)[C@H]3CC[C@@]21C,-6.77800000,-7.05692928,-0.27892928,0.27892928
276,1-Butanol,CCCCO,CCCCO,-6.15800000,-5.80739221,0.35060779,0.35060779
278,1-Decanol,CCCCCCCCCCO,CCCCCCCCCCO,-4.65300000,-5.07071133,-0.41771133,0.41771133
279,Ethanol,CCO,CCO,-6.69900000,-6.66879695,0.03020305,0.03020305
280,Ethanol,CCO,CCO,-6.65300000,-6.66879695,-0.01579695,0.01579695
281,1-Heptanol,CCCCCCCO,CCCCCCCO,-5.05100000,-5.20108380,-0.15008380,0.15008380
283,1-Hexanol,CCCCCCO,CCCCCCO,-5.44200000,-5.34172716,0.10027284,0.10027284
286,Methanol,CO,CO,-6.85700000,-6.80454989,0.05245011,0.05245011
287,1-Nonanol,CCCCCCCCCO,CCCCCCCCCO,-4.77800000,-5.06352694,-0.28552694,0.28552694
289,1-Octanol,CCCCCCCCO,CCCCCCCCO,-4.84000000,-5.07493968,-0.23493968,0.23493968
291,1-Pentanol,CCCCCO,CCCCCO,-5.77800000,-5.56839764,0.20960236,0.20960236
293,1-Propanol,CCCO,CCCO,-6.47700000,-6.14780211,0.32919789,0.32919789
295,Betamethasone-17-valerate,CCCCC(=O)OC1(C(C)CC2C1(C)CC(O)C1(C2CCC2=CC(=O)C=CC12C)F)C(=O)CO,CCCCC(=O)OC1(C(=O)CO)C(C)CC2C3CCC4=CC(=O)C=CC4(C)C3(F)C(O)CC21C,-6.49600000,-6.75547338,-0.25947338,0.25947338
298,Prednisolone,OCC(=O)[C@@]1(O)CC[C@@H]2[C@]1(C)C[C@H](O)[C@H]1[C@H]2CCC2=CC(=O)C=C[C@]12C,C[C@]12C=CC(=O)C=C1CC[C@@H]1[C@@H]2[C@@H](O)C[C@@]2(C)[C@H]1CC[C@]2(O)C(=O)CO,-7.90600000,-7.64371324,0.26228676,0.26228676
300,Triamcinolone,OCC(=O)[C@@]1(O)[C@H](O)C[C@@H]2[C@]1(C)C[C@H](O)[C@]1([C@H]2CCC2=CC(=O)C=C[C@]12C)F,C[C@]12C=CC(=O)C=C1CC[C@H]1[C@@H]3C[C@@H](O)[C@](O)(C(=O)CO)[C@@]3(C)C[C@H](O)[C@@]12F,-8.95600000,-8.83282083,0.12317917,0.12317917
302,Flurbiprofen,OC(=O)C(c1ccc(c(c1)F)c1ccccc1)C,CC(C(=O)O)c1ccc(-c2ccccc2)c(F)c1,-5.33100000,-5.81295671,-0.48195671,0.48195671
303,Flurbiprofen glucoside,OC1O[C@H](COC(=O)C(c2ccc(c(c2)F)c2ccccc2)C)[C@H]([C@@H]([C@H]1O)O)O,CC(C(=O)OC[C@H]1OC(O)[C@H](O)[C@@H](O)[C@@H]1O)c1ccc(-c2ccccc2)c(F)c1,-6.47700000,-6.14235083,0.33464917,0.33464917
306,Ibuprofen glucoside,CC(Cc1ccc(cc1)C(C(=O)OC[C@H]1OC(O)[C@@H]([C@H]([C@@H]1O)O)O)C)C,CC(C)Cc1ccc(C(C)C(=O)OC[C@H]2OC(O)[C@H](O)[C@@H](O)[C@@H]2O)cc1,-6.94500000,-6.55372160,0.39127840,0.39127840
307,Ibuprofen mannoside,CC(Cc1ccc(cc1)C(C(=O)OC[C@H]1OC(O)[C@H]([C@H]([C@@H]1O)O)O)C)C,CC(C)Cc1ccc(C(C)C(=O)OC[C@H]2OC(O)[C@@H](O)[C@@H](O)[C@@H]2O)cc1,-6.54800000,-6.55372160,-0.00572160,0.00572160
308,Ketoprofen,OC(=O)C(c1cccc(c1)C(=O)c1ccccc1)C,CC(C(=O)O)c1cccc(C(=O)c2ccccc2)c1,-6.15100000,-6.64593251,-0.49493251,0.49493251
325,Dichloroacetonitrile,ClC(C#N)Cl,N#CC(Cl)Cl,-4.38000000,-4.40257668,-0.02257668,0.02257668
327,Haloperidol,Fc1ccc(cc1)C(=O)CCCN1CCC(CC1)(O)c1ccc(cc1)Cl,O=C(CCCN1CCC(O)(c2ccc(Cl)cc2)CC1)c1ccc(F)cc1,-7.03000000,-6.78358036,0.24641964,0.24641964
333,Ethylene glycol mono methyl ether acetate,COCCOC(=O)C,COCCOC(C)=O,-6.29900000,-5.80573126,0.49326874,0.49326874
334,2-Propoxyethanol,CCCOCCO,CCCOCCO,-6.54300000,-6.14271380,0.40028620,0.40028620
348,Bromoacetic acid,OC(=O)CBr,O=C(O)CBr,-6.41000000,-6.94284445,-0.53284445,0.53284445
349,Bromochloroacetic acid,OC(=O)C(Br)Cl,O=C(O)C(Cl)Br,-6.35200000,-5.84891366,0.50308634,0.50308634
350,Bromodichloromethane,ClC(Br)Cl,ClC(Cl)Br,-4.30100000,-4.41834079,-0.11734079,0.11734079
352,Chloroacetic acid,OC(=O)CCl,O=C(O)CCl,-6.51500000,-6.09860060,0.41639940,0.41639940
358,2-Naphthol,Oc1ccc2c(c1)cccc2,Oc1ccc2ccccc2c1,-4.75700000,-5.34927818,-0.59227818,0.59227818
359,4-Propoxyphenol,CCCOc1ccc(cc1)O,CCCOc1ccc(O)cc1,-5.38000000,-5.01464836,0.36535164,0.36535164
360,Carvacrol,CC(c1ccc(c(c1)O)C)C,Cc1ccc(C(C)C)cc1O,-4.81000000,-4.72785319,0.08214681,0.08214681
361,Chlorocresol,Cc1c(O)cccc1Cl,Cc1c(O)cccc1Cl,-5.00000000,-4.64429224,0.35570776,0.35570776
362,Chloroxylenol,Cc1ccc(c(c1C)O)Cl,Cc1ccc(Cl)c(O)c1C,-4.65100000,-4.70098038,-0.04998038,0.04998038
363,Methyl 4-hydroxybenzoate,COC(=O)c1ccc(cc1)O,COC(=O)c1ccc(O)cc1,-5.63200000,-5.35218262,0.27981738,0.27981738
364,Methyl salicylate,COC(=O)c1ccccc1O,COC(=O)c1ccccc1O,-5.00000000,-5.19657120,-0.19657120,0.19657120
365,o-t-Butylphenol,Oc1ccccc1C(C)(C)C,CC(C)(C)c1ccccc1O,-4.68500000,-4.65550557,0.02949443,0.02949443
366,p-n-Butylphenol,CCCCc1ccc(cc1)O,CCCCc1ccc(O)cc1,-4.67100000,-4.55429569,0.11670431,0.11670431
367,Thymol,Cc1ccc(c(c1)O)C(C)C,Cc1ccc(C(C)C)c(O)c1,-4.77000000,-4.66944896,0.10055104,0.10055104
369,1-Hexanol,CCCCCCO,CCCCCCO,-4.85900000,-5.25789614,-0.39889614,0.39889614
371,1-Hexanol,CCCCCCO,CCCCCCO,-5.11400000,-5.25789614,-0.14389614,0.14389614
379,Caffeine,Cn1cnc2c1c(=O)n(C)c(=O)n2C,Cn1c(=O)c2c(ncn2C)n(C)c1=O,-6.82800000,-7.41807923,-0.59007923,0.59007923
380,Testosterone,O=C1CC[C@]2(C(=C1)CC[C@@H]1[C@@H]2CC[C@]2([C@H]1CC[C@@H]2O)C)C,C[C@]12CC[C@H]3[C@@H](CCC4=CC(=O)CC[C@@]43C)[C@@H]1CC[C@@H]2O,-5.73000000,-5.85555093,-0.12555093,0.12555093
383,Mannitol,OC[C@H]([C@H]([C@@H]([C@@H](CO)O)O)O)O,OC[C@@H](O)[C@@H](O)[C@H](O)[C@H](O)CO,-8.15800000,-8.10715738,0.05084262,0.05084262
384,Mannitol,OC[C@H]([C@H]([C@@H]([C@@H](CO)O)O)O)O,OC[C@@H](O)[C@@H](O)[C@H](O)[C@H](O)CO,-7.92300000,-8.10715738,-0.18415738,0.18415738
386,Trimethylamine,CN(C)C,CN(C)C,-7.28400000,-6.82250944,0.46149056,0.46149056
389,Lidocaine,CCN(CC(=O)Nc1c(C)cccc1C)CC,CCN(CC)CC(=O)Nc1c(C)cccc1C,-5.70700000,-5.88534401,-0.17834401,0.17834401
390,Lidocaine,CCN(CC(=O)Nc1c(C)cccc1C)CC,CCN(CC)CC(=O)Nc1c(C)cccc1C,-5.53000000,-5.88534401,-0.35534401,0.35534401
394,5-Fluorouracil,Fc1c[nH]c(=O)[nH]c1=O,O=c1[nH]cc(F)c(=O)[nH]1,-8.01500000,-8.28920920,-0.27420920,0.27420920
396,Hydrocortisone,OCC(=O)[C@@]1(O)CC[C@@H]2[C@]1(C)C[C@H](O)[C@H]1[C@H]2CCC2=CC(=O)CC[C@]12C,C[C@]12CCC(=O)C=C1CC[C@@H]1[C@@H]2[C@@H](O)C[C@@]2(C)[C@H]1CC[C@]2(O)C(=O)CO,-7.35700000,-7.40378267,-0.04678267,0.04678267
397,Hydrocortisone,OCC(=O)[C@@]1(O)CC[C@@H]2[C@]1(C)C[C@H](O)[C@H]1[C@H]2CCC2=CC(=O)CC[C@]12C,C[C@]12CCC(=O)C=C1CC[C@@H]1[C@@H]2[C@@H](O)C[C@@]2(C)[C@H]1CC[C@]2(O)C(=O)CO,-7.35700000,-7.40378267,-0.04678267,0.04678267
398,Hydrocortisone,OCC(=O)[C@@]1(O)CC[C@@H]2[C@]1(C)C[C@H](O)[C@H]1[C@H]2CCC2=CC(=O)CC[C@]12C,C[C@]12CCC(=O)C=C1CC[C@@H]1[C@@H]2[C@@H](O)C[C@@]2(C)[C@H]1CC[C@]2(O)C(=O)CO,-7.43100000,-7.40378267,0.02721733,0.02721733
399,Hydrocortisone,OCC(=O)[C@@]1(O)CC[C@@H]2[C@]1(C)C[C@H](O)[C@H]1[C@H]2CCC2=CC(=O)CC[C@]12C,C[C@]12CCC(=O)C=C1CC[C@@H]1[C@@H]2[C@@H](O)C[C@@]2(C)[C@H]1CC[C@]2(O)C(=O)CO,-7.68100000,-7.40378267,0.27721733,0.27721733
400,Hydrocortisone,OCC(=O)[C@@]1(O)CC[C@@H]2[C@]1(C)C[C@H](O)[C@H]1[C@H]2CCC2=CC(=O)CC[C@]12C,C[C@]12CCC(=O)C=C1CC[C@@H]1[C@@H]2[C@@H](O)C[C@@]2(C)[C@H]1CC[C@]2(O)C(=O)CO,-7.57700000,-7.40378267,0.17321733,0.17321733
401,Testosterone,O=C1CC[C@]2(C(=C1)CC[C@@H]1[C@@H]2CC[C@]2([C@H]1CC[C@@H]2O)C)C,C[C@]12CC[C@H]3[C@@H](CCC4=CC(=O)CC[C@@]43C)[C@@H]1CC[C@@H]2O,-5.48900000,-5.79302042,-0.30402042,0.30402042
402,Testosterone,O=C1CC[C@]2(C(=C1)CC[C@@H]1[C@@H]2CC[C@]2([C@H]1CC[C@@H]2O)C)C,C[C@]12CC[C@H]3[C@@H](CCC4=CC(=O)CC[C@@]43C)[C@@H]1CC[C@@H]2O,-5.47600000,-5.79302042,-0.31702042,0.31702042
403,Testosterone,O=C1CC[C@]2(C(=C1)CC[C@@H]1[C@@H]2CC[C@]2([C@H]1CC[C@@H]2O)C)C,C[C@]12CC[C@H]3[C@@H](CCC4=CC(=O)CC[C@@]43C)[C@@H]1CC[C@@H]2O,-5.48900000,-5.79302042,-0.30402042,0.30402042
404,Testosterone,O=C1CC[C@]2(C(=C1)CC[C@@H]1[C@@H]2CC[C@]2([C@H]1CC[C@@H]2O)C)C,C[C@]12CC[C@H]3[C@@H](CCC4=CC(=O)CC[C@@]43C)[C@@H]1CC[C@@H]2O,-5.47600000,-5.79302042,-0.31702042,0.31702042
405,Testosterone,O=C1CC[C@]2(C(=C1)CC[C@@H]1[C@@H]2CC[C@]2([C@H]1CC[C@@H]2O)C)C,C[C@]12CC[C@H]3[C@@H](CCC4=CC(=O)CC[C@@]43C)[C@@H]1CC[C@@H]2O,-5.59600000,-5.79302042,-0.19702042,0.19702042
414,1-Hexanol,CCCCCCO,CCCCCCO,-4.88800000,-5.25789614,-0.36989614,0.36989614
416,Ethanol,CCO,CCO,-6.35200000,-6.52871811,-0.17671811,0.17671811
417,1-Butanol,CCCCO,CCCCO,-5.81600000,-5.67655391,0.13944609,0.13944609
419,1-Hexanol,CCCCCCO,CCCCCCO,-5.77800000,-5.21145361,0.56654639,0.56654639
422,1-Butanol,CCCCO,CCCCO,-5.19300000,-5.67655391,-0.48355391,0.48355391
424,1-Hexanol,CCCCCCO,CCCCCCO,-5.63700000,-5.21145361,0.42554639,0.42554639
426,2-Amino-4-Nitrophenol,[O-][N+](=O)c1ccc(c(c1)N)O,Nc1cc([N+](=O)[O-])ccc1O,-6.73700000,-6.16169989,0.57530011,0.57530011
427,4-Amino-2-Nitrophenol,Nc1ccc(c(c1)[N+](=O)[O-])O,Nc1ccc(O)c([N+](=O)[O-])c1,-6.10900000,-6.31596191,-0.20696191,0.20696191
429,1-Octanol,CCCCCCCCO,CCCCCCCCO,-4.83300000,-4.97705834,-0.14405834,0.14405834
430,1-Octyl-2-Pyrrolidone,CCCCCCCCN1CCCC1=O,CCCCCCCCN1CCCC1=O,-4.81000000,-5.07924173,-0.26924173,0.26924173
435,Flufenamic acid,OC(=O)c1ccccc1Nc1cccc(c1)C(F)(F)F,O=C(O)c1ccccc1Nc1cccc(C(F)(F)F)c1,-6.20100000,-5.73102521,0.46997479,0.46997479
436,Flufenamic acid,OC(=O)c1ccccc1Nc1cccc(c1)C(F)(F)F,O=C(O)c1ccccc1Nc1cccc(C(F)(F)F)c1,-6.09400000,-5.73102521,0.36297479,0.36297479
437,Flufenamic acid,OC(=O)c1ccccc1Nc1cccc(c1)C(F)(F)F,O=C(O)c1ccccc1Nc1cccc(C(F)(F)F)c1,-6.11100000,-5.73102521,0.37997479,0.37997479
438,L-alanyl-L-tryptophan,OC(=O)[C@H](Cc1c[nH]c2c1cccc2)NC(=O)[C@@H](N)C,C[C@H](N)C(=O)N[C@@H](Cc1c[nH]c2ccccc12)C(=O)O,-8.63700000,-8.55470542,0.08229458,0.08229458
446,1-Heptanol,CCCCCCCO,CCCCCCCO,-5.15800000,-5.20108380,-0.04308380,0.04308380
448,1-Hexanol,CCCCCCO,CCCCCCO,-5.25500000,-5.34172716,-0.08672716,0.08672716
452,1-Octanol,CCCCCCCCO,CCCCCCCCO,-5.14100000,-5.07493968,0.06606032,0.06606032
454,1-Pentanol,CCCCCO,CCCCCO,-5.17600000,-5.56839764,-0.39239764,0.39239764
457,1-Propanol,CCCO,CCCO,-6.30100000,-6.14780211,0.15319789,0.15319789
460,Fentanyl,CCC(=O)N(c1ccccc1)C1CCN(CC1)CCc1ccccc1,CCC(=O)N(c1ccccc1)C1CCN(CCc2ccccc2)CC1,-5.84900000,-5.37103478,0.47796522,0.47796522
461,Fentanyl,CCC(=O)N(c1ccccc1)C1CCN(CC1)CCc1ccccc1,CCC(=O)N(c1ccccc1)C1CCN(CCc2ccccc2)CC1,-5.70500000,-5.37103478,0.33396522,0.33396522
462,Fentanyl,CCC(=O)N(c1ccccc1)C1CCN(CC1)CCc1ccccc1,CCC(=O)N(c1ccccc1)C1CCN(CCc2ccccc2)CC1,-5.45200000,-5.37103478,0.08096522,0.08096522
463,Fentanyl,CCC(=O)N(c1ccccc1)C1CCN(CC1)CCc1ccccc1,CCC(=O)N(c1ccccc1)C1CCN(CCc2ccccc2)CC1,-5.20600000,-5.37103478,-0.16503478,0.16503478
464,Fentanyl,CCC(=O)N(c1ccccc1)C1CCN(CC1)CCc1ccccc1,CCC(=O)N(c1ccccc1)C1CCN(CCc2ccccc2)CC1,-5.11500000,-5.37103478,-0.25603478,0.25603478
465,Fentanyl,CCC(=O)N(c1ccccc1)C1CCN(CC1)CCc1ccccc1,CCC(=O)N(c1ccccc1)C1CCN(CCc2ccccc2)CC1,-5.01300000,-5.37103478,-0.35803478,0.35803478
466,Fentanyl,CCC(=O)N(c1ccccc1)C1CCN(CC1)CCc1ccccc1,CCC(=O)N(c1ccccc1)C1CCN(CCc2ccccc2)CC1,-5.03900000,-5.37103478,-0.33203478,0.33203478
468,Sufentanil,COCC1(CCN(CC1)CCc1cccs1)N(c1ccccc1)C(=O)CC,CCC(=O)N(c1ccccc1)C1(COC)CCN(CCc2cccs2)CC1,-6.15800000,-5.60751036,0.55048964,0.55048964
469,Sufentanil,COCC1(CCN(CC1)CCc1cccs1)N(c1ccccc1)C(=O)CC,CCC(=O)N(c1ccccc1)C1(COC)CCN(CCc2cccs2)CC1,-5.76400000,-5.60751036,0.15648964,0.15648964
470,Sufentanil,COCC1(CCN(CC1)CCc1cccs1)N(c1ccccc1)C(=O)CC,CCC(=O)N(c1ccccc1)C1(COC)CCN(CCc2cccs2)CC1,-5.55200000,-5.60751036,-0.05551036,0.05551036
471,Sufentanil,COCC1(CCN(CC1)CCc1cccs1)N(c1ccccc1)C(=O)CC,CCC(=O)N(c1ccccc1)C1(COC)CCN(CCc2cccs2)CC1,-5.36000000,-5.60751036,-0.24751036,0.24751036
472,Sufentanil,COCC1(CCN(CC1)CCc1cccs1)N(c1ccccc1)C(=O)CC,CCC(=O)N(c1ccccc1)C1(COC)CCN(CCc2cccs2)CC1,-5.19300000,-5.60751036,-0.41451036,0.41451036
473,Sufentanil,COCC1(CCN(CC1)CCc1cccs1)N(c1ccccc1)C(=O)CC,CCC(=O)N(c1ccccc1)C1(COC)CCN(CCc2cccs2)CC1,-5.08200000,-5.60751036,-0.52551036,0.52551036
474,Sufentanil,COCC1(CCN(CC1)CCc1cccs1)N(c1ccccc1)C(=O)CC,CCC(=O)N(c1ccccc1)C1(COC)CCN(CCc2cccs2)CC1,-5.01800000,-5.60751036,-0.58951036,0.58951036
475,Sufentanil,COCC1(CCN(CC1)CCc1cccs1)N(c1ccccc1)C(=O)CC,CCC(=O)N(c1ccccc1)C1(COC)CCN(CCc2cccs2)CC1,-5.02900000,-5.60751036,-0.57851036,0.57851036
476,Caffeine,Cn1cnc2c1c(=O)n(C)c(=O)n2C,Cn1c(=O)c2c(ncn2C)n(C)c1=O,-7.14500000,-7.41807923,-0.27307923,0.27307923
477,Salicylic acid,OC(=O)c1ccccc1O,O=C(O)c1ccccc1O,-6.21600000,-6.64600728,-0.43000728,0.43000728
482,Estradiol,Oc1ccc2c(c1)CC[C@@H]1[C@@H]2CC[C@]2([C@H]1CC[C@@H]2O)C,C[C@]12CC[C@@H]3c4ccc(O)cc4CC[C@H]3[C@@H]1CC[C@@H]2O,-6.55600000,-6.18337510,0.37262490,0.37262490
488,2-Methoxyethanol,COCCO,COCCO,-6.09500000,-6.54555962,-0.45055962,0.45055962
489,2-Ethoxyethanol,OCCOCC,CCOCCO,-6.63100000,-6.47610182,0.15489818,0.15489818
497,Ethanol,CCO,CCO,-7.05500000,-6.59863716,0.45636284,0.45636284
498,Mannitol,OC[C@H]([C@H]([C@@H]([C@@H](CO)O)O)O)O,OC[C@@H](O)[C@@H](O)[C@H](O)[C@H](O)CO,-7.77100000,-8.13267668,-0.36167668,0.36167668
502,n-Nitrosodiethanolamine,OCCN(N=O)CCO,O=NN(CCO)CCO,-5.94400000,-6.50803695,-0.56403695,0.56403695
503,Nicorandil,[O-][N+](=O)OCCNC(=O)c1cccnc1,O=C(NCCO[N+](=O)[O-])c1cccnc1,-7.13100000,-6.61166077,0.51933923,0.51933923
504,Methanol,CO,CO,-6.35200000,-6.73379673,-0.38179673,0.38179673
505,1-Octanol,CCCCCCCCO,CCCCCCCCO,-4.77100000,-5.00551893,-0.23451893,0.23451893
507,Methotrexate,OC(=O)CC[C@@H](C(=O)O)NC(=O)c1ccc(cc1)N(Cc1cnc2c(n1)c(N)nc(n2)N)C,CN(Cc1cnc2nc(N)nc(N)c2n1)c1ccc(C(=O)N[C@@H](CCC(=O)O)C(=O)O)cc1,-7.00700000,-7.11896315,-0.11196315,0.11196315
508,Methotrexate,OC(=O)CC[C@@H](C(=O)O)NC(=O)c1ccc(cc1)N(Cc1cnc2c(n1)c(N)nc(n2)N)C,CN(Cc1cnc2nc(N)nc(N)c2n1)c1ccc(C(=O)N[C@@H](CCC(=O)O)C(=O)O)cc1,-7.50300000,-7.11896315,0.38403685,0.38403685
509,Methotrexate,OC(=O)CC[C@@H](C(=O)O)NC(=O)c1ccc(cc1)N(Cc1cnc2c(n1)c(N)nc(n2)N)C,CN(Cc1cnc2nc(N)nc(N)c2n1)c1ccc(C(=O)N[C@@H](CCC(=O)O)C(=O)O)cc1,-7.20900000,-7.11896315,0.09003685,0.09003685
510,Methotrexate,OC(=O)CC[C@@H](C(=O)O)NC(=O)c1ccc(cc1)N(Cc1cnc2c(n1)c(N)nc(n2)N)C,CN(Cc1cnc2nc(N)nc(N)c2n1)c1ccc(C(=O)N[C@@H](CCC(=O)O)C(=O)O)cc1,-6.61300000,-7.11896315,-0.50596315,0.50596315
511,Methotrexate,OC(=O)CC[C@@H](C(=O)O)NC(=O)c1ccc(cc1)N(Cc1cnc2c(n1)c(N)nc(n2)N)C,CN(Cc1cnc2nc(N)nc(N)c2n1)c1ccc(C(=O)N[C@@H](CCC(=O)O)C(=O)O)cc1,-6.80700000,-7.11896315,-0.31196315,0.31196315
513,Methotrexate,OC(=O)CC[C@@H](C(=O)O)NC(=O)c1ccc(cc1)N(Cc1cnc2c(n1)c(N)nc(n2)N)C,CN(Cc1cnc2nc(N)nc(N)c2n1)c1ccc(C(=O)N[C@@H](CCC(=O)O)C(=O)O)cc1,-6.84000000,-7.11896315,-0.27896315,0.27896315
515,2-Phenylphenol,Oc1ccccc1c1ccccc1,Oc1ccccc1-c1ccccc1,-5.29400000,-5.26318478,0.03081522,0.03081522
520,Etorphine,CCCC(C1CC23C=CC1(OC)C1C43CCN(C2Cc2c4c(O1)c(O)cc2)C)(O)C,CCCC(C)(O)C1CC23C=CC1(OC)C1Oc4c(O)ccc5c4C12CCN(C)C3C5,-6.00000000,-5.95764199,0.04235801,0.04235801
534,Caffeine,Cn1cnc2c1c(=O)n(C)c(=O)n2C,Cn1c(=O)c2c(ncn2C)n(C)c1=O,-6.91500000,-7.41807923,-0.50307923,0.50307923
543,"4,4'-Methylenedianiline",Nc1ccc(cc1)Cc1ccc(cc1)N,Nc1ccc(Cc2ccc(N)cc2)cc1,-6.21900000,-6.59761496,-0.37861496,0.37861496
